OrderID,OrderDate,ShipDate,StoreID,CustomerID,ProductID,Quantity,UnitPrice,Discount,SalesAmount
O000001,2024-01-01,2024-01-02,S005,C00448,P0027,1,1580,0,1580
O000002,2024-01-01,2024-01-04,S008,C00241,P0011,1,6980,0,6980
O000003,2024-01-01,2024-01-01,S002,C00472,P0017,2,16800,0,33600
O000004,2024-01-01,2024-01-02,S003,C00333,P0022,1,6460,0.05,6460
O000005,2024-01-01,2024-01-04,S014,C00550,P0018,1,5605,0.05,5605
O000006,2024-01-02,2024-01-04,S005,C00213,P0023,2,1881,0.05,3762
O000007,2024-01-02,2024-01-02,S007,C00257,P0018,1,5605,0.05,5605
O000008,2024-01-02,2024-01-02,S002,C00003,P0018,1,5900,0,5900
O000009,2024-01-02,2024-01-07,S014,C00232,P0030,2,780,0,1560
O000010,2024-01-02,2024-01-02,S011,C00407,P0015,1,14060,0.05,14060
O000011,2024-01-02,2024-01-02,S001,C00224,P0028,2,3200,0,6400
O000012,2024-01-03,2024-01-03,S012,C00475,P0023,1,1980,0,1980
O000013,2024-01-03,2024-01-04,S002,C00414,P0012,1,64800,0,64800
O000014,2024-01-03,2024-01-03,S009,C00057,P0013,1,19800,0,19800
O000015,2024-01-03,2024-01-05,S013,C00047,P0004,1,112000,0,112000
O000016,2024-01-03,2024-01-08,S011,C00135,P0012,1,64800,0,64800
O000017,2024-01-03,2024-01-03,S002,C00440,P0011,2,6631,0.05,13262
O000018,2024-01-03,2024-01-08,S014,C00347,P0003,2,54000,0,108000
O000019,2024-01-03,2024-01-04,S014,C00519,P0018,1,4720,0.2,4720
O000020,2024-01-04,2024-01-05,S002,C00362,P0025,1,1501,0.05,1501
O000021,2024-01-04,2024-01-05,S012,C00474,P0010,2,29800,0,59600
O000022,2024-01-04,2024-01-04,S003,C00411,P0001,1,128000,0,128000
O000023,2024-01-04,2024-01-05,S001,C00350,P0014,1,16800,0,16800
O000024,2024-01-04,2024-01-05,S003,C00004,P0030,2,780,0,1560
O000025,2024-01-04,2024-01-04,S002,C00594,P0004,2,106400,0.05,212800
O000026,2024-01-04,2024-01-06,S007,C00073,P0030,2,780,0,1560
O000027,2024-01-05,2024-01-05,S001,C00381,P0029,1,2071,0.05,2071
O000028,2024-01-05,2024-01-05,S004,C00471,P0010,1,29800,0,29800
O000029,2024-01-05,2024-01-06,S003,C00070,P0015,2,14800,0,29600
O000030,2024-01-05,2024-01-10,S005,C00052,P0024,1,1152,0.1,1152
O000031,2024-01-05,2024-01-05,S003,C00074,P0020,1,7900,0,7900
O000032,2024-01-05,2024-01-05,S014,C00301,P0027,1,1580,0,1580
O000033,2024-01-05,2024-01-06,S004,C00516,P0003,1,51300,0.05,51300
O000034,2024-01-05,2024-01-05,S001,C00107,P0015,2,14800,0,29600
O000035,2024-01-05,2024-01-05,S014,C00189,P0003,1,54000,0,54000
O000036,2024-01-06,2024-01-06,S010,C00483,P0030,2,741,0.05,1482
O000037,2024-01-06,2024-01-06,S004,C00316,P0015,1,14800,0,14800
O000038,2024-01-06,2024-01-09,S006,C00019,P0029,1,2180,0,2180
O000039,2024-01-06,2024-01-08,S011,C00572,P0013,1,18810,0.05,18810
O000040,2024-01-06,2024-01-06,S004,C00529,P0026,1,1980,0,1980
O000041,2024-01-06,2024-01-07,S011,C00518,P0012,1,61560,0.05,61560
O000042,2024-01-06,2024-01-07,S001,C00135,P0028,1,3200,0,3200
O000043,2024-01-06,2024-01-07,S005,C00375,P0026,1,1980,0,1980
O000044,2024-01-06,2024-01-07,S007,C00499,P0007,1,32800,0,32800
O000045,2024-01-06,2024-01-07,S002,C00587,P0031,1,1311,0.05,1311
O000046,2024-01-06,2024-01-11,S006,C00119,P0007,5,32800,0,164000
O000047,2024-01-06,2024-01-06,S003,C00495,P0025,1,1501,0.05,1501
O000048,2024-01-07,2024-01-08,S006,C00243,P0002,1,238000,0,238000
O000049,2024-01-07,2024-01-07,S003,C00245,P0019,1,2980,0,2980
O000050,2024-01-07,2024-01-07,S005,C00437,P0026,10,1980,0,19800
O000051,2024-01-07,2024-01-09,S008,C00479,P0028,1,3200,0,3200
O000052,2024-01-07,2024-01-07,S014,C00592,P0002,3,238000,0,714000
O000053,2024-01-07,2024-01-09,S002,C00369,P0020,1,7505,0.05,7505
O000054,2024-01-07,2024-01-10,S014,C00142,P0029,1,2071,0.05,2071
O000055,2024-01-07,2024-01-10,S013,C00180,P0010,2,29800,0,59600
O000056,2024-01-07,2024-01-07,S014,C00548,P0029,2,2180,0,4360
O000057,2024-01-07,2024-01-12,S012,C00516,P0017,1,16800,0,16800
O000058,2024-01-07,2024-01-07,S013,C00479,P0023,2,1980,0,3960
O000059,2024-01-08,2024-01-08,S001,C00542,P0002,2,238000,0,476000
O000060,2024-01-08,2024-01-08,S014,C00356,P0027,1,1580,0,1580
O000061,2024-01-08,2024-01-08,S003,C00384,P0019,2,2980,0,5960
O000062,2024-01-08,2024-01-08,S014,C00148,P0031,1,1380,0,1380
O000063,2024-01-08,2024-01-08,S014,C00311,P0017,1,16800,0,16800
O000064,2024-01-08,2024-01-11,S009,C00579,P0021,1,5900,0,5900
O000065,2024-01-08,2024-01-10,S012,C00399,P0018,1,5900,0,5900
O000066,2024-01-09,2024-01-09,S014,C00557,P0019,10,2980,0,29800
O000067,2024-01-09,2024-01-14,S003,C00385,P0017,1,16800,0,16800
O000068,2024-01-09,2024-01-10,S002,C00376,P0011,1,6980,0,6980
O000069,2024-01-09,2024-01-09,S004,C00532,P0022,1,6800,0,6800
O000070,2024-01-10,2024-01-11,S007,C00061,P0015,3,14060,0.05,42180
O000071,2024-01-10,2024-01-12,S003,C00476,P0028,1,3200,0,3200
O000072,2024-01-10,2024-01-11,S009,C00472,P0025,1,1580,0,1580
O000073,2024-01-10,2024-01-12,S009,C00243,P0010,1,29800,0,29800
O000074,2024-01-10,2024-01-13,S014,C00440,P0023,1,1980,0,1980
O000075,2024-01-10,2024-01-12,S007,C00069,P0014,1,16800,0,16800
O000076,2024-01-10,2024-01-10,S005,C00130,P0002,1,238000,0,238000
O000077,2024-01-10,2024-01-10,S005,C00134,P0024,1,1280,0,1280
O000078,2024-01-11,2024-01-11,S014,C00210,P0023,1,1881,0.05,1881
O000079,2024-01-11,2024-01-13,S003,C00260,P0003,1,54000,0,54000
O000080,2024-01-11,2024-01-14,S005,C00104,P0029,1,2180,0,2180
O000081,2024-01-11,2024-01-12,S010,C00044,P0032,1,3980,0,3980
O000082,2024-01-11,2024-01-11,S010,C00539,P0009,2,27800,0,55600
O000083,2024-01-11,2024-01-13,S006,C00137,P0003,1,48600,0.1,48600
O000084,2024-01-11,2024-01-12,S003,C00475,P0004,1,112000,0,112000
O000085,2024-01-11,2024-01-11,S001,C00167,P0008,1,4900,0,4900
O000086,2024-01-12,2024-01-13,S008,C00315,P0024,1,1280,0,1280
O000087,2024-01-12,2024-01-15,S002,C00147,P0031,1,1380,0,1380
O000088,2024-01-12,2024-01-12,S011,C00313,P0013,1,19800,0,19800
O000089,2024-01-13,2024-01-13,S014,C00263,P0020,1,7505,0.05,7505
O000090,2024-01-13,2024-01-14,S014,C00122,P0021,1,5900,0,5900
O000091,2024-01-13,2024-01-13,S014,C00033,P0018,2,5900,0,11800
O000092,2024-01-13,2024-01-13,S005,C00071,P0009,1,27800,0,27800
O000093,2024-01-13,2024-01-13,S001,C00201,P0025,1,1580,0,1580
O000094,2024-01-13,2024-01-14,S013,C00151,P0003,1,54000,0,54000
O000095,2024-01-13,2024-01-13,S011,C00242,P0005,1,2560,0.2,2560
O000096,2024-01-13,2024-01-13,S006,C00071,P0024,2,1280,0,2560
O000097,2024-01-13,2024-01-18,S013,C00328,P0030,1,780,0,780
O000098,2024-01-13,2024-01-14,S007,C00205,P0027,1,1580,0,1580
O000099,2024-01-13,2024-01-14,S005,C00172,P0011,2,6631,0.05,13262
O000100,2024-01-14,2024-01-17,S003,C00534,P0014,1,16800,0,16800
O000101,2024-01-14,2024-01-17,S011,C00450,P0019,1,2980,0,2980
O000102,2024-01-14,2024-01-14,S009,C00084,P0009,1,26410,0.05,26410
O000103,2024-01-14,2024-01-16,S005,C00412,P0006,2,11800,0,23600
O000104,2024-01-14,2024-01-14,S005,C00455,P0029,1,2180,0,2180
O000105,2024-01-14,2024-01-16,S002,C00327,P0020,1,7900,0,7900
O000106,2024-01-14,2024-01-16,S009,C00414,P0004,1,112000,0,112000
O000107,2024-01-14,2024-01-16,S002,C00091,P0011,1,6282,0.1,6282
O000108,2024-01-15,2024-01-16,S012,C00289,P0011,1,6282,0.1,6282
O000109,2024-01-15,2024-01-16,S002,C00265,P0007,1,31160,0.05,31160
O000110,2024-01-15,2024-01-16,S001,C00280,P0025,1,1501,0.05,1501
O000111,2024-01-16,2024-01-19,S005,C00121,P0005,1,3200,0,3200
O000112,2024-01-16,2024-01-16,S008,C00015,P0022,1,6800,0,6800
O000113,2024-01-16,2024-01-18,S005,C00217,P0021,1,5900,0,5900
O000114,2024-01-16,2024-01-17,S010,C00108,P0018,3,5900,0,17700
O000115,2024-01-16,2024-01-18,S003,C00185,P0024,1,1280,0,1280
O000116,2024-01-16,2024-01-17,S002,C00495,P0017,1,16800,0,16800
O000117,2024-01-16,2024-01-16,S007,C00214,P0013,1,19800,0,19800
O000118,2024-01-17,2024-01-17,S001,C00567,P0006,1,11800,0,11800
O000119,2024-01-17,2024-01-18,S010,C00053,P0032,1,3980,0,3980
O000120,2024-01-17,2024-01-18,S007,C00104,P0020,2,7110,0.1,14220
O000121,2024-01-17,2024-01-18,S003,C00186,P0003,1,54000,0,54000
O000122,2024-01-17,2024-01-20,S005,C00039,P0007,1,32800,0,32800
O000123,2024-01-18,2024-01-19,S005,C00323,P0015,3,13320,0.1,39960
O000124,2024-01-18,2024-01-19,S012,C00005,P0018,1,5310,0.1,5310
O000125,2024-01-18,2024-01-20,S011,C00225,P0010,1,28310,0.05,28310
O000126,2024-01-18,2024-01-18,S013,C00233,P0007,1,32800,0,32800
O000127,2024-01-18,2024-01-20,S005,C00099,P0018,1,5605,0.05,5605
O000128,2024-01-18,2024-01-19,S002,C00527,P0005,1,3040,0.05,3040
O000129,2024-01-18,2024-01-18,S002,C00366,P0011,1,6980,0,6980
O000130,2024-01-18,2024-01-20,S007,C00281,P0021,1,5900,0,5900
O000131,2024-01-18,2024-01-20,S005,C00505,P0030,1,780,0,780
O000132,2024-01-19,2024-01-19,S001,C00468,P0009,3,27800,0,83400
O000133,2024-01-19,2024-01-20,S014,C00072,P0022,1,6800,0,6800
O000134,2024-01-19,2024-01-20,S002,C00115,P0007,1,31160,0.05,31160
O000135,2024-01-19,2024-01-22,S011,C00171,P0008,3,4900,0,14700
O000136,2024-01-19,2024-01-19,S009,C00416,P0031,1,1380,0,1380
O000137,2024-01-19,2024-01-20,S001,C00016,P0025,2,1580,0,3160
O000138,2024-01-19,2024-01-22,S013,C00314,P0024,1,1280,0,1280
O000139,2024-01-19,2024-01-19,S014,C00595,P0020,2,7900,0,15800
O000140,2024-01-20,2024-01-20,S013,C00554,P0023,1,1980,0,1980
O000141,2024-01-20,2024-01-23,S005,C00137,P0011,1,6980,0,6980
O000142,2024-01-20,2024-01-25,S001,C00200,P0022,2,6460,0.05,12920
O000143,2024-01-20,2024-01-20,S007,C00282,P0005,5,3200,0,16000
O000144,2024-01-20,2024-01-21,S001,C00109,P0012,1,64800,0,64800
O000145,2024-01-20,2024-01-23,S007,C00388,P0007,1,29520,0.1,29520
O000146,2024-01-20,2024-01-23,S003,C00288,P0026,1,1980,0,1980
O000147,2024-01-20,2024-01-21,S011,C00413,P0022,1,6800,0,6800
O000148,2024-01-21,2024-01-21,S007,C00361,P0010,1,29800,0,29800
O000149,2024-01-21,2024-01-23,S001,C00420,P0009,2,27800,0,55600
O000150,2024-01-21,2024-01-21,S002,C00005,P0005,1,3200,0,3200
O000151,2024-01-21,2024-01-21,S011,C00545,P0008,1,4900,0,4900
O000152,2024-01-21,2024-01-23,S012,C00161,P0025,5,1501,0.05,7505
O000153,2024-01-21,2024-01-23,S008,C00220,P0002,2,214200,0.1,428400
O000154,2024-01-21,2024-01-26,S001,C00240,P0013,1,19800,0,19800
O000155,2024-01-21,2024-01-26,S009,C00284,P0004,1,112000,0,112000
O000156,2024-01-22,2024-01-22,S007,C00085,P0009,1,27800,0,27800
O000157,2024-01-22,2024-01-22,S009,C00330,P0032,1,3980,0,3980
O000158,2024-01-22,2024-01-23,S011,C00287,P0019,1,2980,0,2980
O000159,2024-01-22,2024-01-23,S012,C00595,P0001,2,102400,0.2,204800
O000160,2024-01-22,2024-01-22,S011,C00396,P0018,2,5900,0,11800
O000161,2024-01-22,2024-01-22,S014,C00429,P0015,1,13320,0.1,13320
O000162,2024-01-23,2024-01-23,S014,C00239,P0030,1,780,0,780
O000163,2024-01-23,2024-01-28,S003,C00359,P0017,1,15960,0.05,15960
O000164,2024-01-23,2024-01-24,S012,C00304,P0012,1,64800,0,64800
O000165,2024-01-23,2024-01-24,S003,C00046,P0032,1,3582,0.1,3582
O000166,2024-01-23,2024-01-23,S014,C00280,P0005,1,2880,0.1,2880
O000167,2024-01-23,2024-01-25,S002,C00299,P0011,5,6631,0.05,33155
O000168,2024-01-23,2024-01-26,S012,C00033,P0003,1,54000,0,54000
O000169,2024-01-23,2024-01-24,S010,C00433,P0023,1,1980,0,1980
O000170,2024-01-23,2024-01-23,S014,C00024,P0026,1,1980,0,1980
O000171,2024-01-24,2024-01-24,S005,C00572,P0013,5,15840,0.2,79200
O000172,2024-01-24,2024-01-25,S011,C00098,P0009,2,26410,0.05,52820
O000173,2024-01-24,2024-01-25,S010,C00209,P0015,1,14800,0,14800
O000174,2024-01-24,2024-01-25,S010,C00312,P0029,1,2180,0,2180
O000175,2024-01-24,2024-01-26,S001,C00341,P0027,2,1580,0,3160
O000176,2024-01-25,2024-01-26,S007,C00342,P0027,2,1580,0,3160
O000177,2024-01-25,2024-01-25,S007,C00455,P0003,10,54000,0,540000
O000178,2024-01-25,2024-01-26,S013,C00562,P0010,1,23840,0.2,23840
O000179,2024-01-25,2024-01-26,S003,C00188,P0026,2,1980,0,3960
O000180,2024-01-25,2024-01-25,S001,C00376,P0009,1,27800,0,27800
O000181,2024-01-25,2024-01-26,S014,C00380,P0018,1,5900,0,5900
O000182,2024-01-25,2024-01-27,S014,C00580,P0029,1,2180,0,2180
O000183,2024-01-25,2024-01-25,S007,C00058,P0022,3,6800,0,20400
O000184,2024-01-25,2024-01-27,S003,C00187,P0007,1,29520,0.1,29520
O000185,2024-01-25,2024-01-28,S006,C00162,P0015,1,14800,0,14800
O000186,2024-01-26,2024-01-29,S009,C00093,P0027,1,1580,0,1580
O000187,2024-01-26,2024-01-27,S009,C00066,P0013,1,19800,0,19800
O000188,2024-01-26,2024-01-29,S010,C00522,P0018,1,5900,0,5900
O000189,2024-01-26,2024-01-26,S001,C00187,P0015,1,14800,0,14800
O000190,2024-01-26,2024-01-31,S014,C00075,P0007,1,32800,0,32800
O000191,2024-01-26,2024-01-29,S011,C00125,P0007,1,32800,0,32800
O000192,2024-01-26,2024-01-27,S009,C00246,P0023,2,1584,0.2,3168
O000193,2024-01-27,2024-01-27,S013,C00041,P0009,1,27800,0,27800
O000194,2024-01-27,2024-01-27,S008,C00084,P0021,2,5310,0.1,10620
O000195,2024-01-27,2024-01-30,S014,C00052,P0006,3,11800,0,35400
O000196,2024-01-27,2024-01-28,S007,C00441,P0027,1,1580,0,1580
O000197,2024-01-27,2024-01-28,S007,C00093,P0013,1,17820,0.1,17820
O000198,2024-01-27,2024-02-01,S008,C00004,P0015,1,13320,0.1,13320
O000199,2024-01-27,2024-01-27,S014,C00167,P0023,1,1980,0,1980
O000200,2024-01-27,2024-01-28,S013,C00016,P0018,1,5605,0.05,5605
O000201,2024-01-27,2024-01-28,S004,C00309,P0018,1,5900,0,5900
O000202,2024-01-27,2024-01-28,S004,C00204,P0003,1,54000,0,54000
O000203,2024-01-27,2024-01-30,S014,C00544,P0002,1,238000,0,238000
O000204,2024-01-27,2024-01-28,S007,C00152,P0017,1,16800,0,16800
O000205,2024-01-28,2024-01-28,S014,C00549,P0002,1,238000,0,238000
O000206,2024-01-28,2024-01-29,S009,C00031,P0018,3,5900,0,17700
O000207,2024-01-28,2024-01-28,S001,C00542,P0027,2,1580,0,3160
O000208,2024-01-28,2024-01-28,S014,C00052,P0006,1,11800,0,11800
O000209,2024-01-28,2024-01-28,S001,C00270,P0025,3,1580,0,4740
O000210,2024-01-28,2024-01-28,S004,C00380,P0016,3,4900,0,14700
O000211,2024-01-28,2024-01-29,S005,C00354,P0028,1,3200,0,3200
O000212,2024-01-28,2024-01-28,S003,C00600,P0023,1,1980,0,1980
O000213,2024-01-28,2024-01-28,S002,C00181,P0022,1,6800,0,6800
O000214,2024-01-28,2024-01-31,S002,C00235,P0002,3,238000,0,714000
O000215,2024-01-28,2024-01-28,S011,C00433,P0002,2,238000,0,476000
O000216,2024-01-28,2024-01-30,S002,C00329,P0032,1,3980,0,3980
O000217,2024-01-29,2024-01-29,S011,C00476,P0003,10,48600,0.1,486000
O000218,2024-01-29,2024-01-31,S005,C00097,P0024,2,1280,0,2560
O000219,2024-01-29,2024-01-29,S014,C00272,P0027,1,1580,0,1580
O000220,2024-01-29,2024-01-30,S013,C00439,P0029,1,1962,0.1,1962
O000221,2024-01-29,2024-01-30,S005,C00447,P0032,2,3980,0,7960
O000222,2024-01-29,2024-01-29,S014,C00385,P0008,2,4900,0,9800
O000223,2024-01-29,2024-01-29,S003,C00182,P0027,1,1501,0.05,1501
O000224,2024-01-29,2024-01-29,S004,C00301,P0023,1,1980,0,1980
O000225,2024-01-29,2024-01-29,S010,C00490,P0025,1,1580,0,1580
O000226,2024-01-29,2024-02-01,S006,C00488,P0014,10,15960,0.05,159600
O000227,2024-01-30,2024-02-02,S012,C00514,P0012,1,58320,0.1,58320
O000228,2024-01-30,2024-02-02,S013,C00338,P0012,2,64800,0,129600
O000229,2024-01-30,2024-01-30,S010,C00286,P0008,1,4900,0,4900
O000230,2024-01-30,2024-02-01,S014,C00446,P0026,2,1980,0,3960
O000231,2024-01-31,2024-01-31,S012,C00089,P0019,1,2980,0,2980
O000232,2024-01-31,2024-02-02,S011,C00274,P0025,2,1580,0,3160
O000233,2024-01-31,2024-01-31,S007,C00514,P0008,1,4900,0,4900
O000234,2024-01-31,2024-02-03,S010,C00048,P0024,2,1280,0,2560
O000235,2024-01-31,2024-02-02,S007,C00528,P0009,1,27800,0,27800
O000236,2024-01-31,2024-02-02,S011,C00472,P0029,1,2180,0,2180
O000237,2024-01-31,2024-02-03,S007,C00574,P0002,1,238000,0,238000
O000238,2024-02-01,2024-02-01,S007,C00375,P0028,2,3200,0,6400
O000239,2024-02-01,2024-02-03,S001,C00072,P0030,3,741,0.05,2223
O000240,2024-02-01,2024-02-01,S009,C00082,P0031,1,1380,0,1380
O000241,2024-02-02,2024-02-04,S007,C00065,P0030,1,780,0,780
O000242,2024-02-02,2024-02-03,S001,C00200,P0016,1,4900,0,4900
O000243,2024-02-02,2024-02-04,S002,C00209,P0002,1,238000,0,238000
O000244,2024-02-02,2024-02-02,S002,C00039,P0026,1,1980,0,1980
O000245,2024-02-02,2024-02-03,S001,C00166,P0004,1,112000,0,112000
O000246,2024-02-02,2024-02-03,S014,C00019,P0010,1,29800,0,29800
O000247,2024-02-03,2024-02-04,S002,C00119,P0016,2,4900,0,9800
O000248,2024-02-03,2024-02-08,S003,C00038,P0029,1,2180,0,2180
O000249,2024-02-03,2024-02-03,S012,C00182,P0020,1,7900,0,7900
O000250,2024-02-03,2024-02-04,S012,C00485,P0018,2,5900,0,11800
O000251,2024-02-03,2024-02-05,S006,C00528,P0030,1,780,0,780
O000252,2024-02-03,2024-02-04,S001,C00576,P0018,5,5900,0,29500
O000253,2024-02-03,2024-02-03,S007,C00514,P0027,1,1580,0,1580
O000254,2024-02-03,2024-02-05,S006,C00572,P0026,1,1980,0,1980
O000255,2024-02-03,2024-02-04,S007,C00024,P0029,1,2180,0,2180
O000256,2024-02-03,2024-02-03,S001,C00472,P0023,1,1980,0,1980
O000257,2024-02-03,2024-02-03,S014,C00568,P0032,1,3184,0.2,3184
O000258,2024-02-03,2024-02-04,S012,C00123,P0002,1,238000,0,238000
O000259,2024-02-04,2024-02-05,S001,C00198,P0012,1,64800,0,64800
O000260,2024-02-04,2024-02-04,S005,C00097,P0004,1,106400,0.05,106400
O000261,2024-02-04,2024-02-06,S011,C00373,P0013,1,19800,0,19800
O000262,2024-02-04,2024-02-06,S011,C00589,P0029,1,2180,0,2180
O000263,2024-02-04,2024-02-06,S008,C00364,P0031,1,1311,0.05,1311
O000264,2024-02-04,2024-02-04,S004,C00359,P0026,1,1881,0.05,1881
O000265,2024-02-04,2024-02-05,S005,C00469,P0010,1,29800,0,29800
O000266,2024-02-05,2024-02-05,S005,C00414,P0013,1,19800,0,19800
O000267,2024-02-05,2024-02-05,S007,C00467,P0013,2,18810,0.05,37620
O000268,2024-02-05,2024-02-07,S009,C00412,P0010,1,28310,0.05,28310
O000269,2024-02-05,2024-02-07,S004,C00094,P0015,1,14800,0,14800
O000270,2024-02-05,2024-02-08,S014,C00436,P0031,2,1380,0,2760
O000271,2024-02-05,2024-02-05,S012,C00582,P0031,1,1380,0,1380
O000272,2024-02-06,2024-02-06,S007,C00578,P0029,1,2180,0,2180
O000273,2024-02-06,2024-02-08,S007,C00309,P0016,1,4655,0.05,4655
O000274,2024-02-06,2024-02-06,S006,C00551,P0009,1,26410,0.05,26410
O000275,2024-02-06,2024-02-09,S013,C00200,P0027,1,1580,0,1580
O000276,2024-02-06,2024-02-07,S013,C00145,P0018,1,5900,0,5900
O000277,2024-02-06,2024-02-08,S005,C00597,P0025,1,1580,0,1580
O000278,2024-02-06,2024-02-08,S004,C00023,P0017,1,16800,0,16800
O000279,2024-02-06,2024-02-06,S011,C00239,P0021,1,5900,0,5900
O000280,2024-02-07,2024-02-08,S003,C00074,P0005,1,3200,0,3200
O000281,2024-02-07,2024-02-08,S007,C00002,P0020,3,7900,0,23700
O000282,2024-02-07,2024-02-07,S007,C00191,P0020,1,7900,0,7900
O000283,2024-02-07,2024-02-08,S001,C00161,P0022,5,6800,0,34000
O000284,2024-02-07,2024-02-09,S012,C00474,P0015,3,14800,0,44400
O000285,2024-02-07,2024-02-07,S002,C00399,P0017,1,16800,0,16800
O000286,2024-02-07,2024-02-08,S014,C00554,P0010,1,29800,0,29800
O000287,2024-02-07,2024-02-09,S012,C00573,P0011,1,6980,0,6980
O000288,2024-02-08,2024-02-09,S001,C00100,P0032,1,3980,0,3980
O000289,2024-02-08,2024-02-08,S005,C00497,P0031,3,1380,0,4140
O000290,2024-02-08,2024-02-13,S011,C00304,P0002,1,238000,0,238000
O000291,2024-02-08,2024-02-09,S003,C00251,P0003,1,43200,0.2,43200
O000292,2024-02-08,2024-02-11,S001,C00327,P0026,1,1980,0,1980
O000293,2024-02-08,2024-02-08,S001,C00184,P0005,2,3200,0,6400
O000294,2024-02-08,2024-02-09,S003,C00181,P0004,2,112000,0,224000
O000295,2024-02-08,2024-02-08,S014,C00456,P0028,1,3200,0,3200
O000296,2024-02-08,2024-02-11,S006,C00121,P0008,1,4900,0,4900
O000297,2024-02-09,2024-02-09,S003,C00432,P0029,1,2180,0,2180
O000298,2024-02-09,2024-02-09,S011,C00388,P0029,1,2180,0,2180
O000299,2024-02-09,2024-02-09,S011,C00010,P0019,1,2980,0,2980
O000300,2024-02-09,2024-02-10,S002,C00001,P0013,1,19800,0,19800
O000301,2024-02-09,2024-02-09,S006,C00296,P0021,1,5900,0,5900
O000302,2024-02-09,2024-02-14,S014,C00547,P0024,1,1280,0,1280
O000303,2024-02-09,2024-02-11,S005,C00572,P0032,1,3980,0,3980
O000304,2024-02-09,2024-02-14,S004,C00581,P0008,1,4655,0.05,4655
O000305,2024-02-09,2024-02-12,S012,C00356,P0032,1,3980,0,3980
O000306,2024-02-09,2024-02-09,S005,C00101,P0024,1,1280,0,1280
O000307,2024-02-09,2024-02-10,S005,C00599,P0006,1,11800,0,11800
O000308,2024-02-09,2024-02-09,S002,C00142,P0002,1,238000,0,238000
O000309,2024-02-09,2024-02-12,S014,C00084,P0007,1,32800,0,32800
O000310,2024-02-10,2024-02-11,S006,C00162,P0011,1,6980,0,6980
O000311,2024-02-10,2024-02-10,S011,C00513,P0018,1,5900,0,5900
O000312,2024-02-10,2024-02-10,S007,C00439,P0008,1,4900,0,4900
O000313,2024-02-10,2024-02-11,S008,C00394,P0006,1,11800,0,11800
O000314,2024-02-10,2024-02-11,S007,C00110,P0002,1,238000,0,238000
O000315,2024-02-10,2024-02-13,S006,C00286,P0031,1,1242,0.1,1242
O000316,2024-02-10,2024-02-10,S010,C00056,P0019,3,2831,0.05,8493
O000317,2024-02-10,2024-02-11,S006,C00416,P0019,2,2980,0,5960
O000318,2024-02-10,2024-02-11,S007,C00189,P0001,1,128000,0,128000
O000319,2024-02-11,2024-02-11,S011,C00054,P0014,2,16800,0,33600
O000320,2024-02-11,2024-02-11,S002,C00499,P0007,5,31160,0.05,155800
O000321,2024-02-11,2024-02-12,S008,C00597,P0004,1,89600,0.2,89600
O000322,2024-02-11,2024-02-13,S001,C00401,P0030,1,780,0,780
O000323,2024-02-11,2024-02-12,S012,C00342,P0006,2,11800,0,23600
O000324,2024-02-11,2024-02-13,S009,C00028,P0005,1,3200,0,3200
O000325,2024-02-11,2024-02-11,S001,C00388,P0017,1,16800,0,16800
O000326,2024-02-11,2024-02-13,S013,C00412,P0005,1,3200,0,3200
O000327,2024-02-11,2024-02-13,S008,C00032,P0025,1,1422,0.1,1422
O000328,2024-02-11,2024-02-12,S002,C00151,P0001,2,102400,0.2,204800
O000329,2024-02-11,2024-02-11,S001,C00020,P0002,1,238000,0,238000
O000330,2024-02-11,2024-02-11,S011,C00458,P0024,1,1280,0,1280
O000331,2024-02-11,2024-02-11,S001,C00222,P0011,1,6980,0,6980
O000332,2024-02-11,2024-02-14,S012,C00292,P0021,2,5900,0,11800
O000333,2024-02-12,2024-02-13,S001,C00182,P0027,1,1580,0,1580
O000334,2024-02-12,2024-02-13,S001,C00291,P0007,1,26240,0.2,26240
O000335,2024-02-12,2024-02-13,S009,C00050,P0001,1,128000,0,128000
O000336,2024-02-12,2024-02-12,S005,C00501,P0004,1,112000,0,112000
O000337,2024-02-12,2024-02-12,S001,C00074,P0014,1,16800,0,16800
O000338,2024-02-12,2024-02-13,S003,C00303,P0028,1,3200,0,3200
O000339,2024-02-12,2024-02-15,S005,C00270,P0031,1,1380,0,1380
O000340,2024-02-12,2024-02-12,S007,C00240,P0003,1,54000,0,54000
O000341,2024-02-13,2024-02-14,S010,C00276,P0022,10,6800,0,68000
O000342,2024-02-13,2024-02-16,S011,C00380,P0017,1,16800,0,16800
O000343,2024-02-13,2024-02-13,S009,C00580,P0002,1,238000,0,238000
O000344,2024-02-13,2024-02-16,S003,C00044,P0019,2,2980,0,5960
O000345,2024-02-13,2024-02-14,S004,C00243,P0004,1,112000,0,112000
O000346,2024-02-13,2024-02-14,S005,C00023,P0026,1,1980,0,1980
O000347,2024-02-13,2024-02-15,S003,C00065,P0013,1,19800,0,19800
O000348,2024-02-14,2024-02-17,S003,C00134,P0011,1,6980,0,6980
O000349,2024-02-14,2024-02-15,S012,C00594,P0026,2,1980,0,3960
O000350,2024-02-14,2024-02-14,S004,C00445,P0024,1,1280,0,1280
O000351,2024-02-14,2024-02-16,S003,C00126,P0017,1,16800,0,16800
O000352,2024-02-14,2024-02-14,S011,C00588,P0021,1,5900,0,5900
O000353,2024-02-14,2024-02-17,S003,C00491,P0017,1,16800,0,16800
O000354,2024-02-14,2024-02-15,S002,C00021,P0003,1,48600,0.1,48600
O000355,2024-02-14,2024-02-15,S006,C00303,P0024,1,1280,0,1280
O000356,2024-02-14,2024-02-15,S005,C00472,P0032,1,3980,0,3980
O000357,2024-02-14,2024-02-14,S008,C00423,P0029,1,2180,0,2180
O000358,2024-02-15,2024-02-16,S007,C00054,P0020,2,7900,0,15800
O000359,2024-02-15,2024-02-15,S009,C00494,P0021,2,5310,0.1,10620
O000360,2024-02-16,2024-02-17,S002,C00484,P0001,1,115200,0.1,115200
O000361,2024-02-16,2024-02-17,S009,C00082,P0014,1,16800,0,16800
O000362,2024-02-16,2024-02-17,S012,C00382,P0031,1,1380,0,1380
O000363,2024-02-16,2024-02-18,S007,C00334,P0023,1,1980,0,1980
O000364,2024-02-16,2024-02-17,S002,C00473,P0029,2,1744,0.2,3488
O000365,2024-02-16,2024-02-16,S008,C00320,P0022,1,6120,0.1,6120
O000366,2024-02-16,2024-02-16,S006,C00403,P0029,1,2180,0,2180
O000367,2024-02-17,2024-02-22,S011,C00218,P0005,1,3200,0,3200
O000368,2024-02-17,2024-02-18,S005,C00195,P0016,1,4900,0,4900
O000369,2024-02-17,2024-02-17,S001,C00038,P0030,1,780,0,780
O000370,2024-02-17,2024-02-18,S004,C00501,P0024,1,1280,0,1280
O000371,2024-02-17,2024-02-17,S005,C00140,P0023,1,1980,0,1980
O000372,2024-02-17,2024-02-17,S007,C00142,P0023,1,1980,0,1980
O000373,2024-02-17,2024-02-18,S004,C00085,P0030,1,624,0.2,624
O000374,2024-02-17,2024-02-22,S009,C00147,P0019,1,2980,0,2980
O000375,2024-02-18,2024-02-19,S002,C00112,P0030,2,702,0.1,1404
O000376,2024-02-18,2024-02-18,S008,C00390,P0005,1,3200,0,3200
O000377,2024-02-18,2024-02-18,S006,C00356,P0030,1,780,0,780
O000378,2024-02-18,2024-02-18,S010,C00408,P0012,1,61560,0.05,61560
O000379,2024-02-18,2024-02-19,S012,C00459,P0017,2,16800,0,33600
O000380,2024-02-18,2024-02-19,S005,C00267,P0032,2,3980,0,7960
O000381,2024-02-18,2024-02-21,S007,C00284,P0013,1,17820,0.1,17820
O000382,2024-02-18,2024-02-19,S007,C00102,P0019,2,2980,0,5960
O000383,2024-02-18,2024-02-19,S003,C00240,P0003,3,54000,0,162000
O000384,2024-02-18,2024-02-18,S014,C00041,P0019,1,2980,0,2980
O000385,2024-02-18,2024-02-19,S004,C00402,P0024,2,1280,0,2560
O000386,2024-02-18,2024-02-20,S005,C00351,P0026,3,1980,0,5940
O000387,2024-02-19,2024-02-19,S007,C00032,P0027,2,1264,0.2,2528
O000388,2024-02-19,2024-02-19,S014,C00459,P0020,2,7900,0,15800
O000389,2024-02-19,2024-02-19,S001,C00299,P0022,1,6800,0,6800
O000390,2024-02-19,2024-02-19,S001,C00580,P0023,1,1980,0,1980
O000391,2024-02-19,2024-02-20,S008,C00425,P0027,1,1580,0,1580
O000392,2024-02-19,2024-02-22,S001,C00150,P0011,1,6980,0,6980
O000393,2024-02-19,2024-02-19,S014,C00106,P0018,1,5900,0,5900
O000394,2024-02-19,2024-02-19,S005,C00189,P0014,2,16800,0,33600
O000395,2024-02-19,2024-02-24,S011,C00423,P0020,1,7505,0.05,7505
O000396,2024-02-19,2024-02-19,S001,C00349,P0021,1,5900,0,5900
O000397,2024-02-19,2024-02-19,S003,C00373,P0009,1,27800,0,27800
O000398,2024-02-20,2024-02-21,S008,C00243,P0004,1,112000,0,112000
O000399,2024-02-20,2024-02-22,S009,C00213,P0031,10,1380,0,13800
O000400,2024-02-20,2024-02-20,S011,C00130,P0031,1,1242,0.1,1242
O000401,2024-02-20,2024-02-23,S006,C00397,P0027,1,1580,0,1580
O000402,2024-02-20,2024-02-21,S006,C00197,P0025,1,1580,0,1580
O000403,2024-02-20,2024-02-22,S005,C00477,P0026,2,1584,0.2,3168
O000404,2024-02-21,2024-02-22,S004,C00458,P0021,2,5900,0,11800
O000405,2024-02-21,2024-02-22,S002,C00044,P0027,1,1264,0.2,1264
O000406,2024-02-21,2024-02-23,S004,C00421,P0031,2,1380,0,2760
O000407,2024-02-21,2024-02-22,S011,C00492,P0004,1,106400,0.05,106400
O000408,2024-02-22,2024-02-23,S001,C00238,P0015,1,14800,0,14800
O000409,2024-02-22,2024-02-22,S006,C00460,P0013,1,19800,0,19800
O000410,2024-02-22,2024-02-24,S003,C00227,P0001,2,128000,0,256000
O000411,2024-02-22,2024-02-23,S014,C00333,P0021,5,5900,0,29500
O000412,2024-02-22,2024-02-22,S006,C00119,P0015,2,14800,0,29600
O000413,2024-02-22,2024-02-22,S006,C00409,P0014,1,15960,0.05,15960
O000414,2024-02-22,2024-02-24,S014,C00055,P0016,1,4900,0,4900
O000415,2024-02-23,2024-02-25,S012,C00593,P0027,1,1580,0,1580
O000416,2024-02-23,2024-02-23,S001,C00244,P0028,3,3200,0,9600
O000417,2024-02-24,2024-02-24,S004,C00040,P0005,1,3200,0,3200
O000418,2024-02-24,2024-02-24,S005,C00110,P0022,1,6800,0,6800
O000419,2024-02-24,2024-02-29,S011,C00589,P0017,2,16800,0,33600
O000420,2024-02-24,2024-02-24,S008,C00291,P0028,1,3200,0,3200
O000421,2024-02-24,2024-02-25,S011,C00188,P0006,1,11800,0,11800
O000422,2024-02-24,2024-02-24,S005,C00084,P0002,1,238000,0,238000
O000423,2024-02-24,2024-02-27,S002,C00051,P0021,2,5900,0,11800
O000424,2024-02-25,2024-02-25,S011,C00201,P0011,1,6282,0.1,6282
O000425,2024-02-25,2024-02-25,S005,C00329,P0031,2,1380,0,2760
O000426,2024-02-25,2024-02-26,S005,C00453,P0008,2,4900,0,9800
O000427,2024-02-25,2024-02-27,S007,C00411,P0032,1,3184,0.2,3184
O000428,2024-02-25,2024-02-25,S007,C00003,P0017,1,13440,0.2,13440
O000429,2024-02-25,2024-02-26,S014,C00170,P0010,3,29800,0,89400
O000430,2024-02-25,2024-02-26,S011,C00453,P0013,2,19800,0,39600
O000431,2024-02-25,2024-03-01,S014,C00241,P0024,2,1280,0,2560
O000432,2024-02-25,2024-02-25,S007,C00460,P0021,1,5900,0,5900
O000433,2024-02-25,2024-02-27,S004,C00461,P0031,1,1380,0,1380
O000434,2024-02-26,2024-02-26,S014,C00363,P0027,1,1580,0,1580
O000435,2024-02-26,2024-02-26,S009,C00257,P0026,1,1980,0,1980
O000436,2024-02-26,2024-02-26,S005,C00146,P0025,1,1422,0.1,1422
O000437,2024-02-26,2024-02-26,S011,C00086,P0026,1,1980,0,1980
O000438,2024-02-26,2024-02-28,S014,C00470,P0022,5,6800,0,34000
O000439,2024-02-26,2024-02-29,S014,C00224,P0028,2,3200,0,6400
O000440,2024-02-26,2024-02-26,S009,C00316,P0030,1,780,0,780
O000441,2024-02-26,2024-02-26,S002,C00540,P0029,1,2180,0,2180
O000442,2024-02-27,2024-02-28,S012,C00308,P0005,1,3200,0,3200
O000443,2024-02-27,2024-02-28,S004,C00015,P0011,1,6980,0,6980
O000444,2024-02-27,2024-02-29,S001,C00490,P0022,1,6800,0,6800
O000445,2024-02-27,2024-02-29,S010,C00021,P0015,2,14800,0,29600
O000446,2024-02-27,2024-02-29,S013,C00475,P0008,1,4900,0,4900
O000447,2024-02-27,2024-02-28,S008,C00494,P0014,1,16800,0,16800
O000448,2024-02-27,2024-02-27,S006,C00104,P0031,1,1380,0,1380
O000449,2024-02-27,2024-02-27,S001,C00444,P0021,3,5900,0,17700
O000450,2024-02-27,2024-03-03,S001,C00352,P0021,2,5310,0.1,10620
O000451,2024-02-27,2024-02-28,S006,C00142,P0028,2,3200,0,6400
O000452,2024-02-28,2024-02-28,S007,C00135,P0030,3,702,0.1,2106
O000453,2024-02-28,2024-02-28,S007,C00324,P0031,2,1380,0,2760
O000454,2024-02-29,2024-03-05,S009,C00172,P0015,2,14800,0,29600
O000455,2024-02-29,2024-02-29,S009,C00191,P0012,1,64800,0,64800
O000456,2024-02-29,2024-02-29,S008,C00480,P0016,1,4900,0,4900
O000457,2024-02-29,2024-03-02,S007,C00303,P0014,1,13440,0.2,13440
O000458,2024-02-29,2024-02-29,S011,C00445,P0019,2,2682,0.1,5364
O000459,2024-02-29,2024-03-05,S002,C00291,P0017,5,16800,0,84000
O000460,2024-02-29,2024-03-01,S001,C00568,P0031,1,1380,0,1380
O000461,2024-03-01,2024-03-01,S014,C00176,P0009,1,27800,0,27800
O000462,2024-03-01,2024-03-01,S002,C00289,P0010,1,29800,0,29800
O000463,2024-03-01,2024-03-06,S001,C00216,P0027,2,1580,0,3160
O000464,2024-03-01,2024-03-02,S001,C00105,P0002,1,190400,0.2,190400
O000465,2024-03-01,2024-03-02,S014,C00055,P0006,1,11800,0,11800
O000466,2024-03-01,2024-03-01,S001,C00206,P0002,1,238000,0,238000
O000467,2024-03-01,2024-03-01,S009,C00220,P0014,5,15960,0.05,79800
O000468,2024-03-01,2024-03-02,S007,C00324,P0013,1,19800,0,19800
O000469,2024-03-01,2024-03-01,S005,C00369,P0011,1,6980,0,6980
O000470,2024-03-01,2024-03-03,S005,C00015,P0008,1,4900,0,4900
O000471,2024-03-02,2024-03-04,S002,C00289,P0007,1,31160,0.05,31160
O000472,2024-03-02,2024-03-04,S002,C00167,P0014,1,16800,0,16800
O000473,2024-03-02,2024-03-02,S014,C00381,P0027,2,1501,0.05,3002
O000474,2024-03-02,2024-03-02,S012,C00020,P0023,1,1881,0.05,1881
O000475,2024-03-02,2024-03-02,S014,C00266,P0030,2,780,0,1560
O000476,2024-03-02,2024-03-02,S002,C00263,P0015,5,13320,0.1,66600
O000477,2024-03-02,2024-03-02,S003,C00256,P0023,2,1980,0,3960
O000478,2024-03-02,2024-03-03,S009,C00075,P0025,1,1501,0.05,1501
O000479,2024-03-02,2024-03-02,S014,C00200,P0012,1,51840,0.2,51840
O000480,2024-03-02,2024-03-02,S003,C00418,P0009,3,27800,0,83400
O000481,2024-03-02,2024-03-05,S014,C00163,P0004,1,112000,0,112000
O000482,2024-03-03,2024-03-05,S003,C00431,P0013,10,19800,0,198000
O000483,2024-03-03,2024-03-03,S004,C00303,P0029,1,2180,0,2180
O000484,2024-03-03,2024-03-06,S003,C00321,P0013,1,19800,0,19800
O000485,2024-03-03,2024-03-03,S014,C00309,P0022,1,6800,0,6800
O000486,2024-03-03,2024-03-03,S004,C00542,P0011,5,6980,0,34900
O000487,2024-03-03,2024-03-03,S008,C00310,P0003,1,54000,0,54000
O000488,2024-03-03,2024-03-03,S011,C00248,P0023,1,1782,0.1,1782
O000489,2024-03-03,2024-03-05,S002,C00019,P0031,1,1380,0,1380
O000490,2024-03-03,2024-03-03,S002,C00005,P0016,1,4900,0,4900
O000491,2024-03-03,2024-03-04,S003,C00368,P0022,1,6800,0,6800
O000492,2024-03-03,2024-03-04,S009,C00007,P0023,1,1881,0.05,1881
O000493,2024-03-03,2024-03-05,S004,C00128,P0029,2,2071,0.05,4142
O000494,2024-03-03,2024-03-03,S004,C00100,P0006,1,10620,0.1,10620
O000495,2024-03-04,2024-03-04,S006,C00358,P0001,1,102400,0.2,102400
O000496,2024-03-04,2024-03-04,S010,C00468,P0024,1,1280,0,1280
O000497,2024-03-04,2024-03-06,S014,C00482,P0011,1,6980,0,6980
O000498,2024-03-04,2024-03-05,S001,C00080,P0023,1,1980,0,1980
O000499,2024-03-04,2024-03-05,S001,C00455,P0013,2,19800,0,39600
O000500,2024-03-04,2024-03-04,S007,C00075,P0016,1,4900,0,4900
O000501,2024-03-04,2024-03-06,S001,C00361,P0013,1,19800,0,19800
O000502,2024-03-04,2024-03-05,S013,C00531,P0017,2,16800,0,33600
O000503,2024-03-04,2024-03-05,S005,C00525,P0026,1,1980,0,1980
O000504,2024-03-05,2024-03-05,S008,C00494,P0022,1,6800,0,6800
O000505,2024-03-05,2024-03-10,S004,C00391,P0003,1,54000,0,54000
O000506,2024-03-05,2024-03-05,S014,C00021,P0028,1,3200,0,3200
O000507,2024-03-05,2024-03-05,S007,C00374,P0026,1,1980,0,1980
O000508,2024-03-05,2024-03-08,S003,C00386,P0006,2,11800,0,23600
O000509,2024-03-05,2024-03-06,S007,C00195,P0030,1,741,0.05,741
O000510,2024-03-05,2024-03-08,S002,C00442,P0003,10,54000,0,540000
O000511,2024-03-05,2024-03-06,S003,C00334,P0008,2,4900,0,9800
O000512,2024-03-05,2024-03-06,S008,C00258,P0021,5,5900,0,29500
O000513,2024-03-06,2024-03-08,S003,C00175,P0026,2,1980,0,3960
O000514,2024-03-06,2024-03-06,S012,C00235,P0017,1,16800,0,16800
O000515,2024-03-06,2024-03-06,S005,C00239,P0004,2,112000,0,224000
O000516,2024-03-06,2024-03-07,S013,C00027,P0016,1,4410,0.1,4410
O000517,2024-03-06,2024-03-07,S001,C00513,P0002,3,238000,0,714000
O000518,2024-03-06,2024-03-08,S009,C00009,P0002,2,238000,0,476000
O000519,2024-03-06,2024-03-06,S014,C00465,P0011,2,6980,0,13960
O000520,2024-03-06,2024-03-08,S005,C00066,P0026,1,1980,0,1980
O000521,2024-03-07,2024-03-07,S003,C00280,P0020,2,7110,0.1,14220
O000522,2024-03-07,2024-03-12,S008,C00599,P0031,1,1380,0,1380
O000523,2024-03-07,2024-03-07,S002,C00200,P0008,2,4655,0.05,9310
O000524,2024-03-07,2024-03-09,S014,C00010,P0008,1,4655,0.05,4655
O000525,2024-03-07,2024-03-09,S012,C00434,P0019,1,2682,0.1,2682
O000526,2024-03-07,2024-03-07,S005,C00256,P0008,2,4900,0,9800
O000527,2024-03-07,2024-03-07,S014,C00528,P0018,1,5900,0,5900
O000528,2024-03-07,2024-03-09,S001,C00053,P0005,1,3200,0,3200
O000529,2024-03-07,2024-03-10,S011,C00418,P0021,3,5605,0.05,16815
O000530,2024-03-07,2024-03-07,S007,C00554,P0012,5,64800,0,324000
O000531,2024-03-07,2024-03-08,S014,C00058,P0005,1,3040,0.05,3040
O000532,2024-03-08,2024-03-11,S009,C00570,P0030,1,780,0,780
O000533,2024-03-08,2024-03-09,S014,C00384,P0003,1,54000,0,54000
O000534,2024-03-08,2024-03-11,S014,C00585,P0007,1,32800,0,32800
O000535,2024-03-08,2024-03-08,S014,C00420,P0006,1,11800,0,11800
O000536,2024-03-08,2024-03-09,S007,C00300,P0008,1,4900,0,4900
O000537,2024-03-08,2024-03-08,S001,C00368,P0002,2,238000,0,476000
O000538,2024-03-08,2024-03-13,S001,C00297,P0017,1,16800,0,16800
O000539,2024-03-08,2024-03-08,S008,C00514,P0020,10,7900,0,79000
O000540,2024-03-09,2024-03-14,S003,C00178,P0018,1,5900,0,5900
O000541,2024-03-09,2024-03-09,S002,C00088,P0026,1,1980,0,1980
O000542,2024-03-09,2024-03-12,S002,C00020,P0015,1,14800,0,14800
O000543,2024-03-09,2024-03-09,S010,C00244,P0007,1,32800,0,32800
O000544,2024-03-09,2024-03-10,S008,C00137,P0017,3,16800,0,50400
O000545,2024-03-09,2024-03-09,S001,C00297,P0005,1,3200,0,3200
O000546,2024-03-09,2024-03-10,S001,C00292,P0001,1,128000,0,128000
O000547,2024-03-09,2024-03-11,S008,C00365,P0009,3,27800,0,83400
O000548,2024-03-09,2024-03-10,S011,C00574,P0029,3,2180,0,6540
O000549,2024-03-10,2024-03-10,S002,C00114,P0010,1,29800,0,29800
O000550,2024-03-10,2024-03-13,S005,C00273,P0032,1,3980,0,3980
O000551,2024-03-10,2024-03-10,S014,C00031,P0006,10,11800,0,118000
O000552,2024-03-10,2024-03-12,S001,C00373,P0014,2,16800,0,33600
O000553,2024-03-10,2024-03-10,S003,C00064,P0032,1,3980,0,3980
O000554,2024-03-10,2024-03-12,S011,C00472,P0007,1,32800,0,32800
O000555,2024-03-10,2024-03-11,S002,C00304,P0016,2,4900,0,9800
O000556,2024-03-10,2024-03-11,S009,C00252,P0001,1,128000,0,128000
O000557,2024-03-10,2024-03-11,S003,C00213,P0014,1,16800,0,16800
O000558,2024-03-10,2024-03-10,S005,C00303,P0031,1,1380,0,1380
O000559,2024-03-10,2024-03-15,S003,C00156,P0008,3,4900,0,14700
O000560,2024-03-10,2024-03-11,S014,C00495,P0002,1,190400,0.2,190400
O000561,2024-03-10,2024-03-10,S011,C00038,P0031,1,1311,0.05,1311
O000562,2024-03-11,2024-03-11,S009,C00067,P0016,1,4900,0,4900
O000563,2024-03-11,2024-03-12,S005,C00155,P0005,1,3200,0,3200
O000564,2024-03-11,2024-03-12,S003,C00191,P0018,3,5900,0,17700
O000565,2024-03-11,2024-03-11,S009,C00462,P0016,1,4900,0,4900
O000566,2024-03-11,2024-03-13,S001,C00589,P0007,2,31160,0.05,62320
O000567,2024-03-11,2024-03-11,S006,C00212,P0019,1,2980,0,2980
O000568,2024-03-11,2024-03-14,S007,C00283,P0015,1,14800,0,14800
O000569,2024-03-11,2024-03-12,S011,C00408,P0021,1,5900,0,5900
O000570,2024-03-12,2024-03-13,S005,C00245,P0008,10,4900,0,49000
O000571,2024-03-12,2024-03-12,S001,C00046,P0015,2,11840,0.2,23680
O000572,2024-03-12,2024-03-13,S012,C00521,P0031,3,1380,0,4140
O000573,2024-03-12,2024-03-14,S012,C00303,P0003,1,54000,0,54000
O000574,2024-03-12,2024-03-13,S010,C00116,P0027,1,1580,0,1580
O000575,2024-03-12,2024-03-13,S001,C00527,P0032,2,3781,0.05,7562
O000576,2024-03-12,2024-03-14,S014,C00314,P0011,1,6980,0,6980
O000577,2024-03-12,2024-03-12,S004,C00415,P0025,2,1580,0,3160
O000578,2024-03-12,2024-03-12,S007,C00192,P0028,2,2880,0.1,5760
O000579,2024-03-12,2024-03-13,S014,C00139,P0025,2,1580,0,3160
O000580,2024-03-13,2024-03-13,S013,C00533,P0024,2,1152,0.1,2304
O000581,2024-03-13,2024-03-14,S008,C00448,P0002,1,238000,0,238000
O000582,2024-03-13,2024-03-18,S003,C00074,P0022,2,6800,0,13600
O000583,2024-03-13,2024-03-14,S014,C00592,P0013,1,18810,0.05,18810
O000584,2024-03-13,2024-03-18,S001,C00368,P0032,3,3980,0,11940
O000585,2024-03-13,2024-03-13,S004,C00526,P0007,1,32800,0,32800
O000586,2024-03-13,2024-03-14,S012,C00022,P0030,1,780,0,780
O000587,2024-03-13,2024-03-14,S005,C00506,P0003,1,54000,0,54000
O000588,2024-03-13,2024-03-14,S001,C00291,P0004,5,112000,0,560000
O000589,2024-03-14,2024-03-14,S014,C00039,P0001,2,128000,0,256000
O000590,2024-03-14,2024-03-19,S008,C00145,P0009,2,27800,0,55600
O000591,2024-03-14,2024-03-14,S013,C00511,P0021,2,5900,0,11800
O000592,2024-03-14,2024-03-15,S014,C00174,P0004,1,89600,0.2,89600
O000593,2024-03-14,2024-03-14,S003,C00409,P0006,1,11800,0,11800
O000594,2024-03-14,2024-03-17,S012,C00021,P0030,1,780,0,780
O000595,2024-03-14,2024-03-14,S007,C00570,P0019,1,2980,0,2980
O000596,2024-03-14,2024-03-16,S005,C00160,P0009,1,27800,0,27800
O000597,2024-03-14,2024-03-15,S014,C00063,P0029,1,2180,0,2180
O000598,2024-03-14,2024-03-17,S007,C00072,P0029,1,2180,0,2180
O000599,2024-03-15,2024-03-15,S009,C00556,P0030,1,702,0.1,702
O000600,2024-03-15,2024-03-18,S007,C00234,P0024,1,1280,0,1280
O000601,2024-03-15,2024-03-15,S005,C00336,P0006,1,11800,0,11800
O000602,2024-03-15,2024-03-16,S011,C00121,P0012,2,64800,0,129600
O000603,2024-03-15,2024-03-15,S008,C00560,P0029,2,2180,0,4360
O000604,2024-03-15,2024-03-15,S001,C00279,P0030,1,780,0,780
O000605,2024-03-15,2024-03-18,S007,C00273,P0013,1,19800,0,19800
O000606,2024-03-15,2024-03-17,S011,C00378,P0011,1,6980,0,6980
O000607,2024-03-16,2024-03-17,S001,C00209,P0025,1,1580,0,1580
O000608,2024-03-16,2024-03-16,S007,C00462,P0023,1,1980,0,1980
O000609,2024-03-16,2024-03-17,S014,C00509,P0025,2,1580,0,3160
O000610,2024-03-16,2024-03-18,S002,C00586,P0012,1,64800,0,64800
O000611,2024-03-16,2024-03-19,S014,C00321,P0024,1,1280,0,1280
O000612,2024-03-16,2024-03-17,S007,C00231,P0006,1,11210,0.05,11210
O000613,2024-03-16,2024-03-19,S002,C00540,P0017,1,16800,0,16800
O000614,2024-03-16,2024-03-16,S002,C00146,P0002,5,238000,0,1190000
O000615,2024-03-16,2024-03-18,S005,C00339,P0016,2,4900,0,9800
O000616,2024-03-16,2024-03-17,S011,C00595,P0017,5,16800,0,84000
O000617,2024-03-16,2024-03-17,S014,C00124,P0032,1,3582,0.1,3582
O000618,2024-03-16,2024-03-16,S011,C00139,P0006,1,11210,0.05,11210
O000619,2024-03-16,2024-03-17,S003,C00590,P0013,1,19800,0,19800
O000620,2024-03-16,2024-03-18,S001,C00390,P0016,2,4410,0.1,8820
O000621,2024-03-16,2024-03-16,S010,C00435,P0014,1,16800,0,16800
O000622,2024-03-16,2024-03-17,S014,C00206,P0021,1,5605,0.05,5605
O000623,2024-03-16,2024-03-19,S001,C00117,P0030,1,780,0,780
O000624,2024-03-16,2024-03-21,S006,C00403,P0003,1,54000,0,54000
O000625,2024-03-17,2024-03-19,S014,C00261,P0016,1,4900,0,4900
O000626,2024-03-17,2024-03-17,S014,C00241,P0018,2,5900,0,11800
O000627,2024-03-17,2024-03-17,S011,C00503,P0021,2,5900,0,11800
O000628,2024-03-17,2024-03-18,S002,C00373,P0005,1,3040,0.05,3040
O000629,2024-03-17,2024-03-19,S002,C00001,P0024,5,1280,0,6400
O000630,2024-03-17,2024-03-22,S002,C00329,P0008,1,4900,0,4900
O000631,2024-03-17,2024-03-17,S010,C00018,P0019,1,2980,0,2980
O000632,2024-03-18,2024-03-21,S009,C00482,P0032,1,3781,0.05,3781
O000633,2024-03-18,2024-03-19,S003,C00167,P0008,1,4900,0,4900
O000634,2024-03-18,2024-03-20,S013,C00099,P0008,3,4900,0,14700
O000635,2024-03-18,2024-03-19,S011,C00291,P0016,1,4410,0.1,4410
O000636,2024-03-18,2024-03-18,S013,C00397,P0007,1,32800,0,32800
O000637,2024-03-18,2024-03-18,S003,C00249,P0031,1,1242,0.1,1242
O000638,2024-03-18,2024-03-18,S007,C00155,P0008,1,4900,0,4900
O000639,2024-03-18,2024-03-19,S012,C00472,P0004,1,112000,0,112000
O000640,2024-03-19,2024-03-19,S008,C00347,P0014,1,15120,0.1,15120
O000641,2024-03-19,2024-03-19,S014,C00546,P0028,2,3200,0,6400
O000642,2024-03-19,2024-03-19,S003,C00310,P0021,2,5900,0,11800
O000643,2024-03-19,2024-03-20,S014,C00172,P0002,1,238000,0,238000
O000644,2024-03-19,2024-03-21,S002,C00586,P0003,1,54000,0,54000
O000645,2024-03-19,2024-03-20,S014,C00519,P0016,1,4900,0,4900
O000646,2024-03-20,2024-03-25,S007,C00244,P0014,2,16800,0,33600
O000647,2024-03-20,2024-03-20,S011,C00522,P0030,1,780,0,780
O000648,2024-03-20,2024-03-21,S004,C00210,P0023,2,1980,0,3960
O000649,2024-03-20,2024-03-23,S002,C00167,P0020,2,7900,0,15800
O000650,2024-03-20,2024-03-20,S012,C00526,P0013,2,19800,0,39600
O000651,2024-03-20,2024-03-21,S011,C00573,P0014,2,15960,0.05,31920
O000652,2024-03-20,2024-03-20,S008,C00165,P0017,1,15960,0.05,15960
O000653,2024-03-20,2024-03-22,S014,C00102,P0012,1,64800,0,64800
O000654,2024-03-21,2024-03-21,S009,C00112,P0016,1,4410,0.1,4410
O000655,2024-03-21,2024-03-22,S006,C00338,P0020,1,7900,0,7900
O000656,2024-03-21,2024-03-21,S014,C00176,P0009,1,26410,0.05,26410
O000657,2024-03-21,2024-03-23,S005,C00545,P0015,1,13320,0.1,13320
O000658,2024-03-21,2024-03-23,S012,C00381,P0011,1,6980,0,6980
O000659,2024-03-21,2024-03-22,S004,C00366,P0017,1,16800,0,16800
O000660,2024-03-22,2024-03-27,S011,C00553,P0018,1,5900,0,5900
O000661,2024-03-22,2024-03-25,S011,C00380,P0021,1,5900,0,5900
O000662,2024-03-22,2024-03-23,S007,C00056,P0006,1,11800,0,11800
O000663,2024-03-22,2024-03-24,S012,C00451,P0017,2,16800,0,33600
O000664,2024-03-22,2024-03-23,S002,C00321,P0009,1,27800,0,27800
O000665,2024-03-22,2024-03-22,S013,C00381,P0026,1,1980,0,1980
O000666,2024-03-22,2024-03-22,S005,C00376,P0009,1,27800,0,27800
O000667,2024-03-22,2024-03-22,S003,C00531,P0028,1,3200,0,3200
O000668,2024-03-23,2024-03-25,S002,C00366,P0015,1,14800,0,14800
O000669,2024-03-23,2024-03-25,S014,C00424,P0011,1,6980,0,6980
O000670,2024-03-23,2024-03-23,S007,C00563,P0020,1,7900,0,7900
O000671,2024-03-23,2024-03-24,S014,C00288,P0005,1,3200,0,3200
O000672,2024-03-23,2024-03-28,S002,C00498,P0012,5,64800,0,324000
O000673,2024-03-23,2024-03-23,S005,C00053,P0021,2,5900,0,11800
O000674,2024-03-23,2024-03-24,S012,C00427,P0013,1,19800,0,19800
O000675,2024-03-23,2024-03-23,S010,C00338,P0006,1,11800,0,11800
O000676,2024-03-23,2024-03-24,S002,C00106,P0008,1,4900,0,4900
O000677,2024-03-23,2024-03-23,S014,C00258,P0021,1,5900,0,5900
O000678,2024-03-23,2024-03-23,S007,C00518,P0013,1,19800,0,19800
O000679,2024-03-23,2024-03-25,S005,C00510,P0004,1,112000,0,112000
O000680,2024-03-23,2024-03-23,S008,C00391,P0007,1,32800,0,32800
O000681,2024-03-23,2024-03-24,S004,C00352,P0001,1,128000,0,128000
O000682,2024-03-23,2024-03-25,S003,C00528,P0003,5,54000,0,270000
O000683,2024-03-23,2024-03-23,S001,C00313,P0013,1,19800,0,19800
O000684,2024-03-23,2024-03-23,S012,C00243,P0021,1,5900,0,5900
O000685,2024-03-24,2024-03-29,S011,C00403,P0003,1,54000,0,54000
O000686,2024-03-24,2024-03-29,S002,C00105,P0013,1,19800,0,19800
O000687,2024-03-24,2024-03-25,S013,C00529,P0019,10,2980,0,29800
O000688,2024-03-24,2024-03-25,S003,C00269,P0027,2,1580,0,3160
O000689,2024-03-24,2024-03-24,S007,C00541,P0016,2,4900,0,9800
O000690,2024-03-24,2024-03-26,S001,C00534,P0008,1,4900,0,4900
O000691,2024-03-24,2024-03-25,S008,C00378,P0027,1,1580,0,1580
O000692,2024-03-24,2024-03-27,S011,C00119,P0009,1,27800,0,27800
O000693,2024-03-24,2024-03-27,S003,C00076,P0024,1,1280,0,1280
O000694,2024-03-24,2024-03-26,S003,C00268,P0027,1,1580,0,1580
O000695,2024-03-24,2024-03-27,S011,C00451,P0002,1,238000,0,238000
O000696,2024-03-24,2024-03-25,S014,C00031,P0005,1,3200,0,3200
O000697,2024-03-25,2024-03-27,S005,C00031,P0018,1,5310,0.1,5310
O000698,2024-03-25,2024-03-26,S011,C00025,P0015,1,14800,0,14800
O000699,2024-03-25,2024-03-25,S014,C00581,P0014,1,16800,0,16800
O000700,2024-03-25,2024-03-27,S003,C00442,P0025,1,1264,0.2,1264
O000701,2024-03-25,2024-03-25,S008,C00246,P0008,5,4900,0,24500
O000702,2024-03-25,2024-03-25,S014,C00052,P0027,2,1422,0.1,2844
O000703,2024-03-25,2024-03-27,S004,C00166,P0012,1,58320,0.1,58320
O000704,2024-03-25,2024-03-26,S003,C00129,P0012,1,64800,0,64800
O000705,2024-03-25,2024-03-25,S005,C00276,P0022,2,6800,0,13600
O000706,2024-03-25,2024-03-26,S013,C00532,P0020,2,7900,0,15800
O000707,2024-03-26,2024-03-29,S001,C00197,P0008,1,4900,0,4900
O000708,2024-03-26,2024-03-27,S014,C00148,P0006,1,11800,0,11800
O000709,2024-03-26,2024-03-28,S002,C00476,P0005,1,3200,0,3200
O000710,2024-03-26,2024-03-27,S007,C00225,P0017,1,16800,0,16800
O000711,2024-03-26,2024-03-26,S002,C00092,P0017,2,16800,0,33600
O000712,2024-03-26,2024-03-26,S006,C00418,P0026,1,1980,0,1980
O000713,2024-03-26,2024-03-27,S004,C00279,P0013,1,19800,0,19800
O000714,2024-03-26,2024-03-31,S001,C00398,P0027,1,1580,0,1580
O000715,2024-03-26,2024-03-26,S014,C00070,P0027,1,1580,0,1580
O000716,2024-03-26,2024-03-28,S001,C00049,P0014,1,16800,0,16800
O000717,2024-03-26,2024-03-29,S007,C00529,P0015,1,14800,0,14800
O000718,2024-03-26,2024-03-27,S013,C00171,P0013,1,19800,0,19800
O000719,2024-03-27,2024-03-28,S007,C00272,P0032,2,3980,0,7960
O000720,2024-03-27,2024-03-29,S011,C00371,P0021,1,5605,0.05,5605
O000721,2024-03-27,2024-03-27,S003,C00271,P0018,1,5900,0,5900
O000722,2024-03-27,2024-03-28,S007,C00093,P0002,1,238000,0,238000
O000723,2024-03-27,2024-03-27,S003,C00558,P0014,2,16800,0,33600
O000724,2024-03-27,2024-03-27,S014,C00435,P0018,1,5900,0,5900
O000725,2024-03-27,2024-03-28,S007,C00443,P0023,1,1980,0,1980
O000726,2024-03-27,2024-03-27,S011,C00260,P0032,1,3980,0,3980
O000727,2024-03-28,2024-03-30,S001,C00041,P0023,5,1980,0,9900
O000728,2024-03-28,2024-03-31,S010,C00246,P0005,1,3200,0,3200
O000729,2024-03-28,2024-03-29,S007,C00488,P0032,1,3980,0,3980
O000730,2024-03-28,2024-03-28,S003,C00577,P0028,1,3200,0,3200
O000731,2024-03-28,2024-03-28,S013,C00553,P0018,1,5605,0.05,5605
O000732,2024-03-28,2024-03-28,S007,C00150,P0019,1,2980,0,2980
O000733,2024-03-28,2024-03-31,S010,C00385,P0002,3,238000,0,714000
O000734,2024-03-28,2024-03-29,S008,C00383,P0031,1,1380,0,1380
O000735,2024-03-28,2024-03-29,S013,C00589,P0002,2,238000,0,476000
O000736,2024-03-28,2024-03-28,S004,C00400,P0013,2,19800,0,39600
O000737,2024-03-29,2024-03-30,S005,C00447,P0016,1,4655,0.05,4655
O000738,2024-03-29,2024-03-31,S003,C00304,P0025,1,1580,0,1580
O000739,2024-03-29,2024-03-31,S009,C00177,P0010,5,29800,0,149000
O000740,2024-03-29,2024-04-01,S002,C00402,P0029,1,2180,0,2180
O000741,2024-03-29,2024-03-30,S013,C00255,P0025,1,1580,0,1580
O000742,2024-03-29,2024-03-29,S003,C00572,P0005,2,2880,0.1,5760
O000743,2024-03-29,2024-04-03,S002,C00176,P0013,1,19800,0,19800
O000744,2024-03-29,2024-03-30,S005,C00094,P0001,1,128000,0,128000
O000745,2024-03-29,2024-03-30,S001,C00214,P0020,1,7900,0,7900
O000746,2024-03-29,2024-03-31,S008,C00100,P0027,1,1264,0.2,1264
O000747,2024-03-29,2024-03-29,S007,C00292,P0005,1,3200,0,3200
O000748,2024-03-30,2024-04-01,S012,C00250,P0015,2,14800,0,29600
O000749,2024-03-30,2024-03-31,S004,C00177,P0025,2,1580,0,3160
O000750,2024-03-30,2024-03-30,S007,C00581,P0022,1,6460,0.05,6460
O000751,2024-03-30,2024-03-31,S004,C00436,P0021,1,5900,0,5900
O000752,2024-03-30,2024-03-30,S009,C00449,P0003,1,51300,0.05,51300
O000753,2024-03-30,2024-04-01,S003,C00448,P0022,2,6800,0,13600
O000754,2024-03-30,2024-03-30,S009,C00437,P0017,1,15960,0.05,15960
O000755,2024-03-30,2024-03-30,S003,C00334,P0001,1,128000,0,128000
O000756,2024-03-30,2024-03-31,S001,C00183,P0006,1,11800,0,11800
O000757,2024-03-30,2024-03-30,S003,C00344,P0022,1,6800,0,6800
O000758,2024-03-30,2024-03-31,S006,C00320,P0004,1,89600,0.2,89600
O000759,2024-03-30,2024-03-30,S009,C00154,P0031,3,1311,0.05,3933
O000760,2024-03-30,2024-03-31,S001,C00596,P0014,1,16800,0,16800
O000761,2024-03-31,2024-04-01,S014,C00419,P0030,3,780,0,2340
O000762,2024-03-31,2024-04-03,S001,C00370,P0005,1,3200,0,3200
O000763,2024-03-31,2024-03-31,S007,C00221,P0003,1,51300,0.05,51300
O000764,2024-03-31,2024-04-03,S002,C00355,P0026,2,1980,0,3960
O000765,2024-03-31,2024-03-31,S006,C00516,P0027,1,1580,0,1580
O000766,2024-03-31,2024-03-31,S007,C00306,P0016,1,3920,0.2,3920
O000767,2024-03-31,2024-04-01,S007,C00108,P0013,1,19800,0,19800
O000768,2024-03-31,2024-04-01,S011,C00469,P0029,1,1962,0.1,1962
O000769,2024-03-31,2024-03-31,S002,C00148,P0003,1,54000,0,54000
O000770,2024-03-31,2024-04-01,S012,C00058,P0005,1,3200,0,3200
O000771,2024-03-31,2024-04-01,S011,C00071,P0032,5,3980,0,19900
O000772,2024-03-31,2024-04-02,S007,C00505,P0016,1,4900,0,4900
O000773,2024-03-31,2024-04-02,S002,C00270,P0016,1,4900,0,4900
O000774,2024-04-01,2024-04-01,S001,C00582,P0024,1,1280,0,1280
O000775,2024-04-01,2024-04-02,S014,C00565,P0007,1,32800,0,32800
O000776,2024-04-01,2024-04-02,S002,C00049,P0011,1,6980,0,6980
O000777,2024-04-01,2024-04-02,S014,C00477,P0005,1,3200,0,3200
O000778,2024-04-01,2024-04-02,S007,C00296,P0005,1,3200,0,3200
O000779,2024-04-02,2024-04-03,S003,C00348,P0013,1,18810,0.05,18810
O000780,2024-04-02,2024-04-03,S003,C00440,P0029,1,1962,0.1,1962
O000781,2024-04-02,2024-04-02,S003,C00110,P0022,2,6800,0,13600
O000782,2024-04-02,2024-04-04,S006,C00589,P0008,1,4900,0,4900
O000783,2024-04-02,2024-04-02,S006,C00408,P0028,1,3200,0,3200
O000784,2024-04-02,2024-04-03,S005,C00087,P0028,1,3200,0,3200
O000785,2024-04-02,2024-04-04,S013,C00119,P0004,3,89600,0.2,268800
O000786,2024-04-03,2024-04-03,S001,C00450,P0013,2,19800,0,39600
O000787,2024-04-03,2024-04-03,S001,C00550,P0025,2,1580,0,3160
O000788,2024-04-03,2024-04-08,S001,C00541,P0030,1,702,0.1,702
O000789,2024-04-03,2024-04-04,S009,C00258,P0017,2,16800,0,33600
O000790,2024-04-03,2024-04-06,S005,C00130,P0017,1,15960,0.05,15960
O000791,2024-04-03,2024-04-05,S002,C00391,P0024,2,1280,0,2560
O000792,2024-04-03,2024-04-03,S003,C00155,P0015,1,14800,0,14800
O000793,2024-04-03,2024-04-03,S002,C00562,P0003,1,51300,0.05,51300
O000794,2024-04-03,2024-04-06,S007,C00239,P0022,1,6800,0,6800
O000795,2024-04-03,2024-04-05,S012,C00266,P0021,1,5900,0,5900
O000796,2024-04-03,2024-04-05,S014,C00058,P0028,1,3200,0,3200
O000797,2024-04-04,2024-04-05,S003,C00495,P0032,1,3980,0,3980
O000798,2024-04-04,2024-04-04,S014,C00376,P0022,1,6120,0.1,6120
O000799,2024-04-04,2024-04-06,S001,C00368,P0017,5,16800,0,84000
O000800,2024-04-04,2024-04-04,S007,C00146,P0008,1,4900,0,4900
O000801,2024-04-04,2024-04-04,S011,C00091,P0010,1,29800,0,29800
O000802,2024-04-05,2024-04-08,S008,C00546,P0025,1,1580,0,1580
O000803,2024-04-05,2024-04-05,S005,C00207,P0010,1,29800,0,29800
O000804,2024-04-05,2024-04-06,S007,C00325,P0023,1,1980,0,1980
O000805,2024-04-05,2024-04-06,S002,C00389,P0016,2,4900,0,9800
O000806,2024-04-05,2024-04-06,S002,C00262,P0026,2,1881,0.05,3762
O000807,2024-04-05,2024-04-06,S003,C00382,P0029,1,2180,0,2180
O000808,2024-04-06,2024-04-07,S014,C00127,P0007,3,32800,0,98400
O000809,2024-04-06,2024-04-08,S003,C00018,P0005,1,3200,0,3200
O000810,2024-04-06,2024-04-06,S011,C00182,P0003,1,54000,0,54000
O000811,2024-04-06,2024-04-07,S014,C00371,P0023,1,1980,0,1980
O000812,2024-04-06,2024-04-08,S001,C00255,P0031,1,1380,0,1380
O000813,2024-04-06,2024-04-06,S007,C00521,P0002,1,238000,0,238000
O000814,2024-04-06,2024-04-08,S006,C00405,P0018,1,5900,0,5900
O000815,2024-04-06,2024-04-06,S011,C00197,P0027,1,1501,0.05,1501
O000816,2024-04-06,2024-04-08,S002,C00239,P0022,1,6800,0,6800
O000817,2024-04-06,2024-04-06,S003,C00336,P0031,1,1380,0,1380
O000818,2024-04-07,2024-04-07,S011,C00421,P0005,1,3200,0,3200
O000819,2024-04-07,2024-04-09,S001,C00247,P0009,1,27800,0,27800
O000820,2024-04-07,2024-04-07,S013,C00284,P0029,1,2180,0,2180
O000821,2024-04-07,2024-04-09,S008,C00320,P0014,2,16800,0,33600
O000822,2024-04-07,2024-04-09,S008,C00106,P0029,2,2180,0,4360
O000823,2024-04-07,2024-04-07,S014,C00313,P0011,1,6980,0,6980
O000824,2024-04-07,2024-04-09,S004,C00083,P0006,1,10620,0.1,10620
O000825,2024-04-08,2024-04-09,S001,C00045,P0029,3,2180,0,6540
O000826,2024-04-08,2024-04-09,S009,C00028,P0002,5,238000,0,1190000
O000827,2024-04-08,2024-04-09,S001,C00386,P0016,5,4900,0,24500
O000828,2024-04-08,2024-04-08,S003,C00517,P0025,3,1580,0,4740
O000829,2024-04-08,2024-04-08,S001,C00556,P0010,1,29800,0,29800
O000830,2024-04-08,2024-04-09,S001,C00428,P0003,3,54000,0,162000
O000831,2024-04-08,2024-04-10,S014,C00410,P0024,5,1280,0,6400
O000832,2024-04-08,2024-04-09,S014,C00025,P0020,1,7900,0,7900
O000833,2024-04-08,2024-04-08,S003,C00219,P0030,1,780,0,780
O000834,2024-04-08,2024-04-11,S011,C00578,P0023,3,1980,0,5940
O000835,2024-04-09,2024-04-10,S007,C00066,P0006,2,11800,0,23600
O000836,2024-04-09,2024-04-09,S014,C00186,P0029,1,2180,0,2180
O000837,2024-04-09,2024-04-11,S008,C00249,P0004,1,112000,0,112000
O000838,2024-04-09,2024-04-09,S007,C00474,P0032,2,3980,0,7960
O000839,2024-04-09,2024-04-10,S014,C00425,P0027,1,1580,0,1580
O000840,2024-04-09,2024-04-09,S014,C00415,P0017,1,16800,0,16800
O000841,2024-04-09,2024-04-09,S014,C00215,P0025,2,1580,0,3160
O000842,2024-04-09,2024-04-14,S002,C00530,P0024,1,1280,0,1280
O000843,2024-04-09,2024-04-10,S011,C00232,P0015,1,11840,0.2,11840
O000844,2024-04-10,2024-04-10,S014,C00424,P0028,1,3200,0,3200
O000845,2024-04-10,2024-04-15,S013,C00463,P0031,1,1380,0,1380
O000846,2024-04-10,2024-04-10,S013,C00126,P0001,1,128000,0,128000
O000847,2024-04-10,2024-04-10,S009,C00274,P0011,1,6980,0,6980
O000848,2024-04-10,2024-04-10,S002,C00360,P0001,1,128000,0,128000
O000849,2024-04-10,2024-04-11,S014,C00160,P0011,1,6980,0,6980
O000850,2024-04-10,2024-04-12,S007,C00445,P0029,1,2180,0,2180
O000851,2024-04-10,2024-04-11,S003,C00367,P0015,1,14800,0,14800
O000852,2024-04-10,2024-04-11,S014,C00024,P0018,1,5900,0,5900
O000853,2024-04-10,2024-04-11,S003,C00451,P0031,1,1380,0,1380
O000854,2024-04-11,2024-04-11,S003,C00347,P0006,2,11800,0,23600
O000855,2024-04-11,2024-04-11,S008,C00160,P0027,1,1580,0,1580
O000856,2024-04-11,2024-04-14,S014,C00511,P0027,1,1501,0.05,1501
O000857,2024-04-11,2024-04-12,S009,C00540,P0007,10,32800,0,328000
O000858,2024-04-11,2024-04-11,S001,C00514,P0026,1,1980,0,1980
O000859,2024-04-11,2024-04-13,S013,C00012,P0019,2,2980,0,5960
O000860,2024-04-11,2024-04-11,S014,C00014,P0024,2,1280,0,2560
O000861,2024-04-12,2024-04-13,S012,C00167,P0002,1,238000,0,238000
O000862,2024-04-12,2024-04-15,S002,C00578,P0030,1,780,0,780
O000863,2024-04-12,2024-04-13,S007,C00303,P0016,1,3920,0.2,3920
O000864,2024-04-12,2024-04-13,S008,C00317,P0003,1,54000,0,54000
O000865,2024-04-12,2024-04-12,S008,C00076,P0032,1,3980,0,3980
O000866,2024-04-12,2024-04-14,S007,C00132,P0015,1,14800,0,14800
O000867,2024-04-12,2024-04-13,S003,C00544,P0007,2,32800,0,65600
O000868,2024-04-12,2024-04-12,S007,C00033,P0018,1,5900,0,5900
O000869,2024-04-12,2024-04-12,S007,C00153,P0008,3,4900,0,14700
O000870,2024-04-12,2024-04-13,S002,C00220,P0021,1,5310,0.1,5310
O000871,2024-04-13,2024-04-13,S011,C00545,P0007,1,32800,0,32800
O000872,2024-04-13,2024-04-18,S009,C00028,P0002,1,238000,0,238000
O000873,2024-04-13,2024-04-13,S014,C00069,P0017,1,15960,0.05,15960
O000874,2024-04-13,2024-04-16,S001,C00437,P0032,1,3781,0.05,3781
O000875,2024-04-13,2024-04-14,S001,C00411,P0002,2,238000,0,476000
O000876,2024-04-13,2024-04-13,S003,C00476,P0032,1,3980,0,3980
O000877,2024-04-13,2024-04-13,S007,C00572,P0028,1,3200,0,3200
O000878,2024-04-13,2024-04-15,S005,C00455,P0006,5,11800,0,59000
O000879,2024-04-14,2024-04-15,S014,C00386,P0032,3,3980,0,11940
O000880,2024-04-14,2024-04-15,S014,C00237,P0029,2,1744,0.2,3488
O000881,2024-04-14,2024-04-16,S003,C00444,P0006,1,11800,0,11800
O000882,2024-04-14,2024-04-15,S005,C00418,P0013,1,17820,0.1,17820
O000883,2024-04-14,2024-04-16,S001,C00508,P0010,2,29800,0,59600
O000884,2024-04-14,2024-04-17,S004,C00128,P0002,3,238000,0,714000
O000885,2024-04-14,2024-04-16,S014,C00568,P0030,2,780,0,1560
O000886,2024-04-14,2024-04-14,S001,C00482,P0015,1,13320,0.1,13320
O000887,2024-04-14,2024-04-15,S011,C00384,P0009,2,27800,0,55600
O000888,2024-04-15,2024-04-15,S014,C00045,P0016,1,4900,0,4900
O000889,2024-04-15,2024-04-16,S010,C00296,P0011,1,6980,0,6980
O000890,2024-04-15,2024-04-15,S009,C00366,P0023,3,1980,0,5940
O000891,2024-04-16,2024-04-17,S011,C00141,P0018,1,5605,0.05,5605
O000892,2024-04-16,2024-04-18,S001,C00288,P0013,1,15840,0.2,15840
O000893,2024-04-16,2024-04-16,S014,C00185,P0002,1,238000,0,238000
O000894,2024-04-16,2024-04-17,S009,C00439,P0004,1,89600,0.2,89600
O000895,2024-04-16,2024-04-17,S014,C00504,P0003,1,54000,0,54000
O000896,2024-04-16,2024-04-17,S014,C00464,P0004,3,106400,0.05,319200
O000897,2024-04-16,2024-04-18,S002,C00578,P0016,1,4410,0.1,4410
O000898,2024-04-16,2024-04-17,S001,C00383,P0001,1,128000,0,128000
O000899,2024-04-16,2024-04-19,S002,C00061,P0005,1,3200,0,3200
O000900,2024-04-16,2024-04-17,S014,C00598,P0027,1,1580,0,1580
O000901,2024-04-16,2024-04-19,S002,C00332,P0005,1,2560,0.2,2560
O000902,2024-04-17,2024-04-18,S014,C00134,P0008,1,4900,0,4900
O000903,2024-04-17,2024-04-18,S008,C00569,P0027,2,1264,0.2,2528
O000904,2024-04-17,2024-04-17,S001,C00021,P0014,1,16800,0,16800
O000905,2024-04-17,2024-04-19,S007,C00165,P0019,1,2980,0,2980
O000906,2024-04-18,2024-04-18,S005,C00366,P0009,1,27800,0,27800
O000907,2024-04-18,2024-04-18,S004,C00461,P0024,3,1280,0,3840
O000908,2024-04-18,2024-04-18,S003,C00592,P0031,1,1242,0.1,1242
O000909,2024-04-18,2024-04-20,S011,C00084,P0014,1,16800,0,16800
O000910,2024-04-18,2024-04-18,S001,C00442,P0007,5,32800,0,164000
O000911,2024-04-18,2024-04-18,S008,C00558,P0030,1,741,0.05,741
O000912,2024-04-18,2024-04-18,S013,C00007,P0013,1,19800,0,19800
O000913,2024-04-19,2024-04-20,S014,C00435,P0025,1,1580,0,1580
O000914,2024-04-19,2024-04-20,S001,C00240,P0011,1,6980,0,6980
O000915,2024-04-19,2024-04-19,S002,C00321,P0017,1,16800,0,16800
O000916,2024-04-19,2024-04-20,S007,C00586,P0028,2,3200,0,6400
O000917,2024-04-20,2024-04-20,S007,C00494,P0031,1,1380,0,1380
O000918,2024-04-20,2024-04-21,S007,C00032,P0021,1,5900,0,5900
O000919,2024-04-20,2024-04-21,S002,C00146,P0026,2,1980,0,3960
O000920,2024-04-20,2024-04-22,S007,C00379,P0012,2,64800,0,129600
O000921,2024-04-20,2024-04-20,S009,C00487,P0022,1,6460,0.05,6460
O000922,2024-04-20,2024-04-21,S012,C00499,P0021,1,5900,0,5900
O000923,2024-04-20,2024-04-20,S003,C00335,P0019,1,2682,0.1,2682
O000924,2024-04-20,2024-04-22,S008,C00440,P0027,1,1580,0,1580
O000925,2024-04-20,2024-04-23,S014,C00487,P0020,1,7900,0,7900
O000926,2024-04-20,2024-04-21,S007,C00539,P0017,1,16800,0,16800
O000927,2024-04-20,2024-04-23,S003,C00207,P0013,1,19800,0,19800
O000928,2024-04-20,2024-04-20,S007,C00442,P0010,2,29800,0,59600
O000929,2024-04-21,2024-04-23,S012,C00532,P0025,1,1580,0,1580
O000930,2024-04-21,2024-04-21,S009,C00527,P0001,1,128000,0,128000
O000931,2024-04-21,2024-04-22,S014,C00491,P0031,2,1380,0,2760
O000932,2024-04-21,2024-04-21,S005,C00122,P0027,1,1580,0,1580
O000933,2024-04-21,2024-04-21,S011,C00481,P0026,2,1980,0,3960
O000934,2024-04-21,2024-04-24,S001,C00409,P0012,5,61560,0.05,307800
O000935,2024-04-21,2024-04-21,S001,C00136,P0012,1,64800,0,64800
O000936,2024-04-21,2024-04-22,S008,C00236,P0003,3,54000,0,162000
O000937,2024-04-21,2024-04-22,S010,C00132,P0006,2,11800,0,23600
O000938,2024-04-21,2024-04-21,S001,C00501,P0001,1,128000,0,128000
O000939,2024-04-21,2024-04-23,S005,C00474,P0004,3,112000,0,336000
O000940,2024-04-22,2024-04-24,S008,C00018,P0018,2,5310,0.1,10620
O000941,2024-04-22,2024-04-25,S002,C00595,P0027,1,1580,0,1580
O000942,2024-04-22,2024-04-24,S013,C00522,P0018,1,5900,0,5900
O000943,2024-04-22,2024-04-22,S014,C00093,P0010,1,29800,0,29800
O000944,2024-04-22,2024-04-23,S002,C00095,P0005,2,3200,0,6400
O000945,2024-04-22,2024-04-22,S013,C00253,P0024,2,1280,0,2560
O000946,2024-04-23,2024-04-25,S009,C00257,P0027,1,1580,0,1580
O000947,2024-04-23,2024-04-25,S012,C00598,P0008,1,4900,0,4900
O000948,2024-04-23,2024-04-26,S013,C00316,P0013,5,19800,0,99000
O000949,2024-04-23,2024-04-23,S008,C00169,P0027,1,1580,0,1580
O000950,2024-04-24,2024-04-24,S002,C00383,P0001,1,128000,0,128000
O000951,2024-04-24,2024-04-25,S008,C00047,P0027,1,1580,0,1580
O000952,2024-04-24,2024-04-27,S006,C00366,P0028,2,3200,0,6400
O000953,2024-04-25,2024-04-27,S009,C00377,P0013,1,19800,0,19800
O000954,2024-04-25,2024-04-30,S013,C00317,P0027,1,1580,0,1580
O000955,2024-04-25,2024-04-26,S014,C00162,P0025,2,1580,0,3160
O000956,2024-04-25,2024-04-26,S013,C00587,P0005,1,3200,0,3200
O000957,2024-04-25,2024-04-30,S012,C00261,P0001,1,128000,0,128000
O000958,2024-04-25,2024-04-25,S004,C00029,P0028,1,3200,0,3200
O000959,2024-04-25,2024-04-25,S002,C00380,P0020,2,7900,0,15800
O000960,2024-04-25,2024-04-26,S003,C00113,P0009,10,27800,0,278000
O000961,2024-04-25,2024-04-26,S011,C00088,P0031,2,1311,0.05,2622
O000962,2024-04-25,2024-04-25,S012,C00463,P0029,1,2180,0,2180
O000963,2024-04-26,2024-04-29,S002,C00543,P0002,1,238000,0,238000
O000964,2024-04-26,2024-04-28,S014,C00317,P0003,3,54000,0,162000
O000965,2024-04-26,2024-04-26,S007,C00477,P0025,1,1501,0.05,1501
O000966,2024-04-26,2024-04-26,S007,C00501,P0003,1,54000,0,54000
O000967,2024-04-26,2024-04-27,S014,C00161,P0011,1,6980,0,6980
O000968,2024-04-26,2024-04-27,S010,C00424,P0030,1,741,0.05,741
O000969,2024-04-26,2024-04-29,S010,C00077,P0003,3,54000,0,162000
O000970,2024-04-26,2024-04-26,S003,C00514,P0018,1,5900,0,5900
O000971,2024-04-27,2024-04-27,S014,C00469,P0008,2,4900,0,9800
O000972,2024-04-27,2024-04-27,S007,C00141,P0024,1,1280,0,1280
O000973,2024-04-27,2024-05-02,S009,C00414,P0013,1,19800,0,19800
O000974,2024-04-27,2024-04-29,S001,C00225,P0032,1,3980,0,3980
O000975,2024-04-27,2024-04-27,S011,C00292,P0024,1,1024,0.2,1024
O000976,2024-04-27,2024-04-27,S014,C00076,P0032,2,3980,0,7960
O000977,2024-04-27,2024-04-30,S009,C00413,P0026,1,1782,0.1,1782
O000978,2024-04-27,2024-04-27,S004,C00465,P0013,1,19800,0,19800
O000979,2024-04-27,2024-04-27,S004,C00244,P0001,1,128000,0,128000
O000980,2024-04-27,2024-04-28,S013,C00532,P0025,1,1422,0.1,1422
O000981,2024-04-27,2024-04-28,S013,C00134,P0009,1,27800,0,27800
O000982,2024-04-27,2024-04-27,S014,C00016,P0027,1,1580,0,1580
O000983,2024-04-27,2024-04-27,S002,C00583,P0032,2,3980,0,7960
O000984,2024-04-27,2024-04-28,S011,C00240,P0003,1,54000,0,54000
O000985,2024-04-28,2024-04-29,S013,C00322,P0022,2,6800,0,13600
O000986,2024-04-28,2024-04-28,S002,C00373,P0028,1,3040,0.05,3040
O000987,2024-04-28,2024-04-28,S013,C00253,P0024,1,1280,0,1280
O000988,2024-04-28,2024-04-29,S001,C00472,P0026,1,1980,0,1980
O000989,2024-04-28,2024-04-28,S001,C00092,P0014,1,16800,0,16800
O000990,2024-04-28,2024-04-30,S014,C00369,P0023,3,1782,0.1,5346
O000991,2024-04-28,2024-04-28,S006,C00385,P0020,1,7505,0.05,7505
O000992,2024-04-28,2024-04-29,S007,C00259,P0019,1,2980,0,2980
O000993,2024-04-28,2024-04-29,S014,C00140,P0029,1,2180,0,2180
O000994,2024-04-28,2024-04-29,S003,C00427,P0010,1,29800,0,29800
O000995,2024-04-29,2024-04-29,S005,C00090,P0002,1,238000,0,238000
O000996,2024-04-29,2024-04-30,S008,C00482,P0014,1,16800,0,16800
O000997,2024-04-29,2024-05-02,S004,C00237,P0006,1,11800,0,11800
O000998,2024-04-29,2024-04-29,S007,C00145,P0029,1,2180,0,2180
O000999,2024-04-29,2024-05-02,S014,C00579,P0024,1,1280,0,1280
O001000,2024-04-29,2024-05-02,S014,C00407,P0018,1,5900,0,5900
O001001,2024-04-30,2024-05-01,S002,C00368,P0025,2,1580,0,3160
O001002,2024-04-30,2024-05-01,S014,C00086,P0015,1,14800,0,14800
O001003,2024-04-30,2024-05-01,S004,C00008,P0011,1,6980,0,6980
O001004,2024-04-30,2024-04-30,S007,C00066,P0005,1,3200,0,3200
O001005,2024-04-30,2024-05-01,S011,C00269,P0004,1,112000,0,112000
O001006,2024-04-30,2024-05-02,S011,C00494,P0020,2,7900,0,15800
O001007,2024-04-30,2024-05-01,S009,C00421,P0002,1,238000,0,238000
O001008,2024-04-30,2024-04-30,S014,C00597,P0019,1,2980,0,2980
O001009,2024-04-30,2024-05-05,S004,C00595,P0014,2,16800,0,33600
O001010,2024-04-30,2024-04-30,S001,C00491,P0025,1,1580,0,1580
O001011,2024-05-01,2024-05-01,S001,C00420,P0026,1,1980,0,1980
O001012,2024-05-01,2024-05-01,S009,C00489,P0018,1,5900,0,5900
O001013,2024-05-01,2024-05-01,S009,C00052,P0024,1,1280,0,1280
O001014,2024-05-01,2024-05-02,S014,C00363,P0025,1,1501,0.05,1501
O001015,2024-05-01,2024-05-04,S002,C00209,P0025,1,1580,0,1580
O001016,2024-05-01,2024-05-06,S014,C00135,P0015,2,14800,0,29600
O001017,2024-05-01,2024-05-03,S002,C00422,P0031,2,1380,0,2760
O001018,2024-05-02,2024-05-03,S007,C00096,P0013,2,19800,0,39600
O001019,2024-05-02,2024-05-02,S014,C00141,P0017,2,16800,0,33600
O001020,2024-05-02,2024-05-03,S006,C00062,P0021,1,5605,0.05,5605
O001021,2024-05-02,2024-05-04,S006,C00037,P0031,2,1380,0,2760
O001022,2024-05-02,2024-05-04,S014,C00333,P0030,2,780,0,1560
O001023,2024-05-02,2024-05-04,S014,C00548,P0013,1,19800,0,19800
O001024,2024-05-02,2024-05-02,S005,C00209,P0022,1,6800,0,6800
O001025,2024-05-02,2024-05-07,S005,C00258,P0026,1,1980,0,1980
O001026,2024-05-03,2024-05-05,S007,C00149,P0017,1,16800,0,16800
O001027,2024-05-03,2024-05-04,S004,C00583,P0017,2,15120,0.1,30240
O001028,2024-05-03,2024-05-06,S006,C00054,P0011,1,6980,0,6980
O001029,2024-05-03,2024-05-03,S002,C00505,P0009,1,26410,0.05,26410
O001030,2024-05-03,2024-05-04,S008,C00337,P0024,3,1024,0.2,3072
O001031,2024-05-03,2024-05-03,S007,C00004,P0032,1,3980,0,3980
O001032,2024-05-03,2024-05-03,S003,C00040,P0013,1,19800,0,19800
O001033,2024-05-03,2024-05-05,S014,C00133,P0031,1,1380,0,1380
O001034,2024-05-03,2024-05-03,S007,C00013,P0026,1,1980,0,1980
O001035,2024-05-03,2024-05-03,S002,C00304,P0031,1,1242,0.1,1242
O001036,2024-05-04,2024-05-06,S003,C00476,P0008,1,4410,0.1,4410
O001037,2024-05-04,2024-05-06,S007,C00549,P0024,1,1216,0.05,1216
O001038,2024-05-04,2024-05-05,S014,C00079,P0030,1,780,0,780
O001039,2024-05-04,2024-05-05,S014,C00513,P0018,1,5900,0,5900
O001040,2024-05-04,2024-05-04,S002,C00381,P0013,2,19800,0,39600
O001041,2024-05-04,2024-05-04,S011,C00511,P0031,2,1242,0.1,2484
O001042,2024-05-04,2024-05-04,S005,C00520,P0015,1,13320,0.1,13320
O001043,2024-05-04,2024-05-04,S005,C00041,P0032,5,3980,0,19900
O001044,2024-05-04,2024-05-05,S013,C00272,P0014,1,16800,0,16800
O001045,2024-05-04,2024-05-05,S002,C00336,P0024,1,1216,0.05,1216
O001046,2024-05-04,2024-05-04,S014,C00016,P0006,1,11800,0,11800
O001047,2024-05-05,2024-05-05,S004,C00248,P0013,2,19800,0,39600
O001048,2024-05-05,2024-05-05,S011,C00493,P0031,1,1380,0,1380
O001049,2024-05-05,2024-05-05,S009,C00261,P0004,2,112000,0,224000
O001050,2024-05-05,2024-05-10,S003,C00196,P0014,5,16800,0,84000
O001051,2024-05-05,2024-05-05,S005,C00149,P0027,1,1580,0,1580
O001052,2024-05-05,2024-05-05,S006,C00358,P0003,2,43200,0.2,86400
O001053,2024-05-05,2024-05-05,S014,C00414,P0027,1,1580,0,1580
O001054,2024-05-05,2024-05-08,S001,C00399,P0026,1,1980,0,1980
O001055,2024-05-05,2024-05-05,S014,C00364,P0032,1,3980,0,3980
O001056,2024-05-06,2024-05-08,S014,C00163,P0014,1,15120,0.1,15120
O001057,2024-05-06,2024-05-09,S014,C00233,P0024,1,1216,0.05,1216
O001058,2024-05-06,2024-05-09,S002,C00003,P0018,1,5900,0,5900
O001059,2024-05-06,2024-05-06,S002,C00089,P0003,2,54000,0,108000
O001060,2024-05-06,2024-05-06,S014,C00547,P0024,1,1024,0.2,1024
O001061,2024-05-06,2024-05-06,S009,C00485,P0001,1,128000,0,128000
O001062,2024-05-07,2024-05-07,S007,C00386,P0025,1,1580,0,1580
O001063,2024-05-07,2024-05-09,S014,C00310,P0023,1,1782,0.1,1782
O001064,2024-05-07,2024-05-07,S005,C00557,P0002,1,238000,0,238000
O001065,2024-05-07,2024-05-07,S009,C00329,P0010,2,29800,0,59600
O001066,2024-05-07,2024-05-08,S007,C00071,P0015,1,14800,0,14800
O001067,2024-05-07,2024-05-07,S009,C00372,P0009,2,27800,0,55600
O001068,2024-05-07,2024-05-08,S006,C00431,P0005,1,3200,0,3200
O001069,2024-05-08,2024-05-08,S005,C00219,P0026,2,1980,0,3960
O001070,2024-05-08,2024-05-10,S008,C00015,P0032,1,3980,0,3980
O001071,2024-05-08,2024-05-09,S007,C00124,P0021,1,5605,0.05,5605
O001072,2024-05-08,2024-05-09,S014,C00277,P0008,2,4900,0,9800
O001073,2024-05-08,2024-05-09,S011,C00050,P0018,2,5605,0.05,11210
O001074,2024-05-08,2024-05-10,S007,C00466,P0032,3,3980,0,11940
O001075,2024-05-08,2024-05-09,S013,C00282,P0020,1,7900,0,7900
O001076,2024-05-08,2024-05-10,S002,C00150,P0002,10,238000,0,2380000
O001077,2024-05-08,2024-05-10,S014,C00326,P0006,1,11800,0,11800
O001078,2024-05-08,2024-05-09,S003,C00411,P0019,1,2980,0,2980
O001079,2024-05-09,2024-05-14,S003,C00246,P0029,1,2180,0,2180
O001080,2024-05-09,2024-05-12,S003,C00532,P0002,1,238000,0,238000
O001081,2024-05-09,2024-05-10,S012,C00498,P0006,1,11800,0,11800
O001082,2024-05-09,2024-05-10,S014,C00422,P0021,1,5605,0.05,5605
O001083,2024-05-09,2024-05-09,S006,C00069,P0005,3,3200,0,9600
O001084,2024-05-09,2024-05-12,S003,C00160,P0011,1,6980,0,6980
O001085,2024-05-10,2024-05-13,S008,C00184,P0023,1,1980,0,1980
O001086,2024-05-10,2024-05-11,S001,C00344,P0009,1,25020,0.1,25020
O001087,2024-05-10,2024-05-11,S013,C00431,P0017,1,16800,0,16800
O001088,2024-05-10,2024-05-12,S010,C00368,P0024,1,1024,0.2,1024
O001089,2024-05-10,2024-05-10,S001,C00459,P0010,1,29800,0,29800
O001090,2024-05-10,2024-05-11,S004,C00523,P0031,3,1311,0.05,3933
O001091,2024-05-10,2024-05-11,S001,C00552,P0022,1,6460,0.05,6460
O001092,2024-05-10,2024-05-10,S007,C00385,P0027,1,1422,0.1,1422
O001093,2024-05-10,2024-05-11,S008,C00005,P0028,1,3200,0,3200
O001094,2024-05-10,2024-05-12,S007,C00126,P0028,1,3200,0,3200
O001095,2024-05-10,2024-05-11,S005,C00054,P0029,1,2180,0,2180
O001096,2024-05-10,2024-05-10,S001,C00207,P0014,1,16800,0,16800
O001097,2024-05-11,2024-05-16,S007,C00123,P0010,1,29800,0,29800
O001098,2024-05-11,2024-05-13,S014,C00597,P0032,1,3980,0,3980
O001099,2024-05-11,2024-05-12,S005,C00471,P0002,1,238000,0,238000
O001100,2024-05-11,2024-05-12,S007,C00257,P0032,2,3582,0.1,7164
O001101,2024-05-11,2024-05-11,S011,C00223,P0008,1,4900,0,4900
O001102,2024-05-11,2024-05-11,S001,C00510,P0006,1,11800,0,11800
O001103,2024-05-11,2024-05-12,S001,C00195,P0009,1,27800,0,27800
O001104,2024-05-11,2024-05-13,S008,C00469,P0014,1,16800,0,16800
O001105,2024-05-11,2024-05-14,S014,C00353,P0001,1,121600,0.05,121600
O001106,2024-05-11,2024-05-13,S003,C00176,P0018,1,5900,0,5900
O001107,2024-05-11,2024-05-12,S014,C00195,P0031,2,1380,0,2760
O001108,2024-05-11,2024-05-11,S009,C00012,P0019,1,2980,0,2980
O001109,2024-05-12,2024-05-12,S014,C00304,P0001,1,128000,0,128000
O001110,2024-05-12,2024-05-14,S002,C00306,P0017,1,16800,0,16800
O001111,2024-05-12,2024-05-15,S011,C00287,P0005,1,3200,0,3200
O001112,2024-05-12,2024-05-13,S002,C00252,P0024,1,1280,0,1280
O001113,2024-05-12,2024-05-12,S001,C00175,P0016,1,4900,0,4900
O001114,2024-05-12,2024-05-12,S012,C00099,P0030,1,780,0,780
O001115,2024-05-12,2024-05-12,S001,C00034,P0009,1,27800,0,27800
O001116,2024-05-12,2024-05-12,S004,C00044,P0032,2,3980,0,7960
O001117,2024-05-12,2024-05-13,S005,C00101,P0008,1,4900,0,4900
O001118,2024-05-12,2024-05-12,S009,C00052,P0028,1,3200,0,3200
O001119,2024-05-12,2024-05-12,S003,C00226,P0030,1,741,0.05,741
O001120,2024-05-13,2024-05-16,S011,C00098,P0010,1,29800,0,29800
O001121,2024-05-13,2024-05-13,S007,C00525,P0013,1,19800,0,19800
O001122,2024-05-13,2024-05-13,S009,C00121,P0025,1,1580,0,1580
O001123,2024-05-13,2024-05-14,S003,C00522,P0023,1,1980,0,1980
O001124,2024-05-13,2024-05-15,S012,C00055,P0023,1,1980,0,1980
O001125,2024-05-13,2024-05-16,S005,C00494,P0030,1,780,0,780
O001126,2024-05-13,2024-05-13,S011,C00360,P0018,2,5900,0,11800
O001127,2024-05-13,2024-05-14,S007,C00228,P0011,1,6980,0,6980
O001128,2024-05-14,2024-05-15,S011,C00262,P0007,1,32800,0,32800
O001129,2024-05-14,2024-05-15,S003,C00498,P0007,2,32800,0,65600
O001130,2024-05-14,2024-05-14,S004,C00210,P0001,2,128000,0,256000
O001131,2024-05-14,2024-05-14,S010,C00192,P0018,1,5900,0,5900
O001132,2024-05-14,2024-05-16,S009,C00157,P0014,1,16800,0,16800
O001133,2024-05-15,2024-05-18,S002,C00147,P0025,1,1580,0,1580
O001134,2024-05-15,2024-05-17,S007,C00586,P0001,1,128000,0,128000
O001135,2024-05-15,2024-05-17,S007,C00340,P0002,2,238000,0,476000
O001136,2024-05-15,2024-05-15,S005,C00310,P0024,2,1280,0,2560
O001137,2024-05-15,2024-05-15,S001,C00582,P0012,1,64800,0,64800
O001138,2024-05-16,2024-05-18,S001,C00586,P0010,1,23840,0.2,23840
O001139,2024-05-16,2024-05-17,S004,C00586,P0007,10,31160,0.05,311600
O001140,2024-05-16,2024-05-19,S008,C00058,P0006,1,11800,0,11800
O001141,2024-05-16,2024-05-18,S008,C00438,P0029,1,2180,0,2180
O001142,2024-05-16,2024-05-16,S014,C00452,P0012,1,64800,0,64800
O001143,2024-05-16,2024-05-16,S006,C00346,P0008,1,4900,0,4900
O001144,2024-05-16,2024-05-17,S012,C00166,P0029,1,2180,0,2180
O001145,2024-05-17,2024-05-17,S005,C00527,P0025,1,1580,0,1580
O001146,2024-05-17,2024-05-18,S004,C00148,P0022,1,6800,0,6800
O001147,2024-05-17,2024-05-19,S008,C00565,P0019,1,2980,0,2980
O001148,2024-05-17,2024-05-17,S003,C00137,P0016,1,4900,0,4900
O001149,2024-05-17,2024-05-17,S012,C00421,P0016,1,4900,0,4900
O001150,2024-05-17,2024-05-18,S006,C00365,P0027,2,1580,0,3160
O001151,2024-05-17,2024-05-18,S013,C00028,P0018,1,5900,0,5900
O001152,2024-05-17,2024-05-19,S006,C00072,P0028,2,3200,0,6400
O001153,2024-05-18,2024-05-19,S001,C00483,P0012,1,64800,0,64800
O001154,2024-05-18,2024-05-19,S011,C00253,P0012,2,64800,0,129600
O001155,2024-05-18,2024-05-19,S007,C00424,P0029,3,2180,0,6540
O001156,2024-05-18,2024-05-18,S005,C00402,P0019,1,2980,0,2980
O001157,2024-05-18,2024-05-18,S014,C00139,P0019,1,2682,0.1,2682
O001158,2024-05-18,2024-05-18,S008,C00225,P0007,1,29520,0.1,29520
O001159,2024-05-18,2024-05-19,S011,C00311,P0025,1,1580,0,1580
O001160,2024-05-18,2024-05-18,S001,C00171,P0004,3,112000,0,336000
O001161,2024-05-18,2024-05-18,S001,C00188,P0012,1,64800,0,64800
O001162,2024-05-18,2024-05-19,S011,C00526,P0012,1,64800,0,64800
O001163,2024-05-19,2024-05-20,S014,C00321,P0015,2,11840,0.2,23680
O001164,2024-05-19,2024-05-22,S014,C00305,P0022,5,6800,0,34000
O001165,2024-05-19,2024-05-19,S014,C00301,P0005,1,2560,0.2,2560
O001166,2024-05-19,2024-05-19,S014,C00296,P0025,1,1580,0,1580
O001167,2024-05-19,2024-05-20,S014,C00458,P0016,1,4900,0,4900
O001168,2024-05-19,2024-05-19,S002,C00306,P0018,1,5310,0.1,5310
O001169,2024-05-19,2024-05-19,S013,C00228,P0011,2,6980,0,13960
O001170,2024-05-19,2024-05-19,S007,C00042,P0020,1,7900,0,7900
O001171,2024-05-19,2024-05-21,S005,C00403,P0026,1,1980,0,1980
O001172,2024-05-20,2024-05-20,S001,C00497,P0013,1,19800,0,19800
O001173,2024-05-20,2024-05-20,S007,C00159,P0032,1,3980,0,3980
O001174,2024-05-20,2024-05-25,S014,C00576,P0003,5,48600,0.1,243000
O001175,2024-05-20,2024-05-21,S004,C00170,P0028,1,3200,0,3200
O001176,2024-05-20,2024-05-21,S011,C00206,P0005,2,3200,0,6400
O001177,2024-05-20,2024-05-21,S013,C00081,P0028,1,3200,0,3200
O001178,2024-05-20,2024-05-22,S002,C00557,P0001,2,128000,0,256000
O001179,2024-05-20,2024-05-20,S013,C00449,P0024,1,1216,0.05,1216
O001180,2024-05-20,2024-05-20,S007,C00342,P0010,1,29800,0,29800
O001181,2024-05-21,2024-05-22,S004,C00429,P0016,1,4655,0.05,4655
O001182,2024-05-21,2024-05-21,S011,C00365,P0028,1,3200,0,3200
O001183,2024-05-21,2024-05-22,S008,C00285,P0025,1,1580,0,1580
O001184,2024-05-21,2024-05-21,S004,C00092,P0013,1,19800,0,19800
O001185,2024-05-21,2024-05-21,S005,C00327,P0003,5,54000,0,270000
O001186,2024-05-21,2024-05-22,S014,C00253,P0026,2,1980,0,3960
O001187,2024-05-21,2024-05-21,S004,C00304,P0021,1,5605,0.05,5605
O001188,2024-05-21,2024-05-26,S002,C00022,P0015,10,14800,0,148000
O001189,2024-05-21,2024-05-21,S003,C00277,P0017,3,15960,0.05,47880
O001190,2024-05-22,2024-05-25,S011,C00442,P0007,1,32800,0,32800
O001191,2024-05-22,2024-05-25,S008,C00501,P0017,2,16800,0,33600
O001192,2024-05-22,2024-05-22,S003,C00307,P0003,2,48600,0.1,97200
O001193,2024-05-22,2024-05-23,S003,C00578,P0010,1,29800,0,29800
O001194,2024-05-22,2024-05-23,S002,C00258,P0029,1,2180,0,2180
O001195,2024-05-22,2024-05-22,S002,C00429,P0028,1,3200,0,3200
O001196,2024-05-22,2024-05-23,S007,C00036,P0029,1,2180,0,2180
O001197,2024-05-23,2024-05-24,S006,C00179,P0013,2,19800,0,39600
O001198,2024-05-23,2024-05-25,S004,C00509,P0028,1,3040,0.05,3040
O001199,2024-05-23,2024-05-23,S001,C00528,P0006,1,11800,0,11800
O001200,2024-05-23,2024-05-24,S014,C00078,P0003,1,54000,0,54000
O001201,2024-05-23,2024-05-23,S001,C00134,P0015,1,14060,0.05,14060
O001202,2024-05-23,2024-05-23,S014,C00094,P0017,1,16800,0,16800
O001203,2024-05-23,2024-05-23,S001,C00310,P0015,1,14800,0,14800
O001204,2024-05-23,2024-05-28,S001,C00151,P0030,3,780,0,2340
O001205,2024-05-23,2024-05-25,S001,C00270,P0023,1,1980,0,1980
O001206,2024-05-23,2024-05-26,S013,C00254,P0023,1,1980,0,1980
O001207,2024-05-23,2024-05-24,S003,C00308,P0012,1,64800,0,64800
O001208,2024-05-24,2024-05-24,S007,C00420,P0015,2,14800,0,29600
O001209,2024-05-24,2024-05-27,S002,C00105,P0032,2,3980,0,7960
O001210,2024-05-24,2024-05-24,S014,C00278,P0009,1,27800,0,27800
O001211,2024-05-24,2024-05-25,S003,C00363,P0024,3,1280,0,3840
O001212,2024-05-24,2024-05-29,S007,C00001,P0005,1,3200,0,3200
O001213,2024-05-24,2024-05-25,S014,C00097,P0017,1,16800,0,16800
O001214,2024-05-24,2024-05-27,S010,C00053,P0032,2,3781,0.05,7562
O001215,2024-05-24,2024-05-26,S013,C00423,P0030,3,780,0,2340
O001216,2024-05-24,2024-05-25,S007,C00484,P0030,1,780,0,780
O001217,2024-05-24,2024-05-25,S003,C00061,P0025,1,1580,0,1580
O001218,2024-05-24,2024-05-25,S003,C00031,P0021,1,5900,0,5900
O001219,2024-05-24,2024-05-25,S001,C00238,P0024,1,1280,0,1280
O001220,2024-05-25,2024-05-25,S013,C00373,P0016,1,4900,0,4900
O001221,2024-05-25,2024-05-25,S008,C00269,P0010,5,29800,0,149000
O001222,2024-05-25,2024-05-25,S003,C00365,P0029,1,2180,0,2180
O001223,2024-05-25,2024-05-26,S013,C00532,P0028,1,3200,0,3200
O001224,2024-05-25,2024-05-27,S009,C00022,P0008,1,4900,0,4900
O001225,2024-05-25,2024-05-25,S001,C00280,P0008,1,4900,0,4900
O001226,2024-05-25,2024-05-26,S010,C00545,P0016,3,4900,0,14700
O001227,2024-05-25,2024-05-26,S013,C00264,P0020,1,7900,0,7900
O001228,2024-05-25,2024-05-26,S012,C00351,P0010,2,26820,0.1,53640
O001229,2024-05-25,2024-05-25,S012,C00032,P0009,1,27800,0,27800
O001230,2024-05-26,2024-05-29,S011,C00018,P0015,2,14800,0,29600
O001231,2024-05-26,2024-05-27,S005,C00337,P0012,3,64800,0,194400
O001232,2024-05-26,2024-05-26,S005,C00308,P0026,10,1881,0.05,18810
O001233,2024-05-26,2024-05-29,S013,C00065,P0031,1,1380,0,1380
O001234,2024-05-26,2024-05-26,S007,C00440,P0025,1,1501,0.05,1501
O001235,2024-05-26,2024-05-28,S001,C00288,P0001,1,128000,0,128000
O001236,2024-05-26,2024-05-26,S005,C00054,P0032,1,3980,0,3980
O001237,2024-05-26,2024-05-26,S001,C00514,P0021,1,5900,0,5900
O001238,2024-05-26,2024-05-26,S001,C00186,P0015,1,14800,0,14800
O001239,2024-05-26,2024-05-26,S004,C00212,P0007,2,32800,0,65600
O001240,2024-05-26,2024-05-26,S003,C00220,P0006,1,11800,0,11800
O001241,2024-05-26,2024-05-29,S014,C00464,P0006,1,11800,0,11800
O001242,2024-05-26,2024-05-31,S001,C00169,P0018,2,5900,0,11800
O001243,2024-05-26,2024-05-28,S014,C00559,P0009,1,27800,0,27800
O001244,2024-05-26,2024-05-27,S001,C00192,P0030,1,780,0,780
O001245,2024-05-27,2024-05-28,S005,C00332,P0027,1,1580,0,1580
O001246,2024-05-27,2024-05-27,S014,C00317,P0003,1,54000,0,54000
O001247,2024-05-27,2024-05-28,S006,C00296,P0009,5,27800,0,139000
O001248,2024-05-27,2024-05-27,S003,C00399,P0029,1,1962,0.1,1962
O001249,2024-05-27,2024-05-27,S001,C00301,P0003,1,51300,0.05,51300
O001250,2024-05-27,2024-05-28,S011,C00329,P0031,2,1380,0,2760
O001251,2024-05-28,2024-05-29,S008,C00046,P0003,2,54000,0,108000
O001252,2024-05-28,2024-05-28,S008,C00506,P0018,2,5900,0,11800
O001253,2024-05-28,2024-06-02,S007,C00089,P0010,2,29800,0,59600
O001254,2024-05-28,2024-05-28,S009,C00566,P0007,1,32800,0,32800
O001255,2024-05-28,2024-05-28,S007,C00546,P0008,1,3920,0.2,3920
O001256,2024-05-28,2024-05-30,S007,C00305,P0009,1,27800,0,27800
O001257,2024-05-28,2024-05-30,S003,C00464,P0024,1,1280,0,1280
O001258,2024-05-28,2024-05-28,S004,C00224,P0021,1,5900,0,5900
O001259,2024-05-28,2024-05-29,S014,C00037,P0016,10,4900,0,49000
O001260,2024-05-28,2024-05-28,S011,C00196,P0020,3,7900,0,23700
O001261,2024-05-28,2024-05-30,S008,C00138,P0010,1,29800,0,29800
O001262,2024-05-28,2024-05-29,S007,C00318,P0008,1,4900,0,4900
O001263,2024-05-29,2024-05-29,S009,C00380,P0019,3,2980,0,8940
O001264,2024-05-29,2024-05-29,S007,C00352,P0005,1,3040,0.05,3040
O001265,2024-05-29,2024-05-29,S004,C00230,P0031,1,1380,0,1380
O001266,2024-05-29,2024-05-29,S003,C00098,P0026,5,1980,0,9900
O001267,2024-05-29,2024-06-01,S010,C00056,P0016,2,4900,0,9800
O001268,2024-05-29,2024-05-29,S014,C00057,P0025,1,1580,0,1580
O001269,2024-05-29,2024-05-30,S001,C00591,P0020,10,7900,0,79000
O001270,2024-05-29,2024-05-30,S006,C00069,P0029,2,2180,0,4360
O001271,2024-05-30,2024-05-30,S007,C00548,P0018,1,5900,0,5900
O001272,2024-05-30,2024-05-30,S004,C00503,P0017,10,15960,0.05,159600
O001273,2024-05-30,2024-06-01,S002,C00476,P0014,1,16800,0,16800
O001274,2024-05-31,2024-06-03,S003,C00469,P0032,1,3582,0.1,3582
O001275,2024-05-31,2024-06-03,S008,C00262,P0019,1,2980,0,2980
O001276,2024-05-31,2024-06-03,S005,C00214,P0011,1,6980,0,6980
O001277,2024-05-31,2024-06-05,S011,C00519,P0009,1,27800,0,27800
O001278,2024-05-31,2024-06-01,S001,C00098,P0007,1,32800,0,32800
O001279,2024-05-31,2024-06-01,S008,C00037,P0006,1,11800,0,11800
O001280,2024-05-31,2024-06-01,S004,C00313,P0023,1,1980,0,1980
O001281,2024-05-31,2024-06-02,S006,C00089,P0015,1,14800,0,14800
O001282,2024-06-01,2024-06-02,S001,C00226,P0028,1,3200,0,3200
O001283,2024-06-01,2024-06-01,S007,C00447,P0006,1,11800,0,11800
O001284,2024-06-01,2024-06-01,S008,C00066,P0007,1,32800,0,32800
O001285,2024-06-01,2024-06-01,S010,C00438,P0014,10,16800,0,168000
O001286,2024-06-01,2024-06-01,S014,C00596,P0003,1,54000,0,54000
O001287,2024-06-01,2024-06-01,S002,C00292,P0015,1,14800,0,14800
O001288,2024-06-01,2024-06-03,S002,C00268,P0023,2,1980,0,3960
O001289,2024-06-01,2024-06-03,S007,C00182,P0021,3,5900,0,17700
O001290,2024-06-01,2024-06-03,S014,C00570,P0015,1,13320,0.1,13320
O001291,2024-06-01,2024-06-01,S005,C00200,P0011,1,6980,0,6980
O001292,2024-06-01,2024-06-03,S007,C00507,P0010,2,29800,0,59600
O001293,2024-06-01,2024-06-03,S008,C00432,P0017,3,15960,0.05,47880
O001294,2024-06-01,2024-06-02,S001,C00538,P0027,2,1501,0.05,3002
O001295,2024-06-02,2024-06-02,S007,C00046,P0002,1,238000,0,238000
O001296,2024-06-02,2024-06-03,S014,C00235,P0022,1,6800,0,6800
O001297,2024-06-02,2024-06-05,S008,C00194,P0004,1,112000,0,112000
O001298,2024-06-02,2024-06-03,S002,C00185,P0007,2,32800,0,65600
O001299,2024-06-02,2024-06-03,S011,C00433,P0006,1,11210,0.05,11210
O001300,2024-06-02,2024-06-02,S002,C00324,P0003,2,54000,0,108000
O001301,2024-06-02,2024-06-02,S009,C00018,P0016,2,4655,0.05,9310
O001302,2024-06-02,2024-06-02,S014,C00087,P0015,1,14800,0,14800
O001303,2024-06-02,2024-06-03,S007,C00483,P0026,1,1980,0,1980
O001304,2024-06-02,2024-06-04,S007,C00298,P0018,1,5900,0,5900
O001305,2024-06-02,2024-06-03,S002,C00573,P0011,2,6980,0,13960
O001306,2024-06-02,2024-06-02,S014,C00546,P0028,2,3200,0,6400
O001307,2024-06-03,2024-06-03,S002,C00562,P0014,5,16800,0,84000
O001308,2024-06-03,2024-06-03,S004,C00093,P0002,1,238000,0,238000
O001309,2024-06-03,2024-06-04,S008,C00100,P0013,3,19800,0,59400
O001310,2024-06-03,2024-06-04,S001,C00453,P0032,2,3980,0,7960
O001311,2024-06-03,2024-06-05,S002,C00490,P0012,2,64800,0,129600
O001312,2024-06-03,2024-06-03,S008,C00272,P0004,1,112000,0,112000
O001313,2024-06-03,2024-06-05,S001,C00479,P0012,1,64800,0,64800
O001314,2024-06-04,2024-06-07,S014,C00454,P0028,3,3200,0,9600
O001315,2024-06-04,2024-06-05,S014,C00544,P0012,2,64800,0,129600
O001316,2024-06-04,2024-06-04,S002,C00125,P0029,1,1962,0.1,1962
O001317,2024-06-04,2024-06-06,S005,C00504,P0005,1,3200,0,3200
O001318,2024-06-04,2024-06-05,S007,C00528,P0005,1,2560,0.2,2560
O001319,2024-06-04,2024-06-04,S001,C00431,P0027,1,1580,0,1580
O001320,2024-06-04,2024-06-06,S001,C00138,P0012,1,64800,0,64800
O001321,2024-06-05,2024-06-05,S014,C00312,P0031,2,1380,0,2760
O001322,2024-06-05,2024-06-05,S014,C00556,P0003,2,51300,0.05,102600
O001323,2024-06-05,2024-06-05,S014,C00261,P0023,2,1980,0,3960
O001324,2024-06-05,2024-06-05,S014,C00196,P0003,1,51300,0.05,51300
O001325,2024-06-05,2024-06-06,S005,C00384,P0013,1,18810,0.05,18810
O001326,2024-06-05,2024-06-06,S001,C00246,P0028,2,3200,0,6400
O001327,2024-06-05,2024-06-06,S001,C00023,P0001,1,128000,0,128000
O001328,2024-06-05,2024-06-06,S002,C00578,P0030,2,780,0,1560
O001329,2024-06-05,2024-06-05,S003,C00463,P0006,1,11800,0,11800
O001330,2024-06-06,2024-06-06,S001,C00477,P0031,1,1311,0.05,1311
O001331,2024-06-06,2024-06-06,S011,C00190,P0008,3,4410,0.1,13230
O001332,2024-06-06,2024-06-06,S012,C00482,P0024,1,1280,0,1280
O001333,2024-06-06,2024-06-07,S014,C00530,P0021,2,5900,0,11800
O001334,2024-06-06,2024-06-06,S007,C00097,P0030,1,780,0,780
O001335,2024-06-06,2024-06-07,S007,C00210,P0011,2,6980,0,13960
O001336,2024-06-06,2024-06-06,S007,C00035,P0016,1,4900,0,4900
O001337,2024-06-06,2024-06-06,S007,C00316,P0004,1,112000,0,112000
O001338,2024-06-06,2024-06-07,S013,C00542,P0015,1,14800,0,14800
O001339,2024-06-06,2024-06-07,S005,C00563,P0029,1,2180,0,2180
O001340,2024-06-06,2024-06-09,S014,C00506,P0002,3,238000,0,714000
O001341,2024-06-07,2024-06-08,S003,C00352,P0021,1,5900,0,5900
O001342,2024-06-07,2024-06-10,S014,C00585,P0016,1,4900,0,4900
O001343,2024-06-07,2024-06-08,S008,C00400,P0006,1,11800,0,11800
O001344,2024-06-07,2024-06-08,S014,C00305,P0029,2,2180,0,4360
O001345,2024-06-07,2024-06-09,S007,C00371,P0019,2,2980,0,5960
O001346,2024-06-07,2024-06-12,S014,C00194,P0009,1,27800,0,27800
O001347,2024-06-07,2024-06-07,S011,C00451,P0012,1,64800,0,64800
O001348,2024-06-07,2024-06-07,S006,C00307,P0010,1,29800,0,29800
O001349,2024-06-07,2024-06-09,S008,C00584,P0031,1,1380,0,1380
O001350,2024-06-08,2024-06-13,S007,C00129,P0032,5,3980,0,19900
O001351,2024-06-08,2024-06-10,S001,C00275,P0019,5,2980,0,14900
O001352,2024-06-08,2024-06-08,S007,C00306,P0032,1,3781,0.05,3781
O001353,2024-06-08,2024-06-08,S007,C00443,P0019,1,2980,0,2980
O001354,2024-06-08,2024-06-09,S014,C00162,P0030,10,780,0,7800
O001355,2024-06-08,2024-06-08,S013,C00485,P0026,2,1980,0,3960
O001356,2024-06-08,2024-06-08,S005,C00076,P0025,1,1580,0,1580
O001357,2024-06-08,2024-06-08,S006,C00255,P0029,1,2071,0.05,2071
O001358,2024-06-08,2024-06-09,S014,C00103,P0026,2,1980,0,3960
O001359,2024-06-08,2024-06-10,S003,C00160,P0022,1,6800,0,6800
O001360,2024-06-08,2024-06-09,S001,C00434,P0005,2,3200,0,6400
O001361,2024-06-08,2024-06-08,S001,C00038,P0011,1,6980,0,6980
O001362,2024-06-09,2024-06-10,S011,C00172,P0028,1,3200,0,3200
O001363,2024-06-09,2024-06-11,S003,C00318,P0008,1,4900,0,4900
O001364,2024-06-09,2024-06-14,S014,C00184,P0005,1,3200,0,3200
O001365,2024-06-09,2024-06-09,S003,C00499,P0013,1,18810,0.05,18810
O001366,2024-06-09,2024-06-12,S001,C00332,P0003,1,54000,0,54000
O001367,2024-06-09,2024-06-09,S014,C00515,P0014,2,15120,0.1,30240
O001368,2024-06-09,2024-06-10,S003,C00556,P0007,1,31160,0.05,31160
O001369,2024-06-09,2024-06-09,S011,C00162,P0010,1,29800,0,29800
O001370,2024-06-09,2024-06-10,S014,C00395,P0001,1,121600,0.05,121600
O001371,2024-06-09,2024-06-11,S014,C00544,P0003,1,51300,0.05,51300
O001372,2024-06-10,2024-06-12,S002,C00239,P0015,2,14800,0,29600
O001373,2024-06-10,2024-06-12,S004,C00139,P0007,1,32800,0,32800
O001374,2024-06-10,2024-06-10,S001,C00369,P0009,3,27800,0,83400
O001375,2024-06-10,2024-06-13,S004,C00197,P0012,5,64800,0,324000
O001376,2024-06-10,2024-06-13,S011,C00218,P0015,1,14800,0,14800
O001377,2024-06-10,2024-06-12,S012,C00438,P0021,1,5900,0,5900
O001378,2024-06-10,2024-06-12,S001,C00553,P0002,1,190400,0.2,190400
O001379,2024-06-10,2024-06-11,S008,C00337,P0017,1,16800,0,16800
O001380,2024-06-11,2024-06-12,S011,C00168,P0024,1,1280,0,1280
O001381,2024-06-11,2024-06-12,S014,C00277,P0023,10,1980,0,19800
O001382,2024-06-11,2024-06-11,S007,C00252,P0019,1,2980,0,2980
O001383,2024-06-11,2024-06-11,S004,C00178,P0002,1,238000,0,238000
O001384,2024-06-11,2024-06-11,S011,C00455,P0018,3,5900,0,17700
O001385,2024-06-11,2024-06-12,S001,C00497,P0027,1,1580,0,1580
O001386,2024-06-11,2024-06-12,S005,C00086,P0012,1,64800,0,64800
O001387,2024-06-11,2024-06-14,S008,C00465,P0001,1,121600,0.05,121600
O001388,2024-06-12,2024-06-13,S001,C00193,P0004,1,112000,0,112000
O001389,2024-06-12,2024-06-13,S003,C00002,P0031,1,1380,0,1380
O001390,2024-06-12,2024-06-14,S006,C00458,P0011,1,6631,0.05,6631
O001391,2024-06-12,2024-06-13,S003,C00098,P0009,2,27800,0,55600
O001392,2024-06-12,2024-06-12,S014,C00349,P0015,1,14800,0,14800
O001393,2024-06-12,2024-06-13,S014,C00166,P0001,3,121600,0.05,364800
O001394,2024-06-12,2024-06-12,S002,C00415,P0012,1,64800,0,64800
O001395,2024-06-12,2024-06-12,S002,C00132,P0019,1,2980,0,2980
O001396,2024-06-12,2024-06-14,S011,C00508,P0030,1,624,0.2,624
O001397,2024-06-12,2024-06-15,S003,C00531,P0004,1,112000,0,112000
O001398,2024-06-13,2024-06-14,S004,C00435,P0029,1,2180,0,2180
O001399,2024-06-13,2024-06-13,S014,C00343,P0006,5,11800,0,59000
O001400,2024-06-13,2024-06-13,S004,C00506,P0001,1,121600,0.05,121600
O001401,2024-06-13,2024-06-15,S001,C00210,P0032,2,3980,0,7960
O001402,2024-06-13,2024-06-14,S003,C00108,P0017,1,16800,0,16800
O001403,2024-06-13,2024-06-13,S014,C00478,P0030,1,780,0,780
O001404,2024-06-13,2024-06-14,S001,C00270,P0013,1,19800,0,19800
O001405,2024-06-13,2024-06-13,S008,C00531,P0014,1,16800,0,16800
O001406,2024-06-13,2024-06-15,S014,C00191,P0010,1,29800,0,29800
O001407,2024-06-13,2024-06-18,S001,C00420,P0002,1,238000,0,238000
O001408,2024-06-13,2024-06-15,S013,C00378,P0011,1,6631,0.05,6631
O001409,2024-06-13,2024-06-14,S005,C00444,P0026,1,1881,0.05,1881
O001410,2024-06-13,2024-06-15,S001,C00178,P0004,1,112000,0,112000
O001411,2024-06-13,2024-06-13,S014,C00088,P0026,1,1980,0,1980
O001412,2024-06-14,2024-06-19,S007,C00600,P0021,1,5900,0,5900
O001413,2024-06-14,2024-06-16,S007,C00125,P0020,1,6320,0.2,6320
O001414,2024-06-14,2024-06-17,S005,C00515,P0015,1,14060,0.05,14060
O001415,2024-06-14,2024-06-14,S006,C00515,P0031,1,1380,0,1380
O001416,2024-06-14,2024-06-14,S003,C00576,P0010,1,28310,0.05,28310
O001417,2024-06-14,2024-06-16,S002,C00331,P0003,1,54000,0,54000
O001418,2024-06-14,2024-06-14,S008,C00484,P0027,2,1580,0,3160
O001419,2024-06-14,2024-06-15,S013,C00365,P0010,1,29800,0,29800
O001420,2024-06-14,2024-06-14,S011,C00105,P0005,1,3200,0,3200
O001421,2024-06-14,2024-06-14,S014,C00289,P0006,2,11800,0,23600
O001422,2024-06-14,2024-06-14,S009,C00028,P0015,2,14060,0.05,28120
O001423,2024-06-14,2024-06-15,S012,C00572,P0029,1,2180,0,2180
O001424,2024-06-14,2024-06-15,S009,C00573,P0031,1,1380,0,1380
O001425,2024-06-15,2024-06-18,S014,C00079,P0004,10,112000,0,1120000
O001426,2024-06-15,2024-06-15,S005,C00346,P0007,1,32800,0,32800
O001427,2024-06-15,2024-06-17,S003,C00190,P0025,1,1580,0,1580
O001428,2024-06-15,2024-06-15,S001,C00221,P0032,1,3980,0,3980
O001429,2024-06-15,2024-06-16,S001,C00510,P0007,1,32800,0,32800
O001430,2024-06-15,2024-06-16,S002,C00255,P0008,1,4900,0,4900
O001431,2024-06-15,2024-06-15,S007,C00080,P0013,2,17820,0.1,35640
O001432,2024-06-15,2024-06-20,S011,C00204,P0019,1,2980,0,2980
O001433,2024-06-15,2024-06-17,S014,C00184,P0026,1,1980,0,1980
O001434,2024-06-15,2024-06-18,S002,C00050,P0030,2,780,0,1560
O001435,2024-06-16,2024-06-18,S014,C00070,P0016,1,4900,0,4900
O001436,2024-06-16,2024-06-19,S004,C00155,P0023,2,1980,0,3960
O001437,2024-06-16,2024-06-16,S014,C00072,P0002,1,238000,0,238000
O001438,2024-06-16,2024-06-17,S005,C00257,P0023,1,1980,0,1980
O001439,2024-06-16,2024-06-17,S014,C00141,P0019,1,2980,0,2980
O001440,2024-06-16,2024-06-16,S002,C00529,P0007,1,31160,0.05,31160
O001441,2024-06-16,2024-06-18,S012,C00318,P0025,1,1580,0,1580
O001442,2024-06-16,2024-06-17,S012,C00565,P0018,1,5605,0.05,5605
O001443,2024-06-16,2024-06-17,S004,C00238,P0006,1,10620,0.1,10620
O001444,2024-06-16,2024-06-19,S007,C00237,P0008,1,4655,0.05,4655
O001445,2024-06-16,2024-06-16,S007,C00380,P0011,1,6980,0,6980
O001446,2024-06-16,2024-06-16,S009,C00440,P0015,1,11840,0.2,11840
O001447,2024-06-16,2024-06-17,S011,C00454,P0014,1,16800,0,16800
O001448,2024-06-16,2024-06-16,S009,C00440,P0004,1,112000,0,112000
O001449,2024-06-16,2024-06-17,S005,C00192,P0019,2,2980,0,5960
O001450,2024-06-16,2024-06-16,S004,C00337,P0013,2,17820,0.1,35640
O001451,2024-06-16,2024-06-16,S002,C00398,P0028,1,3200,0,3200
O001452,2024-06-17,2024-06-17,S013,C00271,P0009,1,27800,0,27800
O001453,2024-06-17,2024-06-18,S001,C00082,P0020,1,7900,0,7900
O001454,2024-06-17,2024-06-18,S014,C00092,P0004,1,112000,0,112000
O001455,2024-06-17,2024-06-19,S002,C00030,P0025,2,1264,0.2,2528
O001456,2024-06-17,2024-06-18,S010,C00400,P0026,1,1980,0,1980
O001457,2024-06-17,2024-06-18,S007,C00340,P0025,1,1580,0,1580
O001458,2024-06-17,2024-06-17,S001,C00110,P0014,2,16800,0,33600
O001459,2024-06-17,2024-06-17,S005,C00319,P0005,1,3200,0,3200
O001460,2024-06-17,2024-06-17,S014,C00202,P0019,1,2980,0,2980
O001461,2024-06-17,2024-06-18,S003,C00274,P0003,1,54000,0,54000
O001462,2024-06-17,2024-06-18,S011,C00324,P0020,1,7900,0,7900
O001463,2024-06-17,2024-06-19,S004,C00449,P0008,1,4410,0.1,4410
O001464,2024-06-17,2024-06-19,S001,C00289,P0026,1,1980,0,1980
O001465,2024-06-17,2024-06-17,S001,C00047,P0012,2,64800,0,129600
O001466,2024-06-18,2024-06-19,S003,C00420,P0023,1,1980,0,1980
O001467,2024-06-18,2024-06-19,S007,C00142,P0014,1,16800,0,16800
O001468,2024-06-18,2024-06-19,S006,C00463,P0018,1,5900,0,5900
O001469,2024-06-18,2024-06-20,S007,C00350,P0008,2,4655,0.05,9310
O001470,2024-06-18,2024-06-19,S005,C00421,P0023,1,1980,0,1980
O001471,2024-06-18,2024-06-20,S008,C00583,P0027,2,1501,0.05,3002
O001472,2024-06-18,2024-06-19,S010,C00342,P0028,1,3040,0.05,3040
O001473,2024-06-18,2024-06-18,S007,C00192,P0021,1,5900,0,5900
O001474,2024-06-19,2024-06-19,S008,C00084,P0010,1,23840,0.2,23840
O001475,2024-06-19,2024-06-19,S005,C00357,P0018,1,5605,0.05,5605
O001476,2024-06-19,2024-06-20,S005,C00124,P0023,2,1881,0.05,3762
O001477,2024-06-19,2024-06-20,S001,C00045,P0010,1,23840,0.2,23840
O001478,2024-06-19,2024-06-19,S008,C00056,P0016,1,4900,0,4900
O001479,2024-06-19,2024-06-20,S005,C00461,P0019,1,2831,0.05,2831
O001480,2024-06-19,2024-06-19,S014,C00342,P0024,1,1280,0,1280
O001481,2024-06-19,2024-06-19,S009,C00006,P0018,1,4720,0.2,4720
O001482,2024-06-20,2024-06-21,S001,C00013,P0028,1,3200,0,3200
O001483,2024-06-20,2024-06-21,S002,C00086,P0022,1,6800,0,6800
O001484,2024-06-20,2024-06-20,S001,C00428,P0032,2,3980,0,7960
O001485,2024-06-20,2024-06-23,S004,C00279,P0029,2,2180,0,4360
O001486,2024-06-20,2024-06-21,S008,C00224,P0013,1,19800,0,19800
O001487,2024-06-21,2024-06-26,S007,C00430,P0022,1,6800,0,6800
O001488,2024-06-21,2024-06-21,S012,C00231,P0014,1,16800,0,16800
O001489,2024-06-21,2024-06-21,S001,C00048,P0011,1,6631,0.05,6631
O001490,2024-06-21,2024-06-22,S014,C00213,P0020,1,7900,0,7900
O001491,2024-06-21,2024-06-24,S012,C00329,P0019,2,2682,0.1,5364
O001492,2024-06-21,2024-06-23,S007,C00516,P0031,1,1380,0,1380
O001493,2024-06-21,2024-06-26,S009,C00279,P0021,2,5900,0,11800
O001494,2024-06-21,2024-06-21,S014,C00191,P0006,1,11800,0,11800
O001495,2024-06-21,2024-06-21,S014,C00395,P0030,1,780,0,780
O001496,2024-06-21,2024-06-26,S009,C00555,P0021,1,5900,0,5900
O001497,2024-06-22,2024-06-27,S001,C00273,P0025,1,1580,0,1580
O001498,2024-06-22,2024-06-24,S014,C00404,P0013,1,18810,0.05,18810
O001499,2024-06-22,2024-06-23,S003,C00283,P0026,1,1980,0,1980
O001500,2024-06-22,2024-06-22,S005,C00297,P0021,1,5900,0,5900
O001501,2024-06-22,2024-06-22,S003,C00343,P0027,2,1580,0,3160
O001502,2024-06-22,2024-06-22,S007,C00330,P0018,1,5900,0,5900
O001503,2024-06-22,2024-06-22,S004,C00140,P0032,1,3980,0,3980
O001504,2024-06-22,2024-06-24,S005,C00104,P0010,2,29800,0,59600
O001505,2024-06-22,2024-06-24,S005,C00464,P0031,1,1380,0,1380
O001506,2024-06-22,2024-06-23,S008,C00023,P0023,3,1980,0,5940
O001507,2024-06-22,2024-06-25,S003,C00419,P0017,3,16800,0,50400
O001508,2024-06-22,2024-06-24,S010,C00232,P0001,1,128000,0,128000
O001509,2024-06-22,2024-06-24,S001,C00152,P0025,3,1580,0,4740
O001510,2024-06-22,2024-06-22,S005,C00139,P0032,5,3980,0,19900
O001511,2024-06-23,2024-06-23,S001,C00331,P0013,1,19800,0,19800
O001512,2024-06-23,2024-06-23,S003,C00358,P0008,1,4900,0,4900
O001513,2024-06-23,2024-06-25,S001,C00582,P0016,1,4900,0,4900
O001514,2024-06-23,2024-06-23,S012,C00493,P0025,1,1580,0,1580
O001515,2024-06-23,2024-06-26,S001,C00126,P0025,3,1580,0,4740
O001516,2024-06-23,2024-06-23,S003,C00183,P0027,2,1580,0,3160
O001517,2024-06-23,2024-06-24,S004,C00232,P0022,1,6460,0.05,6460
O001518,2024-06-23,2024-06-24,S014,C00437,P0028,1,3200,0,3200
O001519,2024-06-23,2024-06-24,S005,C00515,P0032,2,3980,0,7960
O001520,2024-06-23,2024-06-23,S011,C00351,P0026,2,1980,0,3960
O001521,2024-06-23,2024-06-23,S005,C00041,P0012,2,58320,0.1,116640
O001522,2024-06-23,2024-06-23,S014,C00561,P0030,1,780,0,780
O001523,2024-06-23,2024-06-23,S005,C00260,P0022,1,6800,0,6800
O001524,2024-06-24,2024-06-24,S009,C00411,P0030,1,780,0,780
O001525,2024-06-24,2024-06-25,S014,C00065,P0021,5,5900,0,29500
O001526,2024-06-24,2024-06-26,S003,C00563,P0004,1,112000,0,112000
O001527,2024-06-24,2024-06-24,S004,C00132,P0015,3,14800,0,44400
O001528,2024-06-24,2024-06-25,S006,C00075,P0012,1,61560,0.05,61560
O001529,2024-06-24,2024-06-24,S003,C00456,P0020,1,7900,0,7900
O001530,2024-06-24,2024-06-24,S012,C00089,P0031,1,1380,0,1380
O001531,2024-06-24,2024-06-24,S007,C00008,P0024,1,1280,0,1280
O001532,2024-06-24,2024-06-25,S014,C00501,P0012,2,64800,0,129600
O001533,2024-06-24,2024-06-24,S008,C00175,P0021,2,5900,0,11800
O001534,2024-06-24,2024-06-24,S010,C00299,P0025,1,1580,0,1580
O001535,2024-06-24,2024-06-24,S007,C00267,P0027,1,1580,0,1580
O001536,2024-06-24,2024-06-24,S006,C00529,P0007,1,32800,0,32800
O001537,2024-06-24,2024-06-25,S004,C00048,P0025,2,1422,0.1,2844
O001538,2024-06-25,2024-06-27,S006,C00310,P0026,2,1980,0,3960
O001539,2024-06-25,2024-06-26,S014,C00065,P0025,2,1580,0,3160
O001540,2024-06-25,2024-06-25,S010,C00366,P0026,1,1980,0,1980
O001541,2024-06-25,2024-06-25,S011,C00472,P0026,1,1584,0.2,1584
O001542,2024-06-25,2024-06-30,S001,C00358,P0028,1,3200,0,3200
O001543,2024-06-25,2024-06-26,S003,C00486,P0014,1,16800,0,16800
O001544,2024-06-25,2024-06-25,S014,C00039,P0008,1,4655,0.05,4655
O001545,2024-06-25,2024-06-25,S003,C00179,P0014,1,16800,0,16800
O001546,2024-06-25,2024-06-25,S003,C00443,P0030,1,780,0,780
O001547,2024-06-26,2024-06-26,S013,C00015,P0024,1,1280,0,1280
O001548,2024-06-26,2024-06-29,S001,C00515,P0023,1,1980,0,1980
O001549,2024-06-26,2024-06-29,S004,C00084,P0015,1,14800,0,14800
O001550,2024-06-26,2024-06-26,S012,C00182,P0024,1,1280,0,1280
O001551,2024-06-26,2024-06-27,S002,C00562,P0021,1,5900,0,5900
O001552,2024-06-26,2024-06-26,S002,C00442,P0016,1,4900,0,4900
O001553,2024-06-27,2024-07-02,S010,C00525,P0011,3,6980,0,20940
O001554,2024-06-27,2024-06-30,S002,C00047,P0009,1,27800,0,27800
O001555,2024-06-27,2024-06-27,S013,C00033,P0011,1,5584,0.2,5584
O001556,2024-06-27,2024-06-28,S001,C00169,P0029,1,2180,0,2180
O001557,2024-06-27,2024-06-30,S014,C00345,P0017,1,16800,0,16800
O001558,2024-06-27,2024-06-28,S005,C00436,P0027,1,1580,0,1580
O001559,2024-06-27,2024-06-28,S005,C00387,P0011,2,6980,0,13960
O001560,2024-06-27,2024-06-27,S008,C00200,P0010,2,29800,0,59600
O001561,2024-06-27,2024-06-28,S008,C00197,P0023,1,1980,0,1980
O001562,2024-06-27,2024-06-28,S002,C00345,P0013,1,19800,0,19800
O001563,2024-06-27,2024-06-27,S007,C00398,P0001,1,128000,0,128000
O001564,2024-06-27,2024-06-27,S007,C00388,P0024,2,1280,0,2560
O001565,2024-06-28,2024-07-01,S013,C00164,P0006,2,10620,0.1,21240
O001566,2024-06-28,2024-07-01,S012,C00272,P0022,2,6800,0,13600
O001567,2024-06-28,2024-06-28,S012,C00400,P0013,1,19800,0,19800
O001568,2024-06-28,2024-07-01,S001,C00010,P0019,1,2831,0.05,2831
O001569,2024-06-28,2024-06-30,S007,C00300,P0022,3,6460,0.05,19380
O001570,2024-06-28,2024-06-29,S002,C00451,P0001,10,128000,0,1280000
O001571,2024-06-28,2024-06-28,S003,C00525,P0018,1,5310,0.1,5310
O001572,2024-06-28,2024-06-29,S014,C00401,P0022,1,6800,0,6800
O001573,2024-06-29,2024-07-02,S011,C00170,P0007,5,32800,0,164000
O001574,2024-06-29,2024-06-30,S002,C00278,P0014,1,16800,0,16800
O001575,2024-06-29,2024-07-02,S014,C00581,P0017,1,16800,0,16800
O001576,2024-06-29,2024-06-29,S003,C00508,P0032,1,3980,0,3980
O001577,2024-06-29,2024-06-29,S008,C00308,P0026,1,1980,0,1980
O001578,2024-06-29,2024-06-30,S014,C00415,P0001,1,128000,0,128000
O001579,2024-06-29,2024-06-30,S001,C00581,P0032,2,3980,0,7960
O001580,2024-06-29,2024-07-02,S009,C00387,P0018,3,5900,0,17700
O001581,2024-06-29,2024-06-30,S005,C00112,P0014,1,16800,0,16800
O001582,2024-06-29,2024-06-30,S001,C00571,P0013,1,15840,0.2,15840
O001583,2024-06-29,2024-06-30,S014,C00113,P0010,2,28310,0.05,56620
O001584,2024-06-29,2024-06-30,S011,C00407,P0007,1,32800,0,32800
O001585,2024-06-29,2024-06-30,S014,C00092,P0013,1,19800,0,19800
O001586,2024-06-30,2024-06-30,S001,C00576,P0030,5,780,0,3900
O001587,2024-06-30,2024-06-30,S003,C00488,P0023,3,1980,0,5940
O001588,2024-06-30,2024-07-03,S014,C00476,P0029,1,2180,0,2180
O001589,2024-06-30,2024-07-03,S006,C00382,P0019,1,2980,0,2980
O001590,2024-06-30,2024-06-30,S014,C00059,P0013,1,15840,0.2,15840
O001591,2024-06-30,2024-06-30,S002,C00137,P0002,1,214200,0.1,214200
O001592,2024-06-30,2024-07-05,S008,C00484,P0005,1,3040,0.05,3040
O001593,2024-06-30,2024-07-03,S001,C00541,P0019,1,2980,0,2980
O001594,2024-06-30,2024-07-03,S013,C00431,P0031,1,1380,0,1380
O001595,2024-06-30,2024-06-30,S013,C00213,P0021,1,5900,0,5900
O001596,2024-06-30,2024-07-02,S002,C00353,P0032,1,3980,0,3980
O001597,2024-06-30,2024-06-30,S013,C00595,P0007,1,32800,0,32800
O001598,2024-06-30,2024-06-30,S007,C00249,P0025,1,1580,0,1580
O001599,2024-06-30,2024-07-01,S005,C00512,P0010,1,29800,0,29800
O001600,2024-06-30,2024-07-02,S001,C00388,P0004,1,112000,0,112000
O001601,2024-07-01,2024-07-01,S004,C00352,P0019,2,2980,0,5960
O001602,2024-07-01,2024-07-01,S003,C00356,P0016,1,4900,0,4900
O001603,2024-07-01,2024-07-04,S002,C00290,P0006,1,11800,0,11800
O001604,2024-07-01,2024-07-04,S002,C00131,P0032,1,3781,0.05,3781
O001605,2024-07-01,2024-07-03,S004,C00206,P0028,2,3200,0,6400
O001606,2024-07-02,2024-07-03,S014,C00451,P0008,3,4900,0,14700
O001607,2024-07-02,2024-07-02,S002,C00143,P0023,1,1980,0,1980
O001608,2024-07-02,2024-07-05,S010,C00181,P0015,5,14800,0,74000
O001609,2024-07-02,2024-07-04,S014,C00596,P0022,2,6800,0,13600
O001610,2024-07-02,2024-07-03,S014,C00297,P0008,1,4900,0,4900
O001611,2024-07-02,2024-07-02,S001,C00564,P0028,1,3200,0,3200
O001612,2024-07-02,2024-07-05,S002,C00190,P0005,2,3200,0,6400
O001613,2024-07-02,2024-07-03,S002,C00293,P0011,1,6631,0.05,6631
O001614,2024-07-03,2024-07-04,S011,C00529,P0018,1,5900,0,5900
O001615,2024-07-03,2024-07-05,S007,C00064,P0004,1,100800,0.1,100800
O001616,2024-07-03,2024-07-04,S001,C00206,P0021,1,5900,0,5900
O001617,2024-07-03,2024-07-03,S007,C00192,P0018,2,5900,0,11800
O001618,2024-07-03,2024-07-04,S014,C00276,P0009,2,27800,0,55600
O001619,2024-07-03,2024-07-04,S005,C00333,P0002,1,238000,0,238000
O001620,2024-07-03,2024-07-03,S003,C00474,P0032,2,3980,0,7960
O001621,2024-07-04,2024-07-06,S001,C00005,P0016,1,4900,0,4900
O001622,2024-07-04,2024-07-06,S014,C00402,P0030,2,780,0,1560
O001623,2024-07-04,2024-07-05,S013,C00071,P0022,1,6800,0,6800
O001624,2024-07-04,2024-07-04,S014,C00399,P0030,1,741,0.05,741
O001625,2024-07-04,2024-07-09,S001,C00321,P0020,2,7900,0,15800
O001626,2024-07-04,2024-07-05,S006,C00194,P0019,1,2980,0,2980
O001627,2024-07-04,2024-07-04,S001,C00567,P0021,1,5310,0.1,5310
O001628,2024-07-05,2024-07-06,S003,C00548,P0028,3,2560,0.2,7680
O001629,2024-07-05,2024-07-05,S003,C00036,P0017,1,16800,0,16800
O001630,2024-07-05,2024-07-07,S004,C00007,P0020,2,7900,0,15800
O001631,2024-07-05,2024-07-05,S003,C00153,P0006,1,11800,0,11800
O001632,2024-07-05,2024-07-06,S011,C00554,P0030,1,780,0,780
O001633,2024-07-05,2024-07-05,S001,C00364,P0016,1,4900,0,4900
O001634,2024-07-06,2024-07-09,S013,C00538,P0009,1,27800,0,27800
O001635,2024-07-06,2024-07-08,S005,C00512,P0003,10,54000,0,540000
O001636,2024-07-06,2024-07-07,S006,C00540,P0007,1,29520,0.1,29520
O001637,2024-07-06,2024-07-06,S005,C00024,P0005,1,3200,0,3200
O001638,2024-07-06,2024-07-06,S004,C00168,P0009,1,27800,0,27800
O001639,2024-07-06,2024-07-07,S014,C00447,P0015,1,14800,0,14800
O001640,2024-07-06,2024-07-07,S006,C00332,P0006,1,11800,0,11800
O001641,2024-07-06,2024-07-06,S001,C00528,P0030,1,780,0,780
O001642,2024-07-06,2024-07-07,S003,C00207,P0022,1,6800,0,6800
O001643,2024-07-06,2024-07-06,S001,C00557,P0016,2,4900,0,9800
O001644,2024-07-06,2024-07-09,S014,C00506,P0010,1,29800,0,29800
O001645,2024-07-06,2024-07-09,S007,C00593,P0012,1,64800,0,64800
O001646,2024-07-06,2024-07-09,S005,C00473,P0001,1,128000,0,128000
O001647,2024-07-07,2024-07-08,S007,C00373,P0005,2,3040,0.05,6080
O001648,2024-07-07,2024-07-07,S005,C00324,P0014,3,16800,0,50400
O001649,2024-07-07,2024-07-07,S011,C00410,P0013,1,19800,0,19800
O001650,2024-07-07,2024-07-07,S011,C00065,P0027,2,1580,0,3160
O001651,2024-07-07,2024-07-08,S003,C00017,P0027,1,1580,0,1580
O001652,2024-07-07,2024-07-07,S007,C00039,P0028,1,3200,0,3200
O001653,2024-07-07,2024-07-07,S010,C00409,P0013,1,19800,0,19800
O001654,2024-07-07,2024-07-07,S007,C00244,P0015,1,14800,0,14800
O001655,2024-07-07,2024-07-10,S006,C00038,P0029,1,2180,0,2180
O001656,2024-07-07,2024-07-12,S007,C00547,P0026,1,1782,0.1,1782
O001657,2024-07-07,2024-07-10,S004,C00399,P0013,1,17820,0.1,17820
O001658,2024-07-07,2024-07-12,S001,C00360,P0009,2,27800,0,55600
O001659,2024-07-08,2024-07-09,S008,C00543,P0009,1,27800,0,27800
O001660,2024-07-08,2024-07-11,S001,C00279,P0024,5,1280,0,6400
O001661,2024-07-08,2024-07-08,S013,C00373,P0010,1,28310,0.05,28310
O001662,2024-07-08,2024-07-09,S001,C00573,P0016,1,4900,0,4900
O001663,2024-07-08,2024-07-09,S014,C00576,P0016,1,4900,0,4900
O001664,2024-07-08,2024-07-09,S014,C00388,P0031,1,1380,0,1380
O001665,2024-07-08,2024-07-10,S011,C00291,P0016,1,4900,0,4900
O001666,2024-07-09,2024-07-10,S005,C00277,P0016,3,4900,0,14700
O001667,2024-07-09,2024-07-09,S010,C00420,P0022,1,6800,0,6800
O001668,2024-07-09,2024-07-09,S003,C00554,P0030,2,780,0,1560
O001669,2024-07-09,2024-07-12,S014,C00495,P0023,1,1980,0,1980
O001670,2024-07-09,2024-07-09,S014,C00548,P0005,1,3040,0.05,3040
O001671,2024-07-09,2024-07-14,S014,C00417,P0029,1,2180,0,2180
O001672,2024-07-09,2024-07-09,S002,C00198,P0015,2,14800,0,29600
O001673,2024-07-09,2024-07-09,S011,C00063,P0027,1,1580,0,1580
O001674,2024-07-10,2024-07-12,S005,C00589,P0027,1,1501,0.05,1501
O001675,2024-07-10,2024-07-12,S004,C00123,P0019,2,2980,0,5960
O001676,2024-07-10,2024-07-10,S003,C00147,P0022,2,6800,0,13600
O001677,2024-07-10,2024-07-10,S008,C00362,P0025,1,1580,0,1580
O001678,2024-07-10,2024-07-12,S001,C00366,P0011,1,6980,0,6980
O001679,2024-07-10,2024-07-10,S008,C00360,P0018,2,5900,0,11800
O001680,2024-07-10,2024-07-11,S001,C00058,P0031,3,1380,0,4140
O001681,2024-07-10,2024-07-11,S007,C00373,P0011,1,6980,0,6980
O001682,2024-07-10,2024-07-11,S003,C00288,P0004,2,112000,0,224000
O001683,2024-07-10,2024-07-11,S004,C00107,P0026,2,1980,0,3960
O001684,2024-07-11,2024-07-11,S014,C00115,P0023,1,1980,0,1980
O001685,2024-07-11,2024-07-12,S001,C00466,P0024,1,1280,0,1280
O001686,2024-07-11,2024-07-14,S014,C00419,P0015,10,14800,0,148000
O001687,2024-07-11,2024-07-12,S003,C00581,P0005,1,3200,0,3200
O001688,2024-07-12,2024-07-13,S002,C00202,P0013,1,18810,0.05,18810
O001689,2024-07-12,2024-07-12,S014,C00022,P0016,2,4900,0,9800
O001690,2024-07-12,2024-07-12,S012,C00323,P0016,1,4900,0,4900
O001691,2024-07-12,2024-07-12,S002,C00420,P0032,1,3980,0,3980
O001692,2024-07-12,2024-07-13,S011,C00414,P0027,1,1264,0.2,1264
O001693,2024-07-12,2024-07-12,S011,C00412,P0025,1,1580,0,1580
O001694,2024-07-12,2024-07-12,S001,C00229,P0025,3,1580,0,4740
O001695,2024-07-12,2024-07-14,S008,C00362,P0013,1,19800,0,19800
O001696,2024-07-12,2024-07-13,S012,C00484,P0015,1,14800,0,14800
O001697,2024-07-13,2024-07-13,S014,C00376,P0027,1,1580,0,1580
O001698,2024-07-13,2024-07-16,S007,C00128,P0019,1,2831,0.05,2831
O001699,2024-07-13,2024-07-18,S005,C00096,P0015,2,14800,0,29600
O001700,2024-07-13,2024-07-16,S009,C00081,P0010,1,26820,0.1,26820
O001701,2024-07-13,2024-07-18,S012,C00485,P0028,1,3200,0,3200
O001702,2024-07-13,2024-07-13,S007,C00289,P0026,2,1980,0,3960
O001703,2024-07-13,2024-07-14,S002,C00118,P0019,2,2980,0,5960
O001704,2024-07-13,2024-07-13,S011,C00039,P0021,1,5900,0,5900
O001705,2024-07-13,2024-07-13,S011,C00250,P0006,1,10620,0.1,10620
O001706,2024-07-13,2024-07-14,S004,C00029,P0023,2,1980,0,3960
O001707,2024-07-13,2024-07-18,S011,C00565,P0015,1,14800,0,14800
O001708,2024-07-13,2024-07-14,S006,C00428,P0001,1,102400,0.2,102400
O001709,2024-07-13,2024-07-13,S011,C00584,P0018,1,5900,0,5900
O001710,2024-07-13,2024-07-15,S003,C00496,P0003,2,51300,0.05,102600
O001711,2024-07-14,2024-07-15,S010,C00480,P0010,1,29800,0,29800
O001712,2024-07-14,2024-07-15,S007,C00311,P0015,1,14060,0.05,14060
O001713,2024-07-14,2024-07-16,S003,C00468,P0021,1,5605,0.05,5605
O001714,2024-07-14,2024-07-16,S014,C00016,P0025,1,1580,0,1580
O001715,2024-07-14,2024-07-14,S012,C00537,P0005,1,3200,0,3200
O001716,2024-07-14,2024-07-14,S011,C00342,P0018,3,5900,0,17700
O001717,2024-07-14,2024-07-14,S013,C00465,P0003,3,54000,0,162000
O001718,2024-07-14,2024-07-15,S004,C00406,P0018,1,4720,0.2,4720
O001719,2024-07-14,2024-07-15,S007,C00031,P0019,3,2980,0,8940
O001720,2024-07-14,2024-07-19,S001,C00573,P0019,1,2980,0,2980
O001721,2024-07-14,2024-07-14,S007,C00341,P0014,1,15960,0.05,15960
O001722,2024-07-14,2024-07-14,S003,C00249,P0027,2,1580,0,3160
O001723,2024-07-14,2024-07-14,S001,C00138,P0027,1,1580,0,1580
O001724,2024-07-14,2024-07-15,S012,C00186,P0001,1,115200,0.1,115200
O001725,2024-07-14,2024-07-14,S001,C00170,P0012,1,64800,0,64800
O001726,2024-07-15,2024-07-15,S012,C00450,P0023,1,1881,0.05,1881
O001727,2024-07-15,2024-07-15,S014,C00414,P0001,5,128000,0,640000
O001728,2024-07-15,2024-07-16,S002,C00167,P0006,1,11800,0,11800
O001729,2024-07-15,2024-07-16,S009,C00002,P0008,1,4900,0,4900
O001730,2024-07-15,2024-07-15,S001,C00066,P0003,1,43200,0.2,43200
O001731,2024-07-15,2024-07-15,S009,C00112,P0017,1,16800,0,16800
O001732,2024-07-16,2024-07-17,S007,C00547,P0016,10,4900,0,49000
O001733,2024-07-16,2024-07-16,S003,C00055,P0001,1,128000,0,128000
O001734,2024-07-16,2024-07-16,S001,C00568,P0003,1,54000,0,54000
O001735,2024-07-16,2024-07-17,S009,C00413,P0014,1,16800,0,16800
O001736,2024-07-16,2024-07-16,S012,C00087,P0030,1,780,0,780
O001737,2024-07-16,2024-07-16,S002,C00017,P0012,1,64800,0,64800
O001738,2024-07-16,2024-07-16,S014,C00307,P0020,1,7505,0.05,7505
O001739,2024-07-16,2024-07-16,S001,C00238,P0020,1,7900,0,7900
O001740,2024-07-16,2024-07-18,S002,C00551,P0012,1,64800,0,64800
O001741,2024-07-16,2024-07-18,S010,C00522,P0015,1,14800,0,14800
O001742,2024-07-16,2024-07-16,S002,C00264,P0027,1,1580,0,1580
O001743,2024-07-16,2024-07-17,S002,C00011,P0017,2,16800,0,33600
O001744,2024-07-17,2024-07-18,S001,C00190,P0029,1,2180,0,2180
O001745,2024-07-17,2024-07-19,S001,C00026,P0029,1,2180,0,2180
O001746,2024-07-17,2024-07-17,S014,C00337,P0004,3,112000,0,336000
O001747,2024-07-17,2024-07-19,S008,C00343,P0018,2,5900,0,11800
O001748,2024-07-17,2024-07-17,S011,C00505,P0001,1,128000,0,128000
O001749,2024-07-17,2024-07-17,S004,C00548,P0004,1,106400,0.05,106400
O001750,2024-07-17,2024-07-18,S008,C00423,P0009,1,27800,0,27800
O001751,2024-07-17,2024-07-20,S001,C00270,P0004,2,100800,0.1,201600
O001752,2024-07-18,2024-07-21,S006,C00563,P0032,1,3980,0,3980
O001753,2024-07-18,2024-07-19,S014,C00448,P0014,1,16800,0,16800
O001754,2024-07-18,2024-07-18,S011,C00313,P0015,5,14800,0,74000
O001755,2024-07-18,2024-07-19,S012,C00564,P0017,1,16800,0,16800
O001756,2024-07-18,2024-07-23,S010,C00043,P0014,1,15960,0.05,15960
O001757,2024-07-18,2024-07-19,S008,C00152,P0031,5,1380,0,6900
O001758,2024-07-18,2024-07-21,S002,C00456,P0026,1,1881,0.05,1881
O001759,2024-07-18,2024-07-21,S007,C00576,P0028,1,3200,0,3200
O001760,2024-07-18,2024-07-19,S002,C00391,P0031,1,1380,0,1380
O001761,2024-07-18,2024-07-19,S007,C00314,P0027,1,1580,0,1580
O001762,2024-07-18,2024-07-19,S008,C00137,P0022,1,6800,0,6800
O001763,2024-07-18,2024-07-21,S004,C00393,P0007,1,26240,0.2,26240
O001764,2024-07-18,2024-07-21,S014,C00308,P0031,1,1380,0,1380
O001765,2024-07-18,2024-07-18,S005,C00074,P0026,2,1980,0,3960
O001766,2024-07-19,2024-07-20,S005,C00579,P0016,1,4900,0,4900
O001767,2024-07-19,2024-07-21,S005,C00262,P0027,2,1580,0,3160
O001768,2024-07-19,2024-07-21,S014,C00257,P0028,1,3200,0,3200
O001769,2024-07-19,2024-07-20,S014,C00549,P0012,1,64800,0,64800
O001770,2024-07-19,2024-07-22,S006,C00211,P0007,2,32800,0,65600
O001771,2024-07-19,2024-07-22,S014,C00020,P0005,2,3200,0,6400
O001772,2024-07-19,2024-07-19,S011,C00007,P0020,1,7900,0,7900
O001773,2024-07-20,2024-07-22,S005,C00461,P0027,1,1580,0,1580
O001774,2024-07-20,2024-07-23,S011,C00081,P0029,1,2180,0,2180
O001775,2024-07-20,2024-07-21,S007,C00589,P0022,2,6120,0.1,12240
O001776,2024-07-20,2024-07-21,S014,C00116,P0024,1,1280,0,1280
O001777,2024-07-20,2024-07-21,S011,C00485,P0032,1,3980,0,3980
O001778,2024-07-20,2024-07-23,S005,C00525,P0023,1,1980,0,1980
O001779,2024-07-20,2024-07-21,S014,C00097,P0002,1,226100,0.05,226100
O001780,2024-07-20,2024-07-20,S005,C00003,P0019,1,2980,0,2980
O001781,2024-07-20,2024-07-20,S008,C00536,P0018,2,5900,0,11800
O001782,2024-07-21,2024-07-22,S007,C00243,P0018,1,5900,0,5900
O001783,2024-07-21,2024-07-21,S014,C00464,P0009,1,27800,0,27800
O001784,2024-07-21,2024-07-21,S014,C00130,P0012,3,64800,0,194400
O001785,2024-07-21,2024-07-22,S014,C00128,P0011,3,6980,0,20940
O001786,2024-07-21,2024-07-26,S005,C00071,P0032,2,3980,0,7960
O001787,2024-07-21,2024-07-22,S003,C00477,P0025,3,1580,0,4740
O001788,2024-07-21,2024-07-22,S005,C00376,P0003,3,54000,0,162000
O001789,2024-07-21,2024-07-24,S002,C00165,P0005,1,2880,0.1,2880
O001790,2024-07-21,2024-07-21,S011,C00234,P0019,1,2980,0,2980
O001791,2024-07-21,2024-07-23,S001,C00367,P0011,1,6980,0,6980
O001792,2024-07-21,2024-07-23,S008,C00087,P0006,1,11800,0,11800
O001793,2024-07-21,2024-07-21,S013,C00059,P0010,1,29800,0,29800
O001794,2024-07-21,2024-07-21,S011,C00484,P0001,1,128000,0,128000
O001795,2024-07-21,2024-07-22,S002,C00232,P0014,1,16800,0,16800
O001796,2024-07-21,2024-07-22,S005,C00107,P0007,2,26240,0.2,52480
O001797,2024-07-22,2024-07-22,S004,C00302,P0012,1,64800,0,64800
O001798,2024-07-22,2024-07-24,S008,C00556,P0028,2,3200,0,6400
O001799,2024-07-22,2024-07-23,S002,C00559,P0004,1,112000,0,112000
O001800,2024-07-22,2024-07-23,S003,C00172,P0012,1,64800,0,64800
O001801,2024-07-22,2024-07-27,S008,C00383,P0009,1,27800,0,27800
O001802,2024-07-22,2024-07-22,S002,C00255,P0019,1,2980,0,2980
O001803,2024-07-22,2024-07-25,S009,C00285,P0024,1,1280,0,1280
O001804,2024-07-22,2024-07-23,S007,C00490,P0025,1,1422,0.1,1422
O001805,2024-07-23,2024-07-26,S014,C00200,P0027,1,1580,0,1580
O001806,2024-07-23,2024-07-24,S007,C00001,P0001,1,102400,0.2,102400
O001807,2024-07-23,2024-07-23,S006,C00084,P0016,1,4900,0,4900
O001808,2024-07-23,2024-07-23,S011,C00424,P0032,1,3980,0,3980
O001809,2024-07-23,2024-07-26,S002,C00012,P0009,1,27800,0,27800
O001810,2024-07-23,2024-07-28,S001,C00185,P0006,1,11800,0,11800
O001811,2024-07-23,2024-07-24,S001,C00395,P0002,1,226100,0.05,226100
O001812,2024-07-23,2024-07-28,S007,C00377,P0010,1,26820,0.1,26820
O001813,2024-07-23,2024-07-23,S014,C00420,P0012,1,64800,0,64800
O001814,2024-07-23,2024-07-25,S014,C00306,P0017,1,16800,0,16800
O001815,2024-07-23,2024-07-23,S002,C00037,P0031,3,1380,0,4140
O001816,2024-07-24,2024-07-26,S005,C00046,P0028,1,3200,0,3200
O001817,2024-07-24,2024-07-24,S005,C00386,P0016,1,4900,0,4900
O001818,2024-07-24,2024-07-24,S004,C00086,P0026,1,1980,0,1980
O001819,2024-07-24,2024-07-24,S012,C00164,P0029,1,2180,0,2180
O001820,2024-07-24,2024-07-24,S005,C00185,P0013,1,19800,0,19800
O001821,2024-07-24,2024-07-26,S003,C00170,P0027,1,1580,0,1580
O001822,2024-07-24,2024-07-25,S009,C00331,P0028,1,3200,0,3200
O001823,2024-07-24,2024-07-25,S007,C00484,P0019,1,2831,0.05,2831
O001824,2024-07-24,2024-07-27,S002,C00498,P0010,1,29800,0,29800
O001825,2024-07-25,2024-07-28,S011,C00012,P0022,1,6800,0,6800
O001826,2024-07-25,2024-07-26,S007,C00302,P0001,1,128000,0,128000
O001827,2024-07-25,2024-07-25,S014,C00409,P0026,1,1980,0,1980
O001828,2024-07-25,2024-07-26,S007,C00272,P0021,1,5900,0,5900
O001829,2024-07-25,2024-07-27,S007,C00486,P0019,1,2980,0,2980
O001830,2024-07-26,2024-07-31,S013,C00468,P0010,2,29800,0,59600
O001831,2024-07-26,2024-07-31,S008,C00366,P0016,1,4900,0,4900
O001832,2024-07-26,2024-07-27,S002,C00167,P0025,2,1580,0,3160
O001833,2024-07-26,2024-07-26,S014,C00040,P0022,1,6120,0.1,6120
O001834,2024-07-26,2024-07-26,S011,C00493,P0021,2,5900,0,11800
O001835,2024-07-26,2024-07-26,S003,C00274,P0009,1,27800,0,27800
O001836,2024-07-26,2024-07-26,S008,C00148,P0012,2,64800,0,129600
O001837,2024-07-26,2024-07-26,S005,C00132,P0012,1,64800,0,64800
O001838,2024-07-26,2024-07-26,S013,C00157,P0023,1,1980,0,1980
O001839,2024-07-26,2024-07-26,S014,C00060,P0023,1,1980,0,1980
O001840,2024-07-26,2024-07-28,S011,C00439,P0019,1,2831,0.05,2831
O001841,2024-07-27,2024-07-29,S011,C00047,P0027,3,1580,0,4740
O001842,2024-07-27,2024-07-27,S011,C00412,P0006,1,11800,0,11800
O001843,2024-07-27,2024-07-27,S010,C00480,P0017,2,16800,0,33600
O001844,2024-07-27,2024-07-28,S002,C00547,P0004,3,112000,0,336000
O001845,2024-07-27,2024-07-30,S001,C00557,P0003,1,54000,0,54000
O001846,2024-07-27,2024-07-27,S007,C00482,P0021,2,5900,0,11800
O001847,2024-07-27,2024-07-28,S011,C00058,P0031,1,1380,0,1380
O001848,2024-07-27,2024-07-27,S014,C00573,P0016,1,4900,0,4900
O001849,2024-07-27,2024-07-27,S014,C00597,P0008,2,4900,0,9800
O001850,2024-07-27,2024-07-28,S014,C00206,P0006,2,11800,0,23600
O001851,2024-07-27,2024-07-27,S010,C00415,P0019,2,2980,0,5960
O001852,2024-07-27,2024-07-27,S004,C00363,P0022,5,6120,0.1,30600
O001853,2024-07-27,2024-07-27,S006,C00095,P0006,1,11800,0,11800
O001854,2024-07-27,2024-07-27,S014,C00027,P0010,2,26820,0.1,53640
O001855,2024-07-27,2024-07-27,S003,C00063,P0021,1,5605,0.05,5605
O001856,2024-07-28,2024-07-28,S011,C00451,P0031,1,1380,0,1380
O001857,2024-07-28,2024-07-28,S004,C00374,P0008,1,4900,0,4900
O001858,2024-07-28,2024-07-28,S012,C00519,P0025,1,1580,0,1580
O001859,2024-07-28,2024-07-31,S001,C00094,P0025,1,1580,0,1580
O001860,2024-07-28,2024-07-30,S014,C00047,P0021,1,5900,0,5900
O001861,2024-07-28,2024-07-30,S014,C00035,P0027,1,1422,0.1,1422
O001862,2024-07-28,2024-07-30,S014,C00453,P0021,1,5900,0,5900
O001863,2024-07-28,2024-07-29,S008,C00535,P0001,1,128000,0,128000
O001864,2024-07-28,2024-07-29,S003,C00387,P0015,2,14800,0,29600
O001865,2024-07-28,2024-07-28,S003,C00508,P0020,1,7900,0,7900
O001866,2024-07-28,2024-07-28,S011,C00124,P0021,1,5900,0,5900
O001867,2024-07-28,2024-08-02,S011,C00305,P0021,1,5900,0,5900
O001868,2024-07-28,2024-07-29,S004,C00376,P0028,1,3200,0,3200
O001869,2024-07-29,2024-07-29,S012,C00567,P0032,1,3582,0.1,3582
O001870,2024-07-29,2024-07-29,S013,C00338,P0003,1,54000,0,54000
O001871,2024-07-29,2024-07-29,S009,C00060,P0011,1,6980,0,6980
O001872,2024-07-29,2024-07-29,S008,C00490,P0026,1,1980,0,1980
O001873,2024-07-29,2024-07-31,S011,C00590,P0011,1,6980,0,6980
O001874,2024-07-29,2024-07-29,S001,C00124,P0010,3,29800,0,89400
O001875,2024-07-29,2024-07-29,S003,C00269,P0014,1,16800,0,16800
O001876,2024-07-29,2024-07-29,S003,C00022,P0032,1,3980,0,3980
O001877,2024-07-29,2024-07-30,S002,C00462,P0004,1,112000,0,112000
O001878,2024-07-30,2024-07-31,S004,C00131,P0025,2,1580,0,3160
O001879,2024-07-30,2024-08-01,S014,C00302,P0009,3,27800,0,83400
O001880,2024-07-31,2024-08-02,S012,C00064,P0005,1,3200,0,3200
O001881,2024-07-31,2024-08-05,S003,C00511,P0025,5,1580,0,7900
O001882,2024-07-31,2024-07-31,S013,C00248,P0026,1,1980,0,1980
O001883,2024-07-31,2024-08-02,S014,C00540,P0019,1,2980,0,2980
O001884,2024-07-31,2024-07-31,S014,C00164,P0031,1,1380,0,1380
O001885,2024-07-31,2024-07-31,S007,C00245,P0020,1,7900,0,7900
O001886,2024-07-31,2024-07-31,S002,C00540,P0014,1,16800,0,16800
O001887,2024-07-31,2024-07-31,S010,C00538,P0008,10,4900,0,49000
O001888,2024-07-31,2024-08-01,S001,C00476,P0017,1,16800,0,16800
O001889,2024-07-31,2024-08-02,S011,C00056,P0007,1,32800,0,32800
O001890,2024-07-31,2024-08-01,S002,C00220,P0005,1,3200,0,3200
O001891,2024-07-31,2024-08-02,S001,C00411,P0028,2,3200,0,6400
O001892,2024-07-31,2024-08-02,S003,C00034,P0019,1,2980,0,2980
O001893,2024-07-31,2024-08-03,S014,C00094,P0028,5,3040,0.05,15200
O001894,2024-07-31,2024-07-31,S007,C00290,P0007,1,31160,0.05,31160
O001895,2024-08-01,2024-08-02,S001,C00058,P0032,1,3980,0,3980
O001896,2024-08-01,2024-08-06,S007,C00219,P0017,3,16800,0,50400
O001897,2024-08-01,2024-08-01,S007,C00556,P0009,2,26410,0.05,52820
O001898,2024-08-01,2024-08-01,S002,C00361,P0024,5,1280,0,6400
O001899,2024-08-01,2024-08-04,S004,C00487,P0023,2,1980,0,3960
O001900,2024-08-01,2024-08-02,S005,C00035,P0006,1,11800,0,11800
O001901,2024-08-01,2024-08-01,S005,C00147,P0026,1,1980,0,1980
O001902,2024-08-01,2024-08-02,S005,C00204,P0009,5,27800,0,139000
O001903,2024-08-02,2024-08-07,S007,C00140,P0032,1,3980,0,3980
O001904,2024-08-02,2024-08-04,S013,C00147,P0004,1,112000,0,112000
O001905,2024-08-02,2024-08-02,S014,C00467,P0028,1,3200,0,3200
O001906,2024-08-02,2024-08-05,S005,C00054,P0014,1,16800,0,16800
O001907,2024-08-02,2024-08-05,S008,C00044,P0022,1,6120,0.1,6120
O001908,2024-08-02,2024-08-02,S012,C00457,P0023,3,1980,0,5940
O001909,2024-08-03,2024-08-04,S002,C00009,P0007,1,32800,0,32800
O001910,2024-08-03,2024-08-04,S011,C00546,P0024,1,1280,0,1280
O001911,2024-08-03,2024-08-03,S009,C00442,P0032,1,3980,0,3980
O001912,2024-08-03,2024-08-04,S011,C00496,P0030,2,741,0.05,1482
O001913,2024-08-03,2024-08-03,S007,C00015,P0032,1,3980,0,3980
O001914,2024-08-03,2024-08-04,S007,C00090,P0015,1,14800,0,14800
O001915,2024-08-03,2024-08-04,S004,C00281,P0030,2,780,0,1560
O001916,2024-08-03,2024-08-03,S006,C00210,P0010,1,29800,0,29800
O001917,2024-08-03,2024-08-04,S011,C00368,P0011,1,6980,0,6980
O001918,2024-08-03,2024-08-06,S003,C00399,P0009,1,27800,0,27800
O001919,2024-08-03,2024-08-04,S001,C00271,P0009,1,27800,0,27800
O001920,2024-08-03,2024-08-05,S010,C00364,P0018,2,5900,0,11800
O001921,2024-08-03,2024-08-04,S008,C00140,P0007,2,32800,0,65600
O001922,2024-08-03,2024-08-03,S001,C00144,P0024,1,1280,0,1280
O001923,2024-08-03,2024-08-05,S001,C00057,P0025,2,1580,0,3160
O001924,2024-08-04,2024-08-05,S002,C00232,P0010,1,29800,0,29800
O001925,2024-08-04,2024-08-05,S003,C00102,P0009,1,27800,0,27800
O001926,2024-08-04,2024-08-04,S012,C00022,P0002,2,226100,0.05,452200
O001927,2024-08-04,2024-08-04,S008,C00419,P0027,1,1501,0.05,1501
O001928,2024-08-04,2024-08-04,S010,C00091,P0019,2,2980,0,5960
O001929,2024-08-04,2024-08-07,S011,C00370,P0004,1,112000,0,112000
O001930,2024-08-04,2024-08-04,S002,C00366,P0014,1,16800,0,16800
O001931,2024-08-04,2024-08-09,S014,C00253,P0016,2,4900,0,9800
O001932,2024-08-04,2024-08-04,S011,C00155,P0025,2,1580,0,3160
O001933,2024-08-04,2024-08-04,S005,C00433,P0029,2,2180,0,4360
O001934,2024-08-04,2024-08-05,S014,C00151,P0021,2,5900,0,11800
O001935,2024-08-05,2024-08-05,S007,C00495,P0002,1,190400,0.2,190400
O001936,2024-08-05,2024-08-07,S009,C00347,P0028,2,2560,0.2,5120
O001937,2024-08-05,2024-08-06,S002,C00185,P0019,2,2980,0,5960
O001938,2024-08-05,2024-08-05,S009,C00507,P0027,1,1580,0,1580
O001939,2024-08-05,2024-08-06,S005,C00295,P0032,2,3980,0,7960
O001940,2024-08-05,2024-08-07,S011,C00112,P0002,1,238000,0,238000
O001941,2024-08-06,2024-08-06,S005,C00490,P0005,1,2880,0.1,2880
O001942,2024-08-06,2024-08-06,S010,C00469,P0030,1,624,0.2,624
O001943,2024-08-06,2024-08-08,S010,C00220,P0013,1,19800,0,19800
O001944,2024-08-06,2024-08-07,S006,C00149,P0028,10,2560,0.2,25600
O001945,2024-08-06,2024-08-06,S011,C00338,P0008,1,4900,0,4900
O001946,2024-08-06,2024-08-06,S006,C00590,P0003,5,54000,0,270000
O001947,2024-08-06,2024-08-06,S008,C00371,P0008,1,4900,0,4900
O001948,2024-08-07,2024-08-10,S004,C00133,P0028,1,3200,0,3200
O001949,2024-08-07,2024-08-08,S014,C00556,P0021,1,5900,0,5900
O001950,2024-08-07,2024-08-08,S005,C00098,P0013,1,19800,0,19800
O001951,2024-08-07,2024-08-10,S014,C00326,P0007,1,32800,0,32800
O001952,2024-08-07,2024-08-07,S011,C00479,P0025,1,1580,0,1580
O001953,2024-08-07,2024-08-08,S003,C00104,P0006,1,11800,0,11800
O001954,2024-08-07,2024-08-08,S001,C00253,P0008,2,4900,0,9800
O001955,2024-08-07,2024-08-10,S009,C00035,P0021,3,5900,0,17700
O001956,2024-08-07,2024-08-10,S013,C00480,P0010,2,29800,0,59600
O001957,2024-08-07,2024-08-08,S014,C00570,P0011,1,6980,0,6980
O001958,2024-08-08,2024-08-09,S005,C00545,P0022,1,6800,0,6800
O001959,2024-08-08,2024-08-08,S014,C00357,P0028,1,3040,0.05,3040
O001960,2024-08-08,2024-08-09,S005,C00331,P0027,3,1580,0,4740
O001961,2024-08-08,2024-08-09,S001,C00166,P0028,1,3040,0.05,3040
O001962,2024-08-08,2024-08-10,S011,C00375,P0026,1,1980,0,1980
O001963,2024-08-08,2024-08-13,S014,C00053,P0005,2,3200,0,6400
O001964,2024-08-08,2024-08-10,S003,C00056,P0014,2,16800,0,33600
O001965,2024-08-08,2024-08-08,S010,C00216,P0015,1,14800,0,14800
O001966,2024-08-08,2024-08-08,S003,C00339,P0015,1,14800,0,14800
O001967,2024-08-08,2024-08-08,S013,C00127,P0011,1,6980,0,6980
O001968,2024-08-08,2024-08-10,S013,C00439,P0020,2,7900,0,15800
O001969,2024-08-09,2024-08-09,S002,C00558,P0014,1,16800,0,16800
O001970,2024-08-09,2024-08-12,S014,C00260,P0029,1,2180,0,2180
O001971,2024-08-09,2024-08-09,S005,C00045,P0002,1,238000,0,238000
O001972,2024-08-09,2024-08-11,S007,C00386,P0025,1,1580,0,1580
O001973,2024-08-09,2024-08-09,S001,C00140,P0016,2,4900,0,9800
O001974,2024-08-09,2024-08-09,S002,C00136,P0029,2,2180,0,4360
O001975,2024-08-09,2024-08-10,S003,C00520,P0012,1,64800,0,64800
O001976,2024-08-09,2024-08-12,S014,C00255,P0004,3,112000,0,336000
O001977,2024-08-09,2024-08-12,S001,C00275,P0006,1,11800,0,11800
O001978,2024-08-09,2024-08-11,S004,C00526,P0029,1,2180,0,2180
O001979,2024-08-10,2024-08-12,S014,C00507,P0017,3,16800,0,50400
O001980,2024-08-10,2024-08-10,S007,C00594,P0023,1,1980,0,1980
O001981,2024-08-10,2024-08-10,S014,C00541,P0016,1,4900,0,4900
O001982,2024-08-10,2024-08-11,S002,C00166,P0027,2,1580,0,3160
O001983,2024-08-10,2024-08-10,S013,C00424,P0014,1,16800,0,16800
O001984,2024-08-10,2024-08-15,S005,C00205,P0001,1,128000,0,128000
O001985,2024-08-11,2024-08-12,S002,C00297,P0008,2,3920,0.2,7840
O001986,2024-08-11,2024-08-12,S014,C00064,P0018,1,5900,0,5900
O001987,2024-08-11,2024-08-11,S014,C00399,P0010,2,29800,0,59600
O001988,2024-08-11,2024-08-11,S003,C00430,P0003,1,54000,0,54000
O001989,2024-08-11,2024-08-11,S002,C00179,P0010,2,29800,0,59600
O001990,2024-08-11,2024-08-12,S007,C00550,P0027,2,1422,0.1,2844
O001991,2024-08-11,2024-08-11,S009,C00557,P0017,2,16800,0,33600
O001992,2024-08-11,2024-08-11,S009,C00406,P0028,10,3200,0,32000
O001993,2024-08-11,2024-08-12,S007,C00522,P0026,2,1980,0,3960
O001994,2024-08-11,2024-08-14,S004,C00483,P0028,1,3200,0,3200
O001995,2024-08-11,2024-08-13,S014,C00397,P0023,1,1980,0,1980
O001996,2024-08-11,2024-08-11,S014,C00162,P0013,1,19800,0,19800
O001997,2024-08-11,2024-08-11,S014,C00025,P0029,5,1962,0.1,9810
O001998,2024-08-12,2024-08-12,S003,C00329,P0003,1,51300,0.05,51300
O001999,2024-08-12,2024-08-12,S003,C00391,P0026,2,1980,0,3960
O002000,2024-08-12,2024-08-12,S007,C00562,P0028,1,3200,0,3200
O002001,2024-08-12,2024-08-13,S008,C00112,P0022,1,6800,0,6800
O002002,2024-08-12,2024-08-12,S006,C00080,P0026,1,1782,0.1,1782
O002003,2024-08-12,2024-08-13,S001,C00509,P0026,1,1980,0,1980
O002004,2024-08-12,2024-08-12,S009,C00304,P0003,2,54000,0,108000
O002005,2024-08-12,2024-08-13,S011,C00204,P0027,2,1580,0,3160
O002006,2024-08-12,2024-08-13,S014,C00352,P0018,1,5900,0,5900
O002007,2024-08-12,2024-08-13,S003,C00499,P0027,1,1580,0,1580
O002008,2024-08-12,2024-08-12,S011,C00343,P0001,1,128000,0,128000
O002009,2024-08-12,2024-08-12,S003,C00283,P0012,1,64800,0,64800
O002010,2024-08-13,2024-08-14,S011,C00417,P0001,10,128000,0,1280000
O002011,2024-08-13,2024-08-13,S004,C00045,P0022,1,6800,0,6800
O002012,2024-08-14,2024-08-15,S001,C00022,P0010,2,29800,0,59600
O002013,2024-08-14,2024-08-16,S003,C00026,P0022,1,6800,0,6800
O002014,2024-08-14,2024-08-15,S005,C00438,P0024,2,1280,0,2560
O002015,2024-08-14,2024-08-14,S002,C00277,P0004,1,112000,0,112000
O002016,2024-08-14,2024-08-17,S010,C00370,P0021,1,5900,0,5900
O002017,2024-08-14,2024-08-17,S014,C00381,P0003,1,54000,0,54000
O002018,2024-08-14,2024-08-15,S008,C00571,P0030,2,780,0,1560
O002019,2024-08-14,2024-08-16,S004,C00010,P0021,1,5900,0,5900
O002020,2024-08-14,2024-08-14,S005,C00149,P0002,1,238000,0,238000
O002021,2024-08-14,2024-08-15,S011,C00104,P0032,1,3980,0,3980
O002022,2024-08-15,2024-08-16,S009,C00550,P0016,1,4900,0,4900
O002023,2024-08-15,2024-08-16,S004,C00309,P0002,1,238000,0,238000
O002024,2024-08-15,2024-08-20,S002,C00111,P0003,2,54000,0,108000
O002025,2024-08-15,2024-08-16,S014,C00461,P0023,1,1881,0.05,1881
O002026,2024-08-15,2024-08-16,S002,C00227,P0017,1,16800,0,16800
O002027,2024-08-15,2024-08-16,S002,C00498,P0023,1,1782,0.1,1782
O002028,2024-08-15,2024-08-15,S007,C00121,P0017,1,16800,0,16800
O002029,2024-08-16,2024-08-18,S001,C00018,P0001,5,115200,0.1,576000
O002030,2024-08-16,2024-08-21,S001,C00170,P0011,1,6980,0,6980
O002031,2024-08-16,2024-08-16,S002,C00518,P0011,1,6980,0,6980
O002032,2024-08-16,2024-08-17,S008,C00472,P0011,2,6980,0,13960
O002033,2024-08-16,2024-08-17,S009,C00260,P0008,1,4655,0.05,4655
O002034,2024-08-16,2024-08-17,S005,C00548,P0006,1,11800,0,11800
O002035,2024-08-16,2024-08-16,S007,C00293,P0010,1,29800,0,29800
O002036,2024-08-17,2024-08-18,S009,C00483,P0032,1,3781,0.05,3781
O002037,2024-08-17,2024-08-18,S007,C00201,P0014,5,16800,0,84000
O002038,2024-08-17,2024-08-20,S001,C00590,P0007,1,29520,0.1,29520
O002039,2024-08-17,2024-08-22,S003,C00287,P0019,1,2980,0,2980
O002040,2024-08-17,2024-08-18,S008,C00021,P0022,2,6120,0.1,12240
O002041,2024-08-17,2024-08-17,S008,C00503,P0003,2,54000,0,108000
O002042,2024-08-17,2024-08-19,S011,C00236,P0013,10,19800,0,198000
O002043,2024-08-17,2024-08-17,S012,C00532,P0018,5,5900,0,29500
O002044,2024-08-17,2024-08-17,S004,C00410,P0006,1,9440,0.2,9440
O002045,2024-08-17,2024-08-19,S008,C00170,P0008,1,4900,0,4900
O002046,2024-08-18,2024-08-20,S014,C00027,P0015,1,11840,0.2,11840
O002047,2024-08-18,2024-08-19,S011,C00225,P0015,1,14800,0,14800
O002048,2024-08-18,2024-08-21,S007,C00111,P0009,1,27800,0,27800
O002049,2024-08-18,2024-08-20,S005,C00054,P0009,1,27800,0,27800
O002050,2024-08-18,2024-08-19,S009,C00582,P0001,1,128000,0,128000
O002051,2024-08-18,2024-08-21,S014,C00166,P0024,2,1216,0.05,2432
O002052,2024-08-18,2024-08-18,S009,C00103,P0014,1,16800,0,16800
O002053,2024-08-18,2024-08-18,S005,C00130,P0003,1,54000,0,54000
O002054,2024-08-18,2024-08-18,S007,C00138,P0008,2,4410,0.1,8820
O002055,2024-08-18,2024-08-18,S010,C00468,P0025,1,1501,0.05,1501
O002056,2024-08-18,2024-08-18,S014,C00013,P0032,2,3980,0,7960
O002057,2024-08-18,2024-08-18,S014,C00024,P0001,2,128000,0,256000
O002058,2024-08-19,2024-08-24,S001,C00437,P0019,3,2980,0,8940
O002059,2024-08-19,2024-08-20,S012,C00382,P0021,2,5900,0,11800
O002060,2024-08-19,2024-08-24,S003,C00442,P0024,2,1280,0,2560
O002061,2024-08-19,2024-08-19,S014,C00086,P0002,1,238000,0,238000
O002062,2024-08-19,2024-08-19,S012,C00564,P0005,1,3200,0,3200
O002063,2024-08-19,2024-08-22,S003,C00242,P0024,1,1280,0,1280
O002064,2024-08-19,2024-08-20,S001,C00569,P0030,1,780,0,780
O002065,2024-08-19,2024-08-21,S014,C00282,P0016,1,4900,0,4900
O002066,2024-08-19,2024-08-20,S007,C00347,P0009,1,27800,0,27800
O002067,2024-08-19,2024-08-21,S008,C00251,P0010,1,26820,0.1,26820
O002068,2024-08-19,2024-08-22,S011,C00254,P0008,2,4655,0.05,9310
O002069,2024-08-19,2024-08-21,S006,C00452,P0031,1,1104,0.2,1104
O002070,2024-08-20,2024-08-25,S014,C00346,P0017,1,16800,0,16800
O002071,2024-08-20,2024-08-20,S001,C00120,P0023,1,1584,0.2,1584
O002072,2024-08-20,2024-08-21,S014,C00480,P0006,1,11800,0,11800
O002073,2024-08-20,2024-08-20,S003,C00284,P0023,5,1782,0.1,8910
O002074,2024-08-20,2024-08-20,S014,C00511,P0009,1,27800,0,27800
O002075,2024-08-20,2024-08-21,S002,C00593,P0028,2,3040,0.05,6080
O002076,2024-08-21,2024-08-21,S007,C00542,P0012,1,64800,0,64800
O002077,2024-08-21,2024-08-21,S003,C00177,P0027,1,1580,0,1580
O002078,2024-08-21,2024-08-24,S014,C00214,P0020,1,7900,0,7900
O002079,2024-08-21,2024-08-21,S014,C00494,P0014,1,16800,0,16800
O002080,2024-08-21,2024-08-23,S004,C00082,P0003,1,54000,0,54000
O002081,2024-08-21,2024-08-26,S013,C00566,P0007,2,32800,0,65600
O002082,2024-08-22,2024-08-23,S007,C00390,P0024,2,1280,0,2560
O002083,2024-08-22,2024-08-23,S007,C00192,P0032,2,3582,0.1,7164
O002084,2024-08-22,2024-08-23,S014,C00075,P0022,5,6800,0,34000
O002085,2024-08-22,2024-08-22,S005,C00582,P0028,1,3040,0.05,3040
O002086,2024-08-22,2024-08-23,S002,C00103,P0013,2,19800,0,39600
O002087,2024-08-22,2024-08-22,S006,C00417,P0018,1,5900,0,5900
O002088,2024-08-23,2024-08-25,S003,C00050,P0025,10,1580,0,15800
O002089,2024-08-23,2024-08-23,S014,C00333,P0012,2,64800,0,129600
O002090,2024-08-23,2024-08-23,S002,C00015,P0008,1,4900,0,4900
O002091,2024-08-23,2024-08-25,S012,C00388,P0019,1,2980,0,2980
O002092,2024-08-23,2024-08-23,S014,C00233,P0005,1,3200,0,3200
O002093,2024-08-23,2024-08-26,S001,C00156,P0013,2,19800,0,39600
O002094,2024-08-23,2024-08-25,S014,C00425,P0009,1,27800,0,27800
O002095,2024-08-24,2024-08-24,S008,C00289,P0001,3,128000,0,384000
O002096,2024-08-24,2024-08-24,S001,C00499,P0014,1,16800,0,16800
O002097,2024-08-24,2024-08-25,S007,C00273,P0006,1,11800,0,11800
O002098,2024-08-24,2024-08-25,S009,C00244,P0020,1,7900,0,7900
O002099,2024-08-24,2024-08-29,S014,C00197,P0004,1,112000,0,112000
O002100,2024-08-24,2024-08-25,S007,C00422,P0012,1,64800,0,64800
O002101,2024-08-24,2024-08-26,S011,C00109,P0022,1,6800,0,6800
O002102,2024-08-24,2024-08-25,S006,C00298,P0031,2,1380,0,2760
O002103,2024-08-24,2024-08-29,S001,C00528,P0007,1,31160,0.05,31160
O002104,2024-08-25,2024-08-25,S008,C00060,P0024,1,1280,0,1280
O002105,2024-08-25,2024-08-26,S012,C00512,P0017,1,16800,0,16800
O002106,2024-08-25,2024-08-26,S001,C00523,P0030,2,741,0.05,1482
O002107,2024-08-25,2024-08-27,S005,C00177,P0030,1,741,0.05,741
O002108,2024-08-25,2024-08-25,S004,C00104,P0008,1,4900,0,4900
O002109,2024-08-25,2024-08-28,S014,C00400,P0026,1,1980,0,1980
O002110,2024-08-25,2024-08-27,S004,C00490,P0007,1,32800,0,32800
O002111,2024-08-25,2024-08-26,S008,C00487,P0010,2,29800,0,59600
O002112,2024-08-25,2024-08-30,S003,C00432,P0015,1,14800,0,14800
O002113,2024-08-25,2024-08-28,S005,C00562,P0002,2,226100,0.05,452200
O002114,2024-08-25,2024-08-26,S008,C00469,P0027,1,1501,0.05,1501
O002115,2024-08-26,2024-08-26,S007,C00179,P0010,1,28310,0.05,28310
O002116,2024-08-26,2024-08-26,S011,C00574,P0016,1,4900,0,4900
O002117,2024-08-26,2024-08-28,S005,C00289,P0022,2,6800,0,13600
O002118,2024-08-26,2024-08-26,S008,C00436,P0006,1,11210,0.05,11210
O002119,2024-08-26,2024-08-26,S008,C00121,P0020,1,7505,0.05,7505
O002120,2024-08-27,2024-08-28,S003,C00530,P0026,2,1782,0.1,3564
O002121,2024-08-27,2024-08-27,S012,C00424,P0024,3,1280,0,3840
O002122,2024-08-27,2024-08-30,S013,C00192,P0003,1,54000,0,54000
O002123,2024-08-27,2024-08-27,S014,C00019,P0012,1,64800,0,64800
O002124,2024-08-27,2024-08-27,S010,C00497,P0005,1,3200,0,3200
O002125,2024-08-27,2024-08-27,S004,C00448,P0019,3,2980,0,8940
O002126,2024-08-27,2024-08-29,S012,C00209,P0005,2,3200,0,6400
O002127,2024-08-28,2024-08-29,S009,C00495,P0015,1,14800,0,14800
O002128,2024-08-28,2024-08-31,S004,C00393,P0004,1,112000,0,112000
O002129,2024-08-28,2024-08-30,S007,C00038,P0028,1,3200,0,3200
O002130,2024-08-28,2024-08-28,S011,C00019,P0018,1,5900,0,5900
O002131,2024-08-28,2024-09-02,S014,C00555,P0013,1,18810,0.05,18810
O002132,2024-08-28,2024-08-28,S003,C00505,P0025,1,1501,0.05,1501
O002133,2024-08-28,2024-08-29,S006,C00246,P0011,1,6980,0,6980
O002134,2024-08-28,2024-08-29,S001,C00049,P0012,1,64800,0,64800
O002135,2024-08-28,2024-08-30,S011,C00513,P0006,1,11800,0,11800
O002136,2024-08-29,2024-08-30,S001,C00535,P0011,5,6980,0,34900
O002137,2024-08-29,2024-08-30,S002,C00409,P0020,1,7505,0.05,7505
O002138,2024-08-29,2024-09-01,S001,C00323,P0025,1,1580,0,1580
O002139,2024-08-29,2024-09-03,S009,C00207,P0010,1,29800,0,29800
O002140,2024-08-29,2024-08-29,S009,C00466,P0028,1,3200,0,3200
O002141,2024-08-29,2024-08-31,S012,C00170,P0001,1,128000,0,128000
O002142,2024-08-29,2024-08-30,S008,C00364,P0014,1,16800,0,16800
O002143,2024-08-30,2024-08-31,S002,C00425,P0030,1,780,0,780
O002144,2024-08-30,2024-09-01,S010,C00263,P0005,1,3040,0.05,3040
O002145,2024-08-30,2024-09-01,S001,C00563,P0002,1,238000,0,238000
O002146,2024-08-30,2024-08-30,S008,C00316,P0025,1,1580,0,1580
O002147,2024-08-30,2024-08-30,S002,C00381,P0021,1,5900,0,5900
O002148,2024-08-30,2024-08-31,S007,C00119,P0006,1,10620,0.1,10620
O002149,2024-08-31,2024-09-05,S009,C00293,P0015,1,14800,0,14800
O002150,2024-08-31,2024-09-05,S002,C00532,P0007,1,31160,0.05,31160
O002151,2024-08-31,2024-09-02,S014,C00530,P0025,1,1580,0,1580
O002152,2024-08-31,2024-09-01,S001,C00249,P0015,1,14800,0,14800
O002153,2024-08-31,2024-09-03,S011,C00163,P0001,1,128000,0,128000
O002154,2024-08-31,2024-09-05,S002,C00119,P0011,3,6980,0,20940
O002155,2024-08-31,2024-09-01,S014,C00413,P0026,1,1980,0,1980
O002156,2024-08-31,2024-09-01,S014,C00346,P0009,1,27800,0,27800
O002157,2024-08-31,2024-09-03,S013,C00592,P0029,1,2071,0.05,2071
O002158,2024-08-31,2024-09-03,S004,C00527,P0022,3,6800,0,20400
O002159,2024-08-31,2024-09-03,S014,C00566,P0005,2,3200,0,6400
O002160,2024-08-31,2024-09-02,S004,C00332,P0019,1,2980,0,2980
O002161,2024-09-01,2024-09-02,S010,C00452,P0010,1,28310,0.05,28310
O002162,2024-09-01,2024-09-02,S005,C00453,P0031,1,1380,0,1380
O002163,2024-09-01,2024-09-04,S010,C00582,P0008,1,4900,0,4900
O002164,2024-09-01,2024-09-02,S003,C00432,P0012,2,64800,0,129600
O002165,2024-09-01,2024-09-02,S008,C00537,P0005,1,3200,0,3200
O002166,2024-09-01,2024-09-01,S014,C00003,P0029,5,2180,0,10900
O002167,2024-09-01,2024-09-02,S003,C00096,P0031,1,1380,0,1380
O002168,2024-09-01,2024-09-02,S014,C00251,P0016,2,4900,0,9800
O002169,2024-09-01,2024-09-02,S011,C00018,P0005,2,3200,0,6400
O002170,2024-09-01,2024-09-01,S014,C00394,P0009,1,27800,0,27800
O002171,2024-09-01,2024-09-01,S014,C00204,P0016,1,4900,0,4900
O002172,2024-09-01,2024-09-01,S001,C00120,P0025,1,1580,0,1580
O002173,2024-09-01,2024-09-02,S012,C00275,P0014,10,15120,0.1,151200
O002174,2024-09-02,2024-09-02,S001,C00383,P0003,1,54000,0,54000
O002175,2024-09-02,2024-09-04,S007,C00165,P0004,1,106400,0.05,106400
O002176,2024-09-02,2024-09-03,S006,C00303,P0021,1,5900,0,5900
O002177,2024-09-02,2024-09-03,S009,C00027,P0008,1,4900,0,4900
O002178,2024-09-02,2024-09-02,S005,C00183,P0028,1,3040,0.05,3040
O002179,2024-09-02,2024-09-03,S005,C00298,P0029,2,2071,0.05,4142
O002180,2024-09-02,2024-09-03,S014,C00337,P0029,1,2180,0,2180
O002181,2024-09-02,2024-09-02,S002,C00219,P0026,1,1980,0,1980
O002182,2024-09-03,2024-09-04,S005,C00569,P0007,3,29520,0.1,88560
O002183,2024-09-03,2024-09-03,S002,C00020,P0025,1,1580,0,1580
O002184,2024-09-03,2024-09-03,S007,C00274,P0017,2,16800,0,33600
O002185,2024-09-03,2024-09-06,S001,C00285,P0026,1,1980,0,1980
O002186,2024-09-03,2024-09-04,S001,C00191,P0024,1,1152,0.1,1152
O002187,2024-09-03,2024-09-04,S001,C00067,P0027,2,1580,0,3160
O002188,2024-09-03,2024-09-06,S003,C00497,P0026,2,1980,0,3960
O002189,2024-09-03,2024-09-03,S004,C00587,P0013,1,19800,0,19800
O002190,2024-09-03,2024-09-04,S014,C00551,P0013,1,19800,0,19800
O002191,2024-09-04,2024-09-05,S005,C00252,P0019,1,2831,0.05,2831
O002192,2024-09-04,2024-09-07,S002,C00342,P0005,5,3200,0,16000
O002193,2024-09-04,2024-09-05,S008,C00076,P0015,1,14800,0,14800
O002194,2024-09-04,2024-09-04,S003,C00239,P0003,1,54000,0,54000
O002195,2024-09-04,2024-09-05,S010,C00131,P0022,1,6460,0.05,6460
O002196,2024-09-04,2024-09-04,S005,C00486,P0006,1,10620,0.1,10620
O002197,2024-09-04,2024-09-07,S011,C00433,P0028,5,3200,0,16000
O002198,2024-09-04,2024-09-04,S008,C00087,P0026,1,1980,0,1980
O002199,2024-09-05,2024-09-05,S001,C00102,P0006,1,11800,0,11800
O002200,2024-09-05,2024-09-05,S010,C00497,P0009,1,27800,0,27800
O002201,2024-09-05,2024-09-05,S014,C00443,P0016,1,4900,0,4900
O002202,2024-09-05,2024-09-05,S013,C00562,P0028,3,3200,0,9600
O002203,2024-09-05,2024-09-06,S001,C00171,P0031,3,1380,0,4140
O002204,2024-09-05,2024-09-06,S002,C00014,P0028,1,3200,0,3200
O002205,2024-09-05,2024-09-05,S007,C00137,P0019,1,2980,0,2980
O002206,2024-09-05,2024-09-08,S014,C00032,P0019,1,2980,0,2980
O002207,2024-09-05,2024-09-06,S003,C00334,P0013,1,19800,0,19800
O002208,2024-09-06,2024-09-08,S003,C00049,P0019,1,2980,0,2980
O002209,2024-09-06,2024-09-09,S008,C00289,P0024,2,1216,0.05,2432
O002210,2024-09-06,2024-09-06,S001,C00141,P0024,2,1280,0,2560
O002211,2024-09-06,2024-09-07,S005,C00308,P0017,2,16800,0,33600
O002212,2024-09-06,2024-09-08,S003,C00064,P0002,1,238000,0,238000
O002213,2024-09-06,2024-09-06,S002,C00099,P0029,2,2180,0,4360
O002214,2024-09-06,2024-09-08,S008,C00523,P0001,2,128000,0,256000
O002215,2024-09-06,2024-09-07,S002,C00441,P0026,2,1980,0,3960
O002216,2024-09-06,2024-09-07,S006,C00075,P0018,1,5900,0,5900
O002217,2024-09-06,2024-09-07,S002,C00372,P0009,1,25020,0.1,25020
O002218,2024-09-06,2024-09-08,S001,C00264,P0019,2,2980,0,5960
O002219,2024-09-07,2024-09-09,S014,C00560,P0024,10,1280,0,12800
O002220,2024-09-07,2024-09-09,S008,C00424,P0025,2,1580,0,3160
O002221,2024-09-07,2024-09-08,S014,C00165,P0030,2,780,0,1560
O002222,2024-09-07,2024-09-09,S014,C00507,P0016,2,4900,0,9800
O002223,2024-09-07,2024-09-08,S014,C00251,P0003,1,54000,0,54000
O002224,2024-09-07,2024-09-10,S011,C00349,P0032,1,3980,0,3980
O002225,2024-09-07,2024-09-10,S002,C00466,P0030,1,780,0,780
O002226,2024-09-07,2024-09-09,S001,C00362,P0021,1,5900,0,5900
O002227,2024-09-07,2024-09-08,S010,C00335,P0018,1,5900,0,5900
O002228,2024-09-07,2024-09-08,S003,C00275,P0023,1,1980,0,1980
O002229,2024-09-07,2024-09-07,S005,C00024,P0016,1,4900,0,4900
O002230,2024-09-07,2024-09-07,S003,C00391,P0003,2,51300,0.05,102600
O002231,2024-09-07,2024-09-07,S003,C00144,P0032,1,3582,0.1,3582
O002232,2024-09-08,2024-09-08,S013,C00517,P0030,1,780,0,780
O002233,2024-09-08,2024-09-11,S014,C00296,P0022,1,6800,0,6800
O002234,2024-09-08,2024-09-09,S012,C00336,P0014,1,16800,0,16800
O002235,2024-09-08,2024-09-09,S014,C00400,P0010,1,28310,0.05,28310
O002236,2024-09-08,2024-09-09,S011,C00463,P0029,2,2071,0.05,4142
O002237,2024-09-08,2024-09-10,S004,C00246,P0032,1,3980,0,3980
O002238,2024-09-08,2024-09-09,S014,C00572,P0022,2,6800,0,13600
O002239,2024-09-08,2024-09-11,S001,C00150,P0017,2,16800,0,33600
O002240,2024-09-08,2024-09-09,S010,C00551,P0017,1,16800,0,16800
O002241,2024-09-09,2024-09-10,S014,C00010,P0005,3,3200,0,9600
O002242,2024-09-09,2024-09-11,S014,C00122,P0003,1,54000,0,54000
O002243,2024-09-09,2024-09-09,S005,C00536,P0015,3,14060,0.05,42180
O002244,2024-09-09,2024-09-09,S014,C00209,P0010,10,29800,0,298000
O002245,2024-09-09,2024-09-14,S003,C00420,P0014,1,16800,0,16800
O002246,2024-09-09,2024-09-10,S003,C00227,P0017,1,15960,0.05,15960
O002247,2024-09-09,2024-09-10,S001,C00380,P0022,1,6120,0.1,6120
O002248,2024-09-09,2024-09-10,S014,C00496,P0009,2,27800,0,55600
O002249,2024-09-09,2024-09-11,S011,C00417,P0011,1,6980,0,6980
O002250,2024-09-09,2024-09-09,S001,C00356,P0014,1,16800,0,16800
O002251,2024-09-09,2024-09-10,S001,C00454,P0012,1,64800,0,64800
O002252,2024-09-09,2024-09-10,S004,C00057,P0004,1,100800,0.1,100800
O002253,2024-09-10,2024-09-12,S012,C00445,P0014,1,16800,0,16800
O002254,2024-09-10,2024-09-10,S006,C00187,P0032,1,3781,0.05,3781
O002255,2024-09-10,2024-09-12,S008,C00008,P0022,1,6800,0,6800
O002256,2024-09-10,2024-09-13,S007,C00491,P0028,1,3200,0,3200
O002257,2024-09-10,2024-09-11,S007,C00124,P0002,1,238000,0,238000
O002258,2024-09-10,2024-09-11,S003,C00445,P0014,1,16800,0,16800
O002259,2024-09-10,2024-09-10,S011,C00372,P0024,2,1280,0,2560
O002260,2024-09-11,2024-09-11,S001,C00414,P0017,1,16800,0,16800
O002261,2024-09-11,2024-09-11,S002,C00574,P0014,1,16800,0,16800
O002262,2024-09-11,2024-09-12,S007,C00586,P0025,2,1580,0,3160
O002263,2024-09-11,2024-09-12,S011,C00600,P0005,1,3200,0,3200
O002264,2024-09-11,2024-09-11,S008,C00029,P0017,1,16800,0,16800
O002265,2024-09-11,2024-09-11,S011,C00118,P0010,1,28310,0.05,28310
O002266,2024-09-11,2024-09-12,S011,C00210,P0023,2,1980,0,3960
O002267,2024-09-12,2024-09-12,S011,C00172,P0008,1,4900,0,4900
O002268,2024-09-12,2024-09-13,S007,C00290,P0010,1,29800,0,29800
O002269,2024-09-12,2024-09-13,S009,C00560,P0003,1,54000,0,54000
O002270,2024-09-12,2024-09-12,S012,C00544,P0019,3,2682,0.1,8046
O002271,2024-09-12,2024-09-12,S007,C00346,P0010,1,23840,0.2,23840
O002272,2024-09-12,2024-09-12,S014,C00549,P0015,1,14800,0,14800
O002273,2024-09-12,2024-09-13,S001,C00555,P0015,1,13320,0.1,13320
O002274,2024-09-12,2024-09-14,S014,C00174,P0020,1,7900,0,7900
O002275,2024-09-12,2024-09-13,S002,C00315,P0032,1,3980,0,3980
O002276,2024-09-13,2024-09-14,S003,C00213,P0023,1,1980,0,1980
O002277,2024-09-13,2024-09-14,S006,C00268,P0008,1,4410,0.1,4410
O002278,2024-09-13,2024-09-15,S010,C00556,P0009,1,27800,0,27800
O002279,2024-09-13,2024-09-13,S014,C00157,P0016,1,4900,0,4900
O002280,2024-09-13,2024-09-14,S002,C00312,P0004,1,112000,0,112000
O002281,2024-09-13,2024-09-18,S007,C00293,P0021,2,5900,0,11800
O002282,2024-09-13,2024-09-14,S010,C00339,P0006,1,11210,0.05,11210
O002283,2024-09-13,2024-09-13,S003,C00229,P0028,1,3200,0,3200
O002284,2024-09-13,2024-09-14,S008,C00600,P0029,1,2180,0,2180
O002285,2024-09-13,2024-09-14,S004,C00351,P0011,2,6980,0,13960
O002286,2024-09-14,2024-09-14,S001,C00365,P0022,1,6800,0,6800
O002287,2024-09-14,2024-09-16,S007,C00208,P0026,2,1980,0,3960
O002288,2024-09-14,2024-09-15,S013,C00053,P0029,1,2180,0,2180
O002289,2024-09-14,2024-09-14,S005,C00497,P0006,1,10620,0.1,10620
O002290,2024-09-14,2024-09-14,S004,C00525,P0010,2,29800,0,59600
O002291,2024-09-14,2024-09-15,S007,C00381,P0031,2,1380,0,2760
O002292,2024-09-14,2024-09-14,S003,C00205,P0013,1,18810,0.05,18810
O002293,2024-09-14,2024-09-14,S006,C00043,P0005,2,3200,0,6400
O002294,2024-09-14,2024-09-14,S004,C00498,P0005,1,3200,0,3200
O002295,2024-09-14,2024-09-19,S008,C00582,P0025,2,1580,0,3160
O002296,2024-09-14,2024-09-15,S001,C00219,P0015,1,14060,0.05,14060
O002297,2024-09-15,2024-09-17,S014,C00473,P0029,1,2180,0,2180
O002298,2024-09-15,2024-09-17,S007,C00317,P0004,1,112000,0,112000
O002299,2024-09-15,2024-09-15,S003,C00246,P0020,3,7900,0,23700
O002300,2024-09-15,2024-09-16,S005,C00230,P0015,1,14060,0.05,14060
O002301,2024-09-15,2024-09-17,S014,C00176,P0001,1,128000,0,128000
O002302,2024-09-15,2024-09-16,S014,C00108,P0019,2,2980,0,5960
O002303,2024-09-15,2024-09-16,S013,C00367,P0014,1,16800,0,16800
O002304,2024-09-15,2024-09-17,S008,C00008,P0030,2,780,0,1560
O002305,2024-09-15,2024-09-17,S013,C00052,P0008,1,4900,0,4900
O002306,2024-09-15,2024-09-15,S003,C00211,P0026,2,1980,0,3960
O002307,2024-09-16,2024-09-17,S007,C00589,P0030,1,741,0.05,741
O002308,2024-09-16,2024-09-16,S009,C00551,P0014,1,16800,0,16800
O002309,2024-09-16,2024-09-17,S006,C00161,P0017,1,16800,0,16800
O002310,2024-09-16,2024-09-16,S001,C00388,P0021,1,5900,0,5900
O002311,2024-09-16,2024-09-18,S009,C00151,P0028,1,3200,0,3200
O002312,2024-09-16,2024-09-16,S013,C00189,P0029,1,1744,0.2,1744
O002313,2024-09-16,2024-09-18,S010,C00088,P0026,1,1782,0.1,1782
O002314,2024-09-17,2024-09-17,S011,C00526,P0008,1,4900,0,4900
O002315,2024-09-17,2024-09-20,S001,C00386,P0022,1,6800,0,6800
O002316,2024-09-17,2024-09-22,S008,C00080,P0008,1,4900,0,4900
O002317,2024-09-17,2024-09-17,S002,C00513,P0030,5,780,0,3900
O002318,2024-09-17,2024-09-19,S010,C00094,P0006,1,11800,0,11800
O002319,2024-09-18,2024-09-18,S014,C00364,P0004,2,112000,0,224000
O002320,2024-09-18,2024-09-18,S014,C00176,P0019,1,2980,0,2980
O002321,2024-09-18,2024-09-19,S014,C00244,P0020,1,7900,0,7900
O002322,2024-09-18,2024-09-18,S010,C00289,P0031,1,1311,0.05,1311
O002323,2024-09-18,2024-09-19,S005,C00193,P0012,1,64800,0,64800
O002324,2024-09-18,2024-09-21,S005,C00310,P0019,1,2980,0,2980
O002325,2024-09-18,2024-09-21,S013,C00203,P0021,1,5900,0,5900
O002326,2024-09-18,2024-09-18,S003,C00127,P0030,1,741,0.05,741
O002327,2024-09-19,2024-09-20,S005,C00401,P0001,5,128000,0,640000
O002328,2024-09-19,2024-09-19,S002,C00582,P0007,2,26240,0.2,52480
O002329,2024-09-19,2024-09-20,S006,C00361,P0020,10,7900,0,79000
O002330,2024-09-20,2024-09-21,S001,C00144,P0021,1,5900,0,5900
O002331,2024-09-20,2024-09-22,S009,C00328,P0025,1,1580,0,1580
O002332,2024-09-20,2024-09-21,S004,C00468,P0011,1,6980,0,6980
O002333,2024-09-20,2024-09-25,S011,C00293,P0018,5,5605,0.05,28025
O002334,2024-09-20,2024-09-20,S004,C00401,P0024,1,1280,0,1280
O002335,2024-09-20,2024-09-20,S007,C00402,P0002,1,238000,0,238000
O002336,2024-09-20,2024-09-21,S007,C00142,P0025,1,1580,0,1580
O002337,2024-09-20,2024-09-20,S008,C00252,P0010,1,29800,0,29800
O002338,2024-09-20,2024-09-21,S001,C00476,P0023,1,1980,0,1980
O002339,2024-09-20,2024-09-20,S001,C00314,P0013,1,19800,0,19800
O002340,2024-09-20,2024-09-20,S014,C00394,P0002,2,226100,0.05,452200
O002341,2024-09-21,2024-09-21,S008,C00484,P0028,2,3200,0,6400
O002342,2024-09-21,2024-09-24,S007,C00265,P0018,1,5900,0,5900
O002343,2024-09-21,2024-09-21,S011,C00583,P0006,1,11800,0,11800
O002344,2024-09-21,2024-09-21,S005,C00154,P0027,3,1580,0,4740
O002345,2024-09-21,2024-09-22,S001,C00488,P0006,1,11800,0,11800
O002346,2024-09-21,2024-09-21,S008,C00014,P0013,2,17820,0.1,35640
O002347,2024-09-21,2024-09-23,S003,C00150,P0017,1,16800,0,16800
O002348,2024-09-22,2024-09-24,S004,C00037,P0031,2,1242,0.1,2484
O002349,2024-09-22,2024-09-24,S009,C00030,P0032,2,3980,0,7960
O002350,2024-09-22,2024-09-23,S003,C00445,P0026,1,1980,0,1980
O002351,2024-09-22,2024-09-22,S002,C00152,P0004,1,112000,0,112000
O002352,2024-09-22,2024-09-24,S008,C00454,P0007,1,32800,0,32800
O002353,2024-09-22,2024-09-23,S007,C00380,P0024,1,1280,0,1280
O002354,2024-09-22,2024-09-24,S009,C00024,P0028,2,3200,0,6400
O002355,2024-09-22,2024-09-24,S003,C00031,P0008,3,4900,0,14700
O002356,2024-09-22,2024-09-23,S001,C00364,P0006,1,11800,0,11800
O002357,2024-09-22,2024-09-22,S001,C00215,P0032,2,3980,0,7960
O002358,2024-09-22,2024-09-27,S008,C00401,P0009,1,27800,0,27800
O002359,2024-09-22,2024-09-22,S005,C00464,P0010,1,29800,0,29800
O002360,2024-09-23,2024-09-24,S001,C00055,P0006,1,11800,0,11800
O002361,2024-09-23,2024-09-23,S014,C00542,P0010,3,29800,0,89400
O002362,2024-09-23,2024-09-28,S003,C00544,P0013,3,19800,0,59400
O002363,2024-09-23,2024-09-24,S005,C00390,P0017,2,16800,0,33600
O002364,2024-09-23,2024-09-25,S006,C00517,P0023,1,1584,0.2,1584
O002365,2024-09-23,2024-09-26,S009,C00539,P0011,1,6980,0,6980
O002366,2024-09-23,2024-09-24,S002,C00114,P0032,1,3781,0.05,3781
O002367,2024-09-23,2024-09-23,S007,C00097,P0016,1,4655,0.05,4655
O002368,2024-09-23,2024-09-23,S003,C00310,P0014,1,16800,0,16800
O002369,2024-09-24,2024-09-29,S002,C00548,P0014,1,15960,0.05,15960
O002370,2024-09-24,2024-09-24,S014,C00420,P0022,1,6120,0.1,6120
O002371,2024-09-24,2024-09-29,S002,C00432,P0007,1,32800,0,32800
O002372,2024-09-24,2024-09-25,S014,C00096,P0018,1,5900,0,5900
O002373,2024-09-24,2024-09-24,S001,C00536,P0016,2,3920,0.2,7840
O002374,2024-09-24,2024-09-25,S004,C00582,P0008,1,4900,0,4900
O002375,2024-09-24,2024-09-27,S014,C00127,P0003,10,54000,0,540000
O002376,2024-09-24,2024-09-25,S006,C00196,P0009,1,27800,0,27800
O002377,2024-09-24,2024-09-25,S013,C00470,P0032,1,3980,0,3980
O002378,2024-09-24,2024-09-25,S001,C00134,P0014,2,16800,0,33600
O002379,2024-09-24,2024-09-26,S013,C00347,P0014,2,16800,0,33600
O002380,2024-09-25,2024-09-28,S014,C00513,P0002,1,214200,0.1,214200
O002381,2024-09-25,2024-09-27,S007,C00085,P0015,1,14800,0,14800
O002382,2024-09-25,2024-09-25,S004,C00012,P0002,1,238000,0,238000
O002383,2024-09-25,2024-09-30,S014,C00210,P0001,1,128000,0,128000
O002384,2024-09-25,2024-09-26,S007,C00457,P0011,1,6980,0,6980
O002385,2024-09-25,2024-09-25,S002,C00493,P0002,1,226100,0.05,226100
O002386,2024-09-26,2024-09-29,S001,C00108,P0001,3,128000,0,384000
O002387,2024-09-26,2024-09-28,S012,C00549,P0004,1,112000,0,112000
O002388,2024-09-26,2024-09-28,S014,C00081,P0003,1,54000,0,54000
O002389,2024-09-26,2024-09-28,S003,C00472,P0008,2,4900,0,9800
O002390,2024-09-26,2024-09-26,S007,C00352,P0023,1,1980,0,1980
O002391,2024-09-26,2024-09-26,S002,C00389,P0023,1,1980,0,1980
O002392,2024-09-26,2024-09-29,S006,C00261,P0024,1,1280,0,1280
O002393,2024-09-26,2024-09-29,S009,C00538,P0032,2,3980,0,7960
O002394,2024-09-27,2024-10-02,S001,C00580,P0014,1,16800,0,16800
O002395,2024-09-27,2024-09-28,S008,C00375,P0025,1,1422,0.1,1422
O002396,2024-09-27,2024-09-27,S005,C00032,P0004,2,112000,0,224000
O002397,2024-09-27,2024-09-28,S011,C00085,P0018,1,5900,0,5900
O002398,2024-09-27,2024-09-29,S007,C00084,P0016,1,4900,0,4900
O002399,2024-09-27,2024-09-30,S005,C00320,P0010,1,29800,0,29800
O002400,2024-09-27,2024-09-27,S007,C00200,P0010,1,29800,0,29800
O002401,2024-09-27,2024-09-27,S002,C00109,P0016,1,4900,0,4900
O002402,2024-09-27,2024-09-27,S004,C00532,P0031,1,1380,0,1380
O002403,2024-09-27,2024-09-30,S014,C00142,P0008,1,4900,0,4900
O002404,2024-09-28,2024-10-01,S009,C00464,P0023,1,1881,0.05,1881
O002405,2024-09-28,2024-09-28,S014,C00207,P0001,1,115200,0.1,115200
O002406,2024-09-28,2024-10-01,S014,C00354,P0026,1,1980,0,1980
O002407,2024-09-28,2024-09-28,S002,C00177,P0020,2,7900,0,15800
O002408,2024-09-28,2024-09-28,S007,C00169,P0026,3,1980,0,5940
O002409,2024-09-28,2024-09-29,S012,C00163,P0032,1,3980,0,3980
O002410,2024-09-28,2024-09-28,S008,C00314,P0016,1,4900,0,4900
O002411,2024-09-28,2024-10-01,S004,C00543,P0011,5,6980,0,34900
O002412,2024-09-28,2024-09-29,S002,C00015,P0030,1,780,0,780
O002413,2024-09-28,2024-09-29,S009,C00553,P0026,1,1980,0,1980
O002414,2024-09-28,2024-09-30,S003,C00128,P0032,2,3980,0,7960
O002415,2024-09-28,2024-09-28,S005,C00512,P0031,1,1380,0,1380
O002416,2024-09-29,2024-09-30,S002,C00419,P0032,1,3980,0,3980
O002417,2024-09-29,2024-09-30,S003,C00214,P0015,1,14060,0.05,14060
O002418,2024-09-29,2024-10-01,S007,C00515,P0029,1,2180,0,2180
O002419,2024-09-29,2024-09-29,S002,C00483,P0014,1,16800,0,16800
O002420,2024-09-29,2024-09-29,S006,C00354,P0002,1,238000,0,238000
O002421,2024-09-29,2024-10-02,S011,C00226,P0016,1,4900,0,4900
O002422,2024-09-29,2024-10-02,S014,C00483,P0013,1,19800,0,19800
O002423,2024-09-29,2024-09-29,S003,C00489,P0023,2,1980,0,3960
O002424,2024-09-29,2024-09-30,S013,C00184,P0008,1,4900,0,4900
O002425,2024-09-29,2024-09-30,S003,C00086,P0005,1,3040,0.05,3040
O002426,2024-09-29,2024-09-29,S012,C00120,P0002,1,238000,0,238000
O002427,2024-09-30,2024-09-30,S001,C00482,P0032,1,3980,0,3980
O002428,2024-09-30,2024-09-30,S001,C00465,P0001,1,128000,0,128000
O002429,2024-09-30,2024-10-01,S003,C00159,P0018,2,4720,0.2,9440
O002430,2024-09-30,2024-09-30,S002,C00492,P0019,1,2980,0,2980
O002431,2024-10-01,2024-10-01,S007,C00326,P0028,3,3200,0,9600
O002432,2024-10-01,2024-10-01,S008,C00122,P0021,2,5900,0,11800
O002433,2024-10-01,2024-10-01,S003,C00250,P0029,2,2180,0,4360
O002434,2024-10-01,2024-10-01,S011,C00573,P0020,1,7900,0,7900
O002435,2024-10-01,2024-10-01,S007,C00150,P0032,1,3980,0,3980
O002436,2024-10-01,2024-10-02,S014,C00096,P0019,2,2980,0,5960
O002437,2024-10-01,2024-10-04,S007,C00454,P0007,1,26240,0.2,26240
O002438,2024-10-01,2024-10-02,S004,C00249,P0027,1,1580,0,1580
O002439,2024-10-01,2024-10-02,S004,C00033,P0016,1,4655,0.05,4655
O002440,2024-10-01,2024-10-01,S002,C00088,P0029,1,2180,0,2180
O002441,2024-10-02,2024-10-04,S003,C00575,P0012,2,61560,0.05,123120
O002442,2024-10-02,2024-10-02,S008,C00523,P0016,1,4900,0,4900
O002443,2024-10-02,2024-10-03,S009,C00395,P0024,2,1280,0,2560
O002444,2024-10-02,2024-10-02,S003,C00027,P0015,1,11840,0.2,11840
O002445,2024-10-02,2024-10-03,S006,C00387,P0025,1,1580,0,1580
O002446,2024-10-02,2024-10-04,S013,C00123,P0021,1,5900,0,5900
O002447,2024-10-02,2024-10-03,S011,C00575,P0017,1,13440,0.2,13440
O002448,2024-10-03,2024-10-05,S005,C00204,P0023,2,1980,0,3960
O002449,2024-10-03,2024-10-05,S002,C00376,P0007,1,32800,0,32800
O002450,2024-10-03,2024-10-03,S006,C00330,P0025,1,1580,0,1580
O002451,2024-10-03,2024-10-08,S003,C00408,P0021,1,5900,0,5900
O002452,2024-10-03,2024-10-03,S006,C00205,P0015,2,13320,0.1,26640
O002453,2024-10-03,2024-10-05,S006,C00371,P0024,2,1280,0,2560
O002454,2024-10-04,2024-10-04,S003,C00203,P0004,1,112000,0,112000
O002455,2024-10-04,2024-10-05,S005,C00300,P0007,1,32800,0,32800
O002456,2024-10-04,2024-10-04,S014,C00276,P0008,1,4655,0.05,4655
O002457,2024-10-04,2024-10-04,S002,C00116,P0030,1,780,0,780
O002458,2024-10-04,2024-10-07,S006,C00472,P0013,1,19800,0,19800
O002459,2024-10-04,2024-10-04,S008,C00109,P0016,1,4900,0,4900
O002460,2024-10-04,2024-10-04,S003,C00408,P0009,1,27800,0,27800
O002461,2024-10-04,2024-10-05,S012,C00501,P0017,10,16800,0,168000
O002462,2024-10-05,2024-10-06,S014,C00264,P0020,1,7900,0,7900
O002463,2024-10-05,2024-10-05,S004,C00105,P0032,2,3980,0,7960
O002464,2024-10-05,2024-10-06,S014,C00256,P0019,1,2980,0,2980
O002465,2024-10-05,2024-10-05,S011,C00402,P0021,1,5900,0,5900
O002466,2024-10-05,2024-10-05,S010,C00454,P0013,1,19800,0,19800
O002467,2024-10-05,2024-10-05,S007,C00057,P0028,3,3200,0,9600
O002468,2024-10-05,2024-10-05,S004,C00591,P0004,2,112000,0,224000
O002469,2024-10-05,2024-10-05,S003,C00229,P0030,1,780,0,780
O002470,2024-10-05,2024-10-06,S014,C00210,P0031,1,1380,0,1380
O002471,2024-10-05,2024-10-06,S004,C00420,P0003,2,54000,0,108000
O002472,2024-10-05,2024-10-05,S014,C00074,P0026,1,1980,0,1980
O002473,2024-10-05,2024-10-05,S008,C00260,P0005,1,3200,0,3200
O002474,2024-10-05,2024-10-05,S003,C00048,P0017,2,16800,0,33600
O002475,2024-10-05,2024-10-05,S013,C00304,P0024,1,1280,0,1280
O002476,2024-10-05,2024-10-07,S001,C00119,P0007,1,29520,0.1,29520
O002477,2024-10-05,2024-10-05,S011,C00523,P0016,1,4900,0,4900
O002478,2024-10-06,2024-10-08,S003,C00104,P0020,1,7900,0,7900
O002479,2024-10-06,2024-10-06,S014,C00413,P0019,1,2980,0,2980
O002480,2024-10-06,2024-10-06,S001,C00180,P0031,1,1380,0,1380
O002481,2024-10-06,2024-10-06,S003,C00096,P0031,1,1380,0,1380
O002482,2024-10-06,2024-10-08,S001,C00136,P0021,1,5900,0,5900
O002483,2024-10-06,2024-10-09,S007,C00300,P0017,2,15120,0.1,30240
O002484,2024-10-06,2024-10-08,S011,C00089,P0031,3,1380,0,4140
O002485,2024-10-06,2024-10-09,S007,C00309,P0032,2,3582,0.1,7164
O002486,2024-10-06,2024-10-06,S009,C00454,P0017,1,16800,0,16800
O002487,2024-10-06,2024-10-07,S002,C00203,P0027,3,1580,0,4740
O002488,2024-10-06,2024-10-06,S014,C00129,P0027,3,1580,0,4740
O002489,2024-10-06,2024-10-06,S003,C00519,P0032,1,3980,0,3980
O002490,2024-10-06,2024-10-06,S007,C00002,P0031,1,1380,0,1380
O002491,2024-10-07,2024-10-10,S007,C00312,P0002,1,238000,0,238000
O002492,2024-10-07,2024-10-07,S004,C00453,P0002,1,238000,0,238000
O002493,2024-10-07,2024-10-09,S004,C00345,P0020,1,7505,0.05,7505
O002494,2024-10-07,2024-10-08,S007,C00371,P0032,1,3980,0,3980
O002495,2024-10-07,2024-10-08,S003,C00166,P0025,1,1580,0,1580
O002496,2024-10-07,2024-10-07,S005,C00130,P0021,5,5900,0,29500
O002497,2024-10-07,2024-10-08,S006,C00504,P0012,1,64800,0,64800
O002498,2024-10-07,2024-10-07,S014,C00454,P0010,1,29800,0,29800
O002499,2024-10-07,2024-10-07,S011,C00141,P0011,1,6980,0,6980
O002500,2024-10-07,2024-10-07,S013,C00283,P0007,3,32800,0,98400
O002501,2024-10-07,2024-10-07,S014,C00368,P0005,1,3200,0,3200
O002502,2024-10-08,2024-10-08,S002,C00591,P0011,1,6980,0,6980
O002503,2024-10-08,2024-10-11,S014,C00396,P0007,1,32800,0,32800
O002504,2024-10-08,2024-10-08,S005,C00214,P0019,1,2831,0.05,2831
O002505,2024-10-08,2024-10-10,S009,C00096,P0003,1,54000,0,54000
O002506,2024-10-08,2024-10-08,S013,C00027,P0010,1,29800,0,29800
O002507,2024-10-08,2024-10-08,S014,C00215,P0002,1,238000,0,238000
O002508,2024-10-08,2024-10-09,S009,C00125,P0019,1,2980,0,2980
O002509,2024-10-08,2024-10-09,S007,C00295,P0019,1,2980,0,2980
O002510,2024-10-08,2024-10-13,S014,C00164,P0001,1,128000,0,128000
O002511,2024-10-09,2024-10-09,S003,C00294,P0020,1,7110,0.1,7110
O002512,2024-10-09,2024-10-10,S013,C00187,P0022,2,6800,0,13600
O002513,2024-10-09,2024-10-09,S002,C00445,P0002,1,238000,0,238000
O002514,2024-10-09,2024-10-10,S014,C00311,P0001,1,128000,0,128000
O002515,2024-10-10,2024-10-10,S008,C00407,P0025,5,1580,0,7900
O002516,2024-10-10,2024-10-11,S008,C00559,P0022,2,6800,0,13600
O002517,2024-10-10,2024-10-11,S011,C00323,P0022,1,6800,0,6800
O002518,2024-10-10,2024-10-11,S014,C00032,P0030,2,780,0,1560
O002519,2024-10-10,2024-10-11,S005,C00413,P0007,2,32800,0,65600
O002520,2024-10-10,2024-10-10,S005,C00555,P0007,1,32800,0,32800
O002521,2024-10-10,2024-10-13,S001,C00540,P0024,1,1216,0.05,1216
O002522,2024-10-10,2024-10-13,S006,C00314,P0016,1,4900,0,4900
O002523,2024-10-10,2024-10-10,S008,C00340,P0028,1,3200,0,3200
O002524,2024-10-10,2024-10-11,S004,C00534,P0018,1,5900,0,5900
O002525,2024-10-11,2024-10-12,S004,C00058,P0029,3,2180,0,6540
O002526,2024-10-11,2024-10-12,S002,C00512,P0008,1,4900,0,4900
O002527,2024-10-11,2024-10-12,S008,C00148,P0020,1,7900,0,7900
O002528,2024-10-11,2024-10-16,S014,C00573,P0024,1,1280,0,1280
O002529,2024-10-11,2024-10-11,S014,C00252,P0012,2,64800,0,129600
O002530,2024-10-11,2024-10-11,S014,C00040,P0006,1,11800,0,11800
O002531,2024-10-11,2024-10-12,S003,C00383,P0012,1,64800,0,64800
O002532,2024-10-11,2024-10-12,S013,C00573,P0010,2,29800,0,59600
O002533,2024-10-11,2024-10-11,S001,C00413,P0015,2,14800,0,29600
O002534,2024-10-11,2024-10-11,S007,C00408,P0011,1,6980,0,6980
O002535,2024-10-12,2024-10-12,S014,C00193,P0002,1,226100,0.05,226100
O002536,2024-10-12,2024-10-14,S001,C00455,P0019,2,2980,0,5960
O002537,2024-10-12,2024-10-17,S004,C00466,P0032,1,3980,0,3980
O002538,2024-10-12,2024-10-12,S001,C00453,P0028,2,3200,0,6400
O002539,2024-10-12,2024-10-13,S010,C00404,P0031,1,1380,0,1380
O002540,2024-10-12,2024-10-13,S007,C00018,P0012,1,64800,0,64800
O002541,2024-10-12,2024-10-12,S003,C00165,P0030,1,780,0,780
O002542,2024-10-12,2024-10-13,S014,C00569,P0013,2,19800,0,39600
O002543,2024-10-12,2024-10-17,S001,C00280,P0029,1,2071,0.05,2071
O002544,2024-10-12,2024-10-12,S011,C00319,P0028,2,2560,0.2,5120
O002545,2024-10-12,2024-10-12,S014,C00162,P0032,1,3980,0,3980
O002546,2024-10-12,2024-10-12,S001,C00027,P0026,1,1980,0,1980
O002547,2024-10-13,2024-10-13,S003,C00332,P0006,1,11800,0,11800
O002548,2024-10-13,2024-10-14,S013,C00527,P0017,2,16800,0,33600
O002549,2024-10-13,2024-10-13,S002,C00234,P0030,1,780,0,780
O002550,2024-10-13,2024-10-16,S005,C00280,P0003,1,54000,0,54000
O002551,2024-10-13,2024-10-13,S001,C00464,P0026,1,1980,0,1980
O002552,2024-10-13,2024-10-13,S005,C00549,P0014,2,16800,0,33600
O002553,2024-10-13,2024-10-14,S007,C00415,P0004,2,112000,0,224000
O002554,2024-10-13,2024-10-16,S011,C00320,P0018,1,5900,0,5900
O002555,2024-10-13,2024-10-15,S003,C00026,P0025,1,1501,0.05,1501
O002556,2024-10-13,2024-10-14,S012,C00141,P0026,1,1980,0,1980
O002557,2024-10-13,2024-10-13,S005,C00374,P0018,1,5900,0,5900
O002558,2024-10-14,2024-10-15,S008,C00301,P0020,2,7900,0,15800
O002559,2024-10-14,2024-10-15,S014,C00358,P0010,2,29800,0,59600
O002560,2024-10-14,2024-10-15,S014,C00528,P0028,1,3200,0,3200
O002561,2024-10-14,2024-10-19,S014,C00302,P0021,1,5900,0,5900
O002562,2024-10-14,2024-10-14,S010,C00544,P0014,1,16800,0,16800
O002563,2024-10-14,2024-10-16,S005,C00458,P0018,2,5900,0,11800
O002564,2024-10-14,2024-10-14,S002,C00013,P0005,1,3200,0,3200
O002565,2024-10-14,2024-10-14,S014,C00190,P0027,1,1580,0,1580
O002566,2024-10-14,2024-10-14,S008,C00520,P0011,1,6980,0,6980
O002567,2024-10-14,2024-10-19,S012,C00022,P0028,10,3200,0,32000
O002568,2024-10-15,2024-10-15,S014,C00418,P0014,1,13440,0.2,13440
O002569,2024-10-15,2024-10-15,S007,C00202,P0008,1,4900,0,4900
O002570,2024-10-15,2024-10-18,S014,C00370,P0001,2,128000,0,256000
O002571,2024-10-15,2024-10-17,S005,C00268,P0016,1,4900,0,4900
O002572,2024-10-15,2024-10-17,S001,C00175,P0007,1,32800,0,32800
O002573,2024-10-15,2024-10-20,S008,C00419,P0019,1,2682,0.1,2682
O002574,2024-10-15,2024-10-17,S013,C00327,P0021,1,5900,0,5900
O002575,2024-10-15,2024-10-15,S002,C00188,P0013,1,19800,0,19800
O002576,2024-10-15,2024-10-15,S007,C00087,P0024,1,1280,0,1280
O002577,2024-10-15,2024-10-17,S001,C00136,P0025,1,1422,0.1,1422
O002578,2024-10-16,2024-10-18,S004,C00449,P0024,1,1216,0.05,1216
O002579,2024-10-16,2024-10-19,S011,C00040,P0023,5,1980,0,9900
O002580,2024-10-16,2024-10-16,S002,C00165,P0006,1,11800,0,11800
O002581,2024-10-16,2024-10-18,S014,C00572,P0002,1,226100,0.05,226100
O002582,2024-10-16,2024-10-17,S002,C00218,P0018,1,5900,0,5900
O002583,2024-10-16,2024-10-18,S011,C00366,P0008,1,4900,0,4900
O002584,2024-10-16,2024-10-17,S002,C00440,P0025,1,1580,0,1580
O002585,2024-10-16,2024-10-16,S012,C00407,P0006,3,11800,0,35400
O002586,2024-10-17,2024-10-17,S012,C00317,P0006,2,10620,0.1,21240
O002587,2024-10-17,2024-10-17,S002,C00261,P0006,1,11800,0,11800
O002588,2024-10-17,2024-10-22,S007,C00487,P0022,1,6800,0,6800
O002589,2024-10-17,2024-10-18,S007,C00461,P0011,2,6980,0,13960
O002590,2024-10-17,2024-10-22,S004,C00031,P0020,1,7900,0,7900
O002591,2024-10-18,2024-10-21,S007,C00078,P0026,3,1980,0,5940
O002592,2024-10-18,2024-10-18,S001,C00173,P0007,1,32800,0,32800
O002593,2024-10-18,2024-10-18,S011,C00441,P0005,1,2880,0.1,2880
O002594,2024-10-18,2024-10-19,S009,C00341,P0025,1,1580,0,1580
O002595,2024-10-18,2024-10-20,S007,C00221,P0017,1,16800,0,16800
O002596,2024-10-18,2024-10-18,S007,C00013,P0031,1,1104,0.2,1104
O002597,2024-10-18,2024-10-19,S011,C00215,P0016,1,4655,0.05,4655
O002598,2024-10-18,2024-10-19,S003,C00046,P0023,2,1980,0,3960
O002599,2024-10-18,2024-10-20,S007,C00371,P0009,1,26410,0.05,26410
O002600,2024-10-18,2024-10-20,S007,C00156,P0015,2,14800,0,29600
O002601,2024-10-18,2024-10-20,S008,C00208,P0005,3,3200,0,9600
O002602,2024-10-18,2024-10-18,S006,C00328,P0024,1,1280,0,1280
O002603,2024-10-19,2024-10-20,S010,C00096,P0020,10,7900,0,79000
O002604,2024-10-19,2024-10-19,S002,C00553,P0007,1,32800,0,32800
O002605,2024-10-19,2024-10-20,S007,C00438,P0001,1,128000,0,128000
O002606,2024-10-19,2024-10-22,S013,C00559,P0031,5,1311,0.05,6555
O002607,2024-10-19,2024-10-20,S008,C00085,P0017,1,16800,0,16800
O002608,2024-10-19,2024-10-20,S003,C00263,P0015,2,14800,0,29600
O002609,2024-10-19,2024-10-19,S005,C00139,P0011,1,6980,0,6980
O002610,2024-10-19,2024-10-20,S006,C00181,P0014,1,16800,0,16800
O002611,2024-10-19,2024-10-19,S001,C00168,P0028,3,3200,0,9600
O002612,2024-10-19,2024-10-19,S014,C00447,P0026,1,1980,0,1980
O002613,2024-10-20,2024-10-20,S005,C00102,P0018,2,5310,0.1,10620
O002614,2024-10-20,2024-10-22,S011,C00552,P0014,3,16800,0,50400
O002615,2024-10-20,2024-10-23,S014,C00425,P0017,2,16800,0,33600
O002616,2024-10-20,2024-10-20,S007,C00089,P0025,2,1580,0,3160
O002617,2024-10-20,2024-10-23,S012,C00584,P0028,1,3200,0,3200
O002618,2024-10-20,2024-10-21,S007,C00040,P0025,1,1580,0,1580
O002619,2024-10-20,2024-10-23,S011,C00116,P0029,10,2180,0,21800
O002620,2024-10-20,2024-10-20,S004,C00076,P0022,3,6800,0,20400
O002621,2024-10-20,2024-10-25,S005,C00530,P0031,2,1380,0,2760
O002622,2024-10-20,2024-10-20,S007,C00462,P0002,1,238000,0,238000
O002623,2024-10-20,2024-10-21,S001,C00164,P0009,1,27800,0,27800
O002624,2024-10-20,2024-10-20,S002,C00292,P0019,1,2980,0,2980
O002625,2024-10-20,2024-10-20,S003,C00401,P0030,1,780,0,780
O002626,2024-10-21,2024-10-23,S007,C00286,P0010,1,29800,0,29800
O002627,2024-10-21,2024-10-22,S012,C00070,P0006,2,11800,0,23600
O002628,2024-10-21,2024-10-21,S005,C00330,P0029,1,1962,0.1,1962
O002629,2024-10-21,2024-10-21,S014,C00353,P0020,1,7900,0,7900
O002630,2024-10-21,2024-10-22,S014,C00498,P0016,2,4900,0,9800
O002631,2024-10-21,2024-10-22,S002,C00493,P0024,1,1280,0,1280
O002632,2024-10-21,2024-10-21,S004,C00370,P0019,2,2980,0,5960
O002633,2024-10-21,2024-10-21,S003,C00347,P0015,2,14800,0,29600
O002634,2024-10-21,2024-10-21,S001,C00228,P0031,1,1380,0,1380
O002635,2024-10-22,2024-10-22,S007,C00160,P0022,1,6800,0,6800
O002636,2024-10-22,2024-10-23,S001,C00142,P0018,2,5900,0,11800
O002637,2024-10-22,2024-10-23,S004,C00122,P0029,1,2180,0,2180
O002638,2024-10-22,2024-10-25,S001,C00371,P0017,2,16800,0,33600
O002639,2024-10-22,2024-10-22,S007,C00099,P0019,1,2980,0,2980
O002640,2024-10-22,2024-10-22,S001,C00159,P0032,2,3781,0.05,7562
O002641,2024-10-22,2024-10-22,S004,C00332,P0020,1,7900,0,7900
O002642,2024-10-22,2024-10-25,S005,C00598,P0021,1,4720,0.2,4720
O002643,2024-10-22,2024-10-25,S011,C00462,P0028,1,3200,0,3200
O002644,2024-10-22,2024-10-23,S009,C00382,P0017,1,15960,0.05,15960
O002645,2024-10-22,2024-10-22,S001,C00485,P0008,10,4410,0.1,44100
O002646,2024-10-23,2024-10-23,S001,C00493,P0018,1,5900,0,5900
O002647,2024-10-23,2024-10-23,S007,C00230,P0002,1,238000,0,238000
O002648,2024-10-23,2024-10-24,S007,C00554,P0019,2,2980,0,5960
O002649,2024-10-23,2024-10-24,S003,C00337,P0014,1,13440,0.2,13440
O002650,2024-10-23,2024-10-23,S007,C00484,P0013,1,19800,0,19800
O002651,2024-10-23,2024-10-25,S001,C00563,P0028,1,3040,0.05,3040
O002652,2024-10-24,2024-10-24,S002,C00143,P0024,2,1280,0,2560
O002653,2024-10-24,2024-10-24,S004,C00159,P0023,1,1980,0,1980
O002654,2024-10-25,2024-10-25,S003,C00282,P0025,3,1580,0,4740
O002655,2024-10-25,2024-10-26,S014,C00420,P0016,1,4900,0,4900
O002656,2024-10-25,2024-10-26,S001,C00387,P0014,3,16800,0,50400
O002657,2024-10-25,2024-10-25,S006,C00151,P0015,1,14060,0.05,14060
O002658,2024-10-25,2024-10-27,S014,C00060,P0021,1,5605,0.05,5605
O002659,2024-10-25,2024-10-25,S002,C00052,P0002,1,238000,0,238000
O002660,2024-10-25,2024-10-25,S001,C00484,P0015,1,14800,0,14800
O002661,2024-10-25,2024-10-27,S009,C00470,P0012,1,58320,0.1,58320
O002662,2024-10-26,2024-10-28,S003,C00236,P0014,2,16800,0,33600
O002663,2024-10-26,2024-10-27,S003,C00271,P0001,1,128000,0,128000
O002664,2024-10-26,2024-10-26,S013,C00459,P0014,2,16800,0,33600
O002665,2024-10-26,2024-10-27,S007,C00043,P0019,1,2682,0.1,2682
O002666,2024-10-26,2024-10-27,S014,C00112,P0021,1,5605,0.05,5605
O002667,2024-10-26,2024-10-27,S014,C00051,P0024,1,1216,0.05,1216
O002668,2024-10-26,2024-10-27,S011,C00363,P0031,1,1380,0,1380
O002669,2024-10-26,2024-10-26,S012,C00147,P0009,1,27800,0,27800
O002670,2024-10-26,2024-10-31,S011,C00468,P0010,2,28310,0.05,56620
O002671,2024-10-26,2024-10-28,S008,C00137,P0022,1,6800,0,6800
O002672,2024-10-26,2024-10-26,S011,C00230,P0003,1,54000,0,54000
O002673,2024-10-26,2024-10-31,S002,C00560,P0029,1,2180,0,2180
O002674,2024-10-27,2024-10-29,S014,C00534,P0028,1,3200,0,3200
O002675,2024-10-27,2024-10-29,S001,C00170,P0024,2,1280,0,2560
O002676,2024-10-27,2024-10-27,S014,C00284,P0017,1,16800,0,16800
O002677,2024-10-27,2024-11-01,S001,C00124,P0001,5,128000,0,640000
O002678,2024-10-27,2024-10-27,S002,C00143,P0009,1,27800,0,27800
O002679,2024-10-27,2024-10-28,S011,C00568,P0003,2,54000,0,108000
O002680,2024-10-27,2024-10-27,S012,C00348,P0005,1,3200,0,3200
O002681,2024-10-27,2024-10-28,S007,C00098,P0026,1,1980,0,1980
O002682,2024-10-27,2024-10-28,S004,C00387,P0002,1,238000,0,238000
O002683,2024-10-27,2024-10-29,S013,C00288,P0010,1,28310,0.05,28310
O002684,2024-10-27,2024-10-27,S003,C00243,P0016,1,4655,0.05,4655
O002685,2024-10-27,2024-10-28,S008,C00599,P0015,1,14800,0,14800
O002686,2024-10-27,2024-10-28,S011,C00093,P0013,1,19800,0,19800
O002687,2024-10-28,2024-10-28,S006,C00592,P0002,1,226100,0.05,226100
O002688,2024-10-28,2024-10-28,S005,C00046,P0011,1,6980,0,6980
O002689,2024-10-28,2024-10-28,S009,C00080,P0011,1,6631,0.05,6631
O002690,2024-10-28,2024-10-29,S005,C00519,P0010,3,28310,0.05,84930
O002691,2024-10-28,2024-10-29,S007,C00228,P0017,2,16800,0,33600
O002692,2024-10-28,2024-10-29,S003,C00482,P0029,1,2180,0,2180
O002693,2024-10-28,2024-10-28,S014,C00119,P0025,1,1422,0.1,1422
O002694,2024-10-29,2024-11-01,S014,C00262,P0006,1,11800,0,11800
O002695,2024-10-29,2024-10-29,S001,C00448,P0004,2,100800,0.1,201600
O002696,2024-10-29,2024-10-29,S013,C00359,P0031,1,1380,0,1380
O002697,2024-10-29,2024-10-30,S003,C00533,P0028,1,3200,0,3200
O002698,2024-10-29,2024-10-30,S014,C00265,P0018,5,5900,0,29500
O002699,2024-10-29,2024-10-29,S011,C00017,P0021,2,5310,0.1,10620
O002700,2024-10-30,2024-10-31,S004,C00103,P0024,1,1280,0,1280
O002701,2024-10-30,2024-11-02,S011,C00369,P0005,1,3200,0,3200
O002702,2024-10-30,2024-11-01,S014,C00200,P0012,1,51840,0.2,51840
O002703,2024-10-30,2024-10-30,S007,C00476,P0028,1,2880,0.1,2880
O002704,2024-10-30,2024-11-02,S004,C00012,P0014,1,16800,0,16800
O002705,2024-10-31,2024-10-31,S007,C00407,P0003,1,54000,0,54000
O002706,2024-10-31,2024-11-01,S003,C00354,P0016,3,4410,0.1,13230
O002707,2024-10-31,2024-10-31,S007,C00093,P0025,1,1580,0,1580
O002708,2024-10-31,2024-10-31,S002,C00402,P0009,2,27800,0,55600
O002709,2024-10-31,2024-10-31,S011,C00018,P0011,2,6980,0,13960
O002710,2024-10-31,2024-11-03,S003,C00462,P0017,5,16800,0,84000
O002711,2024-10-31,2024-11-01,S003,C00549,P0021,1,5900,0,5900
O002712,2024-10-31,2024-11-05,S007,C00272,P0005,2,3200,0,6400
O002713,2024-11-01,2024-11-02,S004,C00017,P0031,1,1380,0,1380
O002714,2024-11-01,2024-11-02,S002,C00119,P0014,2,16800,0,33600
O002715,2024-11-01,2024-11-02,S009,C00106,P0006,1,9440,0.2,9440
O002716,2024-11-01,2024-11-03,S001,C00057,P0001,1,128000,0,128000
O002717,2024-11-01,2024-11-01,S010,C00536,P0006,1,11800,0,11800
O002718,2024-11-01,2024-11-01,S001,C00011,P0020,1,7900,0,7900
O002719,2024-11-01,2024-11-04,S006,C00486,P0001,2,128000,0,256000
O002720,2024-11-01,2024-11-02,S005,C00375,P0025,2,1580,0,3160
O002721,2024-11-01,2024-11-02,S007,C00125,P0028,1,3200,0,3200
O002722,2024-11-01,2024-11-01,S014,C00171,P0005,2,3200,0,6400
O002723,2024-11-01,2024-11-03,S004,C00158,P0011,1,6980,0,6980
O002724,2024-11-01,2024-11-01,S003,C00360,P0013,2,18810,0.05,37620
O002725,2024-11-02,2024-11-02,S014,C00199,P0025,2,1580,0,3160
O002726,2024-11-02,2024-11-04,S007,C00017,P0007,1,32800,0,32800
O002727,2024-11-02,2024-11-02,S013,C00263,P0032,1,3980,0,3980
O002728,2024-11-02,2024-11-05,S001,C00092,P0009,1,27800,0,27800
O002729,2024-11-02,2024-11-03,S013,C00083,P0011,1,6980,0,6980
O002730,2024-11-02,2024-11-02,S001,C00435,P0032,2,3980,0,7960
O002731,2024-11-02,2024-11-04,S007,C00217,P0019,1,2980,0,2980
O002732,2024-11-02,2024-11-02,S014,C00410,P0002,1,238000,0,238000
O002733,2024-11-02,2024-11-02,S006,C00345,P0024,1,1280,0,1280
O002734,2024-11-02,2024-11-03,S005,C00560,P0008,1,4900,0,4900
O002735,2024-11-02,2024-11-03,S007,C00544,P0031,2,1380,0,2760
O002736,2024-11-03,2024-11-06,S005,C00410,P0016,1,4900,0,4900
O002737,2024-11-03,2024-11-03,S013,C00190,P0028,1,3040,0.05,3040
O002738,2024-11-03,2024-11-04,S014,C00495,P0027,1,1580,0,1580
O002739,2024-11-03,2024-11-08,S004,C00368,P0006,1,11800,0,11800
O002740,2024-11-03,2024-11-06,S012,C00322,P0024,2,1216,0.05,2432
O002741,2024-11-03,2024-11-03,S003,C00403,P0002,1,238000,0,238000
O002742,2024-11-03,2024-11-04,S007,C00433,P0026,1,1881,0.05,1881
O002743,2024-11-03,2024-11-03,S009,C00245,P0009,2,27800,0,55600
O002744,2024-11-03,2024-11-03,S006,C00217,P0022,1,6800,0,6800
O002745,2024-11-03,2024-11-04,S003,C00189,P0005,1,3040,0.05,3040
O002746,2024-11-03,2024-11-04,S009,C00482,P0013,1,19800,0,19800
O002747,2024-11-03,2024-11-03,S014,C00392,P0019,1,2980,0,2980
O002748,2024-11-03,2024-11-03,S003,C00333,P0008,1,4900,0,4900
O002749,2024-11-03,2024-11-04,S014,C00561,P0031,1,1380,0,1380
O002750,2024-11-03,2024-11-06,S014,C00220,P0027,1,1501,0.05,1501
O002751,2024-11-03,2024-11-06,S014,C00462,P0029,1,2180,0,2180
O002752,2024-11-04,2024-11-04,S013,C00344,P0012,1,64800,0,64800
O002753,2024-11-04,2024-11-04,S014,C00377,P0005,3,3200,0,9600
O002754,2024-11-04,2024-11-07,S005,C00319,P0003,2,54000,0,108000
O002755,2024-11-04,2024-11-05,S001,C00176,P0030,1,780,0,780
O002756,2024-11-04,2024-11-06,S007,C00191,P0027,1,1580,0,1580
O002757,2024-11-04,2024-11-04,S014,C00355,P0020,2,7900,0,15800
O002758,2024-11-04,2024-11-09,S001,C00008,P0026,1,1980,0,1980
O002759,2024-11-04,2024-11-04,S002,C00432,P0021,1,5605,0.05,5605
O002760,2024-11-04,2024-11-04,S014,C00242,P0029,1,2180,0,2180
O002761,2024-11-04,2024-11-06,S006,C00439,P0015,1,14800,0,14800
O002762,2024-11-05,2024-11-05,S003,C00343,P0006,1,10620,0.1,10620
O002763,2024-11-05,2024-11-05,S013,C00319,P0014,1,15120,0.1,15120
O002764,2024-11-05,2024-11-10,S007,C00225,P0013,1,19800,0,19800
O002765,2024-11-05,2024-11-08,S004,C00454,P0017,1,16800,0,16800
O002766,2024-11-05,2024-11-07,S001,C00248,P0023,1,1584,0.2,1584
O002767,2024-11-05,2024-11-06,S005,C00141,P0015,10,14800,0,148000
O002768,2024-11-05,2024-11-06,S012,C00245,P0010,1,29800,0,29800
O002769,2024-11-05,2024-11-07,S008,C00308,P0031,2,1380,0,2760
O002770,2024-11-05,2024-11-05,S014,C00549,P0014,1,16800,0,16800
O002771,2024-11-05,2024-11-05,S002,C00541,P0002,1,214200,0.1,214200
O002772,2024-11-05,2024-11-05,S003,C00042,P0014,1,16800,0,16800
O002773,2024-11-06,2024-11-06,S003,C00300,P0020,2,7900,0,15800
O002774,2024-11-06,2024-11-06,S006,C00474,P0020,1,7900,0,7900
O002775,2024-11-06,2024-11-08,S011,C00333,P0022,1,6800,0,6800
O002776,2024-11-06,2024-11-06,S001,C00105,P0003,5,54000,0,270000
O002777,2024-11-06,2024-11-06,S002,C00506,P0020,10,7110,0.1,71100
O002778,2024-11-06,2024-11-08,S013,C00541,P0029,2,2180,0,4360
O002779,2024-11-06,2024-11-09,S006,C00519,P0006,1,11800,0,11800
O002780,2024-11-06,2024-11-06,S002,C00469,P0018,1,5900,0,5900
O002781,2024-11-06,2024-11-08,S001,C00398,P0018,2,5900,0,11800
O002782,2024-11-06,2024-11-06,S007,C00107,P0018,1,5605,0.05,5605
O002783,2024-11-07,2024-11-07,S007,C00288,P0022,2,6800,0,13600
O002784,2024-11-07,2024-11-07,S002,C00600,P0021,2,5900,0,11800
O002785,2024-11-07,2024-11-07,S004,C00293,P0010,1,26820,0.1,26820
O002786,2024-11-07,2024-11-07,S002,C00055,P0019,1,2980,0,2980
O002787,2024-11-07,2024-11-07,S011,C00115,P0006,2,11800,0,23600
O002788,2024-11-07,2024-11-08,S012,C00077,P0021,10,5900,0,59000
O002789,2024-11-08,2024-11-10,S014,C00243,P0028,1,3200,0,3200
O002790,2024-11-08,2024-11-08,S011,C00461,P0001,1,128000,0,128000
O002791,2024-11-08,2024-11-11,S007,C00156,P0016,1,4900,0,4900
O002792,2024-11-08,2024-11-10,S001,C00501,P0001,1,115200,0.1,115200
O002793,2024-11-08,2024-11-11,S013,C00316,P0031,1,1311,0.05,1311
O002794,2024-11-08,2024-11-09,S001,C00292,P0027,1,1501,0.05,1501
O002795,2024-11-08,2024-11-08,S007,C00039,P0001,2,128000,0,256000
O002796,2024-11-08,2024-11-08,S001,C00221,P0030,1,780,0,780
O002797,2024-11-08,2024-11-08,S003,C00328,P0006,1,10620,0.1,10620
O002798,2024-11-08,2024-11-09,S014,C00338,P0015,2,14060,0.05,28120
O002799,2024-11-08,2024-11-10,S014,C00210,P0008,2,4900,0,9800
O002800,2024-11-09,2024-11-10,S008,C00511,P0014,1,16800,0,16800
O002801,2024-11-09,2024-11-12,S004,C00112,P0032,1,3980,0,3980
O002802,2024-11-09,2024-11-09,S004,C00065,P0008,2,4900,0,9800
O002803,2024-11-09,2024-11-10,S002,C00377,P0004,2,106400,0.05,212800
O002804,2024-11-09,2024-11-09,S009,C00241,P0029,1,2071,0.05,2071
O002805,2024-11-09,2024-11-09,S014,C00119,P0028,1,3200,0,3200
O002806,2024-11-09,2024-11-09,S005,C00379,P0011,1,6980,0,6980
O002807,2024-11-09,2024-11-09,S007,C00167,P0007,1,32800,0,32800
O002808,2024-11-09,2024-11-10,S011,C00379,P0014,2,15120,0.1,30240
O002809,2024-11-09,2024-11-09,S006,C00599,P0008,2,4655,0.05,9310
O002810,2024-11-09,2024-11-10,S007,C00341,P0023,1,1980,0,1980
O002811,2024-11-09,2024-11-14,S007,C00308,P0015,1,14800,0,14800
O002812,2024-11-09,2024-11-10,S007,C00205,P0030,1,741,0.05,741
O002813,2024-11-09,2024-11-09,S014,C00227,P0012,1,64800,0,64800
O002814,2024-11-10,2024-11-11,S005,C00465,P0018,1,5900,0,5900
O002815,2024-11-10,2024-11-13,S004,C00528,P0024,2,1280,0,2560
O002816,2024-11-10,2024-11-15,S001,C00392,P0010,2,29800,0,59600
O002817,2024-11-10,2024-11-12,S001,C00186,P0023,2,1980,0,3960
O002818,2024-11-10,2024-11-11,S010,C00058,P0024,2,1280,0,2560
O002819,2024-11-10,2024-11-11,S006,C00040,P0014,1,16800,0,16800
O002820,2024-11-10,2024-11-11,S003,C00035,P0017,1,15960,0.05,15960
O002821,2024-11-10,2024-11-10,S004,C00367,P0023,3,1980,0,5940
O002822,2024-11-10,2024-11-11,S005,C00193,P0031,1,1380,0,1380
O002823,2024-11-10,2024-11-10,S003,C00221,P0013,1,17820,0.1,17820
O002824,2024-11-10,2024-11-10,S007,C00518,P0003,1,54000,0,54000
O002825,2024-11-10,2024-11-11,S001,C00290,P0010,1,29800,0,29800
O002826,2024-11-11,2024-11-11,S014,C00235,P0027,1,1580,0,1580
O002827,2024-11-11,2024-11-11,S008,C00452,P0026,1,1980,0,1980
O002828,2024-11-11,2024-11-12,S014,C00248,P0024,1,1280,0,1280
O002829,2024-11-11,2024-11-11,S006,C00532,P0008,1,4655,0.05,4655
O002830,2024-11-11,2024-11-11,S013,C00186,P0020,1,7900,0,7900
O002831,2024-11-11,2024-11-12,S007,C00032,P0026,1,1980,0,1980
O002832,2024-11-11,2024-11-13,S004,C00017,P0021,1,5900,0,5900
O002833,2024-11-11,2024-11-12,S002,C00162,P0017,1,16800,0,16800
O002834,2024-11-12,2024-11-14,S005,C00377,P0019,2,2980,0,5960
O002835,2024-11-12,2024-11-15,S009,C00268,P0016,2,4900,0,9800
O002836,2024-11-12,2024-11-13,S007,C00183,P0002,3,238000,0,714000
O002837,2024-11-12,2024-11-13,S012,C00336,P0026,1,1980,0,1980
O002838,2024-11-12,2024-11-13,S001,C00422,P0007,2,32800,0,65600
O002839,2024-11-12,2024-11-15,S003,C00182,P0017,1,16800,0,16800
O002840,2024-11-12,2024-11-13,S007,C00035,P0007,2,32800,0,65600
O002841,2024-11-13,2024-11-18,S007,C00527,P0004,1,112000,0,112000
O002842,2024-11-13,2024-11-15,S011,C00261,P0031,1,1380,0,1380
O002843,2024-11-13,2024-11-13,S005,C00563,P0023,2,1980,0,3960
O002844,2024-11-13,2024-11-13,S012,C00514,P0021,1,5900,0,5900
O002845,2024-11-13,2024-11-13,S011,C00229,P0002,2,238000,0,476000
O002846,2024-11-13,2024-11-13,S014,C00041,P0022,2,6800,0,13600
O002847,2024-11-13,2024-11-15,S006,C00177,P0023,1,1980,0,1980
O002848,2024-11-13,2024-11-16,S004,C00500,P0021,1,5900,0,5900
O002849,2024-11-14,2024-11-14,S004,C00177,P0017,1,15960,0.05,15960
O002850,2024-11-14,2024-11-15,S004,C00411,P0017,2,13440,0.2,26880
O002851,2024-11-14,2024-11-14,S002,C00183,P0026,2,1980,0,3960
O002852,2024-11-14,2024-11-15,S001,C00398,P0009,1,25020,0.1,25020
O002853,2024-11-14,2024-11-14,S003,C00536,P0001,1,128000,0,128000
O002854,2024-11-14,2024-11-14,S002,C00371,P0019,1,2980,0,2980
O002855,2024-11-14,2024-11-14,S014,C00380,P0032,2,3980,0,7960
O002856,2024-11-14,2024-11-17,S007,C00471,P0030,1,780,0,780
O002857,2024-11-15,2024-11-16,S013,C00117,P0019,2,2980,0,5960
O002858,2024-11-15,2024-11-15,S010,C00086,P0018,1,5900,0,5900
O002859,2024-11-15,2024-11-17,S008,C00106,P0016,2,4900,0,9800
O002860,2024-11-15,2024-11-15,S008,C00337,P0027,2,1580,0,3160
O002861,2024-11-15,2024-11-15,S008,C00275,P0008,5,4900,0,24500
O002862,2024-11-15,2024-11-16,S008,C00362,P0032,1,3980,0,3980
O002863,2024-11-15,2024-11-16,S007,C00472,P0022,1,6800,0,6800
O002864,2024-11-15,2024-11-17,S012,C00036,P0029,1,2180,0,2180
O002865,2024-11-16,2024-11-21,S007,C00199,P0010,2,29800,0,59600
O002866,2024-11-16,2024-11-21,S007,C00271,P0030,2,780,0,1560
O002867,2024-11-16,2024-11-16,S002,C00325,P0019,1,2980,0,2980
O002868,2024-11-16,2024-11-17,S005,C00250,P0010,3,29800,0,89400
O002869,2024-11-16,2024-11-16,S014,C00580,P0018,2,5900,0,11800
O002870,2024-11-16,2024-11-21,S005,C00147,P0021,1,5605,0.05,5605
O002871,2024-11-16,2024-11-16,S007,C00460,P0006,1,11800,0,11800
O002872,2024-11-16,2024-11-16,S011,C00413,P0026,1,1980,0,1980
O002873,2024-11-16,2024-11-18,S013,C00196,P0032,1,3980,0,3980
O002874,2024-11-16,2024-11-18,S011,C00322,P0027,1,1580,0,1580
O002875,2024-11-16,2024-11-16,S007,C00071,P0011,1,6980,0,6980
O002876,2024-11-17,2024-11-18,S003,C00149,P0031,1,1380,0,1380
O002877,2024-11-17,2024-11-19,S003,C00545,P0031,3,1380,0,4140
O002878,2024-11-17,2024-11-18,S001,C00036,P0030,2,780,0,1560
O002879,2024-11-17,2024-11-20,S006,C00036,P0002,10,238000,0,2380000
O002880,2024-11-17,2024-11-17,S009,C00358,P0008,2,4900,0,9800
O002881,2024-11-17,2024-11-18,S008,C00248,P0005,1,3200,0,3200
O002882,2024-11-17,2024-11-17,S014,C00527,P0001,1,128000,0,128000
O002883,2024-11-17,2024-11-18,S013,C00222,P0023,1,1881,0.05,1881
O002884,2024-11-17,2024-11-17,S014,C00593,P0031,1,1380,0,1380
O002885,2024-11-17,2024-11-20,S005,C00114,P0013,1,19800,0,19800
O002886,2024-11-17,2024-11-17,S003,C00337,P0006,2,11800,0,23600
O002887,2024-11-17,2024-11-19,S003,C00057,P0021,1,5900,0,5900
O002888,2024-11-17,2024-11-17,S003,C00371,P0014,2,16800,0,33600
O002889,2024-11-18,2024-11-19,S002,C00122,P0007,1,32800,0,32800
O002890,2024-11-18,2024-11-20,S001,C00590,P0001,1,128000,0,128000
O002891,2024-11-18,2024-11-20,S008,C00241,P0004,1,112000,0,112000
O002892,2024-11-18,2024-11-18,S002,C00071,P0030,2,741,0.05,1482
O002893,2024-11-18,2024-11-18,S001,C00433,P0014,1,15960,0.05,15960
O002894,2024-11-18,2024-11-21,S001,C00426,P0023,1,1980,0,1980
O002895,2024-11-18,2024-11-20,S007,C00270,P0003,1,54000,0,54000
O002896,2024-11-18,2024-11-19,S014,C00567,P0018,3,5900,0,17700
O002897,2024-11-18,2024-11-18,S014,C00167,P0009,1,27800,0,27800
O002898,2024-11-19,2024-11-19,S003,C00229,P0007,3,32800,0,98400
O002899,2024-11-19,2024-11-20,S013,C00465,P0024,1,1280,0,1280
O002900,2024-11-19,2024-11-19,S014,C00503,P0026,1,1980,0,1980
O002901,2024-11-19,2024-11-20,S003,C00040,P0025,2,1580,0,3160
O002902,2024-11-19,2024-11-20,S010,C00112,P0029,1,2071,0.05,2071
O002903,2024-11-19,2024-11-19,S008,C00510,P0028,2,3200,0,6400
O002904,2024-11-19,2024-11-19,S005,C00261,P0006,1,11800,0,11800
O002905,2024-11-19,2024-11-20,S001,C00511,P0028,1,3200,0,3200
O002906,2024-11-20,2024-11-20,S002,C00142,P0008,5,4900,0,24500
O002907,2024-11-20,2024-11-20,S009,C00502,P0028,1,3200,0,3200
O002908,2024-11-20,2024-11-21,S014,C00078,P0032,1,3980,0,3980
O002909,2024-11-20,2024-11-20,S007,C00529,P0013,2,19800,0,39600
O002910,2024-11-20,2024-11-21,S001,C00046,P0023,1,1980,0,1980
O002911,2024-11-20,2024-11-20,S007,C00385,P0030,2,780,0,1560
O002912,2024-11-20,2024-11-21,S014,C00522,P0019,1,2980,0,2980
O002913,2024-11-21,2024-11-21,S013,C00089,P0031,1,1311,0.05,1311
O002914,2024-11-21,2024-11-21,S003,C00320,P0022,1,6800,0,6800
O002915,2024-11-21,2024-11-22,S002,C00299,P0023,2,1980,0,3960
O002916,2024-11-21,2024-11-24,S003,C00359,P0023,1,1980,0,1980
O002917,2024-11-21,2024-11-22,S009,C00182,P0014,1,15120,0.1,15120
O002918,2024-11-22,2024-11-22,S010,C00081,P0016,2,4900,0,9800
O002919,2024-11-22,2024-11-23,S003,C00591,P0002,1,238000,0,238000
O002920,2024-11-22,2024-11-23,S008,C00258,P0020,1,7900,0,7900
O002921,2024-11-22,2024-11-22,S005,C00346,P0029,2,2180,0,4360
O002922,2024-11-22,2024-11-22,S005,C00008,P0027,2,1580,0,3160
O002923,2024-11-22,2024-11-22,S005,C00107,P0026,1,1980,0,1980
O002924,2024-11-22,2024-11-23,S007,C00113,P0025,2,1580,0,3160
O002925,2024-11-22,2024-11-22,S014,C00030,P0011,1,6980,0,6980
O002926,2024-11-22,2024-11-24,S008,C00424,P0018,1,5900,0,5900
O002927,2024-11-23,2024-11-26,S014,C00423,P0017,1,16800,0,16800
O002928,2024-11-23,2024-11-24,S005,C00192,P0002,1,238000,0,238000
O002929,2024-11-23,2024-11-25,S014,C00056,P0026,1,1980,0,1980
O002930,2024-11-23,2024-11-26,S007,C00363,P0002,2,238000,0,476000
O002931,2024-11-23,2024-11-25,S007,C00217,P0016,2,3920,0.2,7840
O002932,2024-11-23,2024-11-23,S004,C00180,P0004,1,112000,0,112000
O002933,2024-11-23,2024-11-24,S013,C00168,P0031,1,1311,0.05,1311
O002934,2024-11-23,2024-11-23,S004,C00556,P0016,1,4900,0,4900
O002935,2024-11-23,2024-11-25,S005,C00296,P0027,2,1501,0.05,3002
O002936,2024-11-23,2024-11-24,S003,C00221,P0003,1,54000,0,54000
O002937,2024-11-23,2024-11-23,S013,C00578,P0020,1,7900,0,7900
O002938,2024-11-23,2024-11-23,S011,C00045,P0004,2,106400,0.05,212800
O002939,2024-11-24,2024-11-24,S004,C00053,P0022,1,6800,0,6800
O002940,2024-11-24,2024-11-25,S014,C00267,P0005,1,3200,0,3200
O002941,2024-11-24,2024-11-25,S014,C00276,P0013,1,17820,0.1,17820
O002942,2024-11-24,2024-11-26,S007,C00318,P0029,2,2180,0,4360
O002943,2024-11-24,2024-11-24,S001,C00439,P0012,1,64800,0,64800
O002944,2024-11-24,2024-11-25,S011,C00211,P0018,1,5900,0,5900
O002945,2024-11-24,2024-11-24,S002,C00111,P0009,1,27800,0,27800
O002946,2024-11-24,2024-11-24,S011,C00207,P0008,1,4900,0,4900
O002947,2024-11-24,2024-11-25,S003,C00207,P0031,1,1380,0,1380
O002948,2024-11-24,2024-11-27,S014,C00490,P0017,2,16800,0,33600
O002949,2024-11-24,2024-11-24,S001,C00034,P0014,3,16800,0,50400
O002950,2024-11-24,2024-11-29,S005,C00090,P0021,1,5900,0,5900
O002951,2024-11-24,2024-11-24,S001,C00568,P0011,5,6980,0,34900
O002952,2024-11-24,2024-11-25,S002,C00576,P0023,1,1881,0.05,1881
O002953,2024-11-24,2024-11-25,S009,C00521,P0022,2,6800,0,13600
O002954,2024-11-24,2024-11-26,S008,C00295,P0019,1,2980,0,2980
O002955,2024-11-24,2024-11-24,S010,C00597,P0027,1,1580,0,1580
O002956,2024-11-24,2024-11-26,S004,C00393,P0027,1,1580,0,1580
O002957,2024-11-25,2024-11-25,S014,C00453,P0002,1,238000,0,238000
O002958,2024-11-25,2024-11-25,S008,C00235,P0030,1,702,0.1,702
O002959,2024-11-25,2024-11-25,S011,C00172,P0031,1,1380,0,1380
O002960,2024-11-25,2024-11-26,S011,C00273,P0002,2,238000,0,476000
O002961,2024-11-25,2024-11-25,S001,C00246,P0016,1,4655,0.05,4655
O002962,2024-11-25,2024-11-25,S005,C00200,P0003,2,54000,0,108000
O002963,2024-11-25,2024-11-26,S001,C00353,P0019,2,2980,0,5960
O002964,2024-11-25,2024-11-25,S014,C00057,P0025,1,1580,0,1580
O002965,2024-11-26,2024-11-28,S003,C00277,P0032,2,3781,0.05,7562
O002966,2024-11-26,2024-11-27,S012,C00577,P0009,1,27800,0,27800
O002967,2024-11-26,2024-11-27,S014,C00199,P0013,1,19800,0,19800
O002968,2024-11-26,2024-11-28,S002,C00471,P0006,3,11800,0,35400
O002969,2024-11-26,2024-11-29,S002,C00444,P0014,1,16800,0,16800
O002970,2024-11-26,2024-11-28,S003,C00441,P0019,1,2980,0,2980
O002971,2024-11-26,2024-11-26,S014,C00522,P0002,1,214200,0.1,214200
O002972,2024-11-26,2024-11-26,S009,C00409,P0029,1,2180,0,2180
O002973,2024-11-26,2024-11-27,S014,C00144,P0010,1,29800,0,29800
O002974,2024-11-26,2024-11-26,S001,C00197,P0018,1,5310,0.1,5310
O002975,2024-11-26,2024-11-28,S001,C00433,P0008,1,4900,0,4900
O002976,2024-11-26,2024-11-27,S005,C00035,P0018,1,5900,0,5900
O002977,2024-11-26,2024-11-29,S001,C00542,P0019,1,2980,0,2980
O002978,2024-11-27,2024-11-28,S002,C00156,P0008,1,4900,0,4900
O002979,2024-11-27,2024-11-28,S007,C00036,P0007,2,32800,0,65600
O002980,2024-11-27,2024-11-29,S002,C00356,P0026,1,1980,0,1980
O002981,2024-11-27,2024-12-02,S014,C00141,P0031,2,1242,0.1,2484
O002982,2024-11-27,2024-11-27,S014,C00347,P0023,2,1980,0,3960
O002983,2024-11-28,2024-11-29,S005,C00510,P0021,1,5900,0,5900
O002984,2024-11-28,2024-11-28,S007,C00476,P0003,1,54000,0,54000
O002985,2024-11-28,2024-11-29,S011,C00583,P0007,1,32800,0,32800
O002986,2024-11-28,2024-11-30,S001,C00216,P0019,1,2980,0,2980
O002987,2024-11-28,2024-11-29,S002,C00070,P0005,2,3040,0.05,6080
O002988,2024-11-28,2024-11-30,S014,C00318,P0004,3,112000,0,336000
O002989,2024-11-28,2024-11-28,S011,C00276,P0009,1,26410,0.05,26410
O002990,2024-11-28,2024-11-28,S004,C00038,P0003,2,54000,0,108000
O002991,2024-11-28,2024-11-28,S013,C00423,P0014,1,16800,0,16800
O002992,2024-11-28,2024-11-29,S003,C00199,P0012,3,64800,0,194400
O002993,2024-11-28,2024-11-29,S003,C00092,P0017,1,16800,0,16800
O002994,2024-11-28,2024-11-29,S014,C00428,P0009,1,27800,0,27800
O002995,2024-11-29,2024-12-01,S014,C00018,P0028,1,3200,0,3200
O002996,2024-11-29,2024-11-29,S013,C00546,P0025,1,1580,0,1580
O002997,2024-11-29,2024-11-29,S003,C00014,P0015,3,14800,0,44400
O002998,2024-11-29,2024-11-29,S008,C00020,P0019,2,2980,0,5960
O002999,2024-11-29,2024-11-30,S003,C00172,P0007,1,32800,0,32800
O003000,2024-11-29,2024-12-01,S013,C00198,P0028,10,3200,0,32000
O003001,2024-11-29,2024-12-01,S014,C00071,P0001,1,121600,0.05,121600
O003002,2024-11-29,2024-11-30,S003,C00361,P0010,1,23840,0.2,23840
O003003,2024-11-30,2024-11-30,S005,C00068,P0017,1,16800,0,16800
O003004,2024-11-30,2024-12-01,S007,C00026,P0013,1,19800,0,19800
O003005,2024-11-30,2024-12-02,S006,C00127,P0032,1,3980,0,3980
O003006,2024-11-30,2024-12-02,S001,C00025,P0011,1,6282,0.1,6282
O003007,2024-11-30,2024-12-02,S004,C00587,P0028,1,3200,0,3200
O003008,2024-11-30,2024-12-01,S006,C00007,P0012,1,61560,0.05,61560
O003009,2024-11-30,2024-11-30,S003,C00164,P0009,1,27800,0,27800
O003010,2024-11-30,2024-12-02,S008,C00513,P0002,1,226100,0.05,226100
O003011,2024-11-30,2024-11-30,S004,C00066,P0005,1,3200,0,3200
O003012,2024-11-30,2024-12-02,S010,C00194,P0026,1,1980,0,1980
O003013,2024-11-30,2024-12-01,S014,C00513,P0022,1,6800,0,6800
O003014,2024-11-30,2024-12-01,S007,C00577,P0014,3,16800,0,50400
O003015,2024-11-30,2024-11-30,S009,C00595,P0031,1,1380,0,1380
O003016,2024-11-30,2024-12-02,S003,C00468,P0010,1,26820,0.1,26820
O003017,2024-12-01,2024-12-02,S013,C00380,P0005,1,3200,0,3200
O003018,2024-12-01,2024-12-01,S005,C00037,P0022,1,6460,0.05,6460
O003019,2024-12-01,2024-12-01,S007,C00285,P0031,1,1380,0,1380
O003020,2024-12-01,2024-12-01,S002,C00251,P0032,1,3781,0.05,3781
O003021,2024-12-01,2024-12-03,S010,C00202,P0013,1,19800,0,19800
O003022,2024-12-01,2024-12-03,S014,C00187,P0016,1,4655,0.05,4655
O003023,2024-12-01,2024-12-01,S003,C00091,P0021,1,5900,0,5900
O003024,2024-12-01,2024-12-01,S013,C00222,P0007,1,32800,0,32800
O003025,2024-12-01,2024-12-04,S007,C00505,P0021,1,5900,0,5900
O003026,2024-12-01,2024-12-03,S006,C00331,P0003,3,54000,0,162000
O003027,2024-12-01,2024-12-01,S005,C00496,P0014,2,16800,0,33600
O003028,2024-12-01,2024-12-01,S012,C00075,P0032,2,3980,0,7960
O003029,2024-12-01,2024-12-02,S014,C00328,P0007,1,32800,0,32800
O003030,2024-12-01,2024-12-02,S007,C00134,P0011,1,6980,0,6980
O003031,2024-12-01,2024-12-04,S010,C00158,P0021,1,5605,0.05,5605
O003032,2024-12-01,2024-12-01,S008,C00139,P0025,2,1422,0.1,2844
O003033,2024-12-01,2024-12-03,S001,C00538,P0018,1,5900,0,5900
O003034,2024-12-01,2024-12-02,S003,C00304,P0029,1,2180,0,2180
O003035,2024-12-01,2024-12-01,S001,C00595,P0021,1,5900,0,5900
O003036,2024-12-02,2024-12-05,S014,C00528,P0029,1,2180,0,2180
O003037,2024-12-02,2024-12-03,S005,C00038,P0032,1,3980,0,3980
O003038,2024-12-02,2024-12-04,S013,C00038,P0011,1,6980,0,6980
O003039,2024-12-02,2024-12-04,S002,C00394,P0006,1,11210,0.05,11210
O003040,2024-12-02,2024-12-05,S007,C00267,P0004,3,106400,0.05,319200
O003041,2024-12-02,2024-12-04,S014,C00101,P0008,1,4900,0,4900
O003042,2024-12-02,2024-12-02,S006,C00136,P0006,1,11800,0,11800
O003043,2024-12-02,2024-12-04,S013,C00015,P0008,1,4900,0,4900
O003044,2024-12-02,2024-12-05,S007,C00550,P0019,2,2980,0,5960
O003045,2024-12-02,2024-12-02,S005,C00421,P0004,1,112000,0,112000
O003046,2024-12-03,2024-12-03,S006,C00600,P0010,2,23840,0.2,47680
O003047,2024-12-03,2024-12-04,S007,C00505,P0007,1,32800,0,32800
O003048,2024-12-03,2024-12-04,S001,C00149,P0005,1,2560,0.2,2560
O003049,2024-12-03,2024-12-08,S005,C00527,P0023,1,1980,0,1980
O003050,2024-12-03,2024-12-08,S009,C00344,P0025,1,1580,0,1580
O003051,2024-12-03,2024-12-08,S013,C00542,P0011,1,6980,0,6980
O003052,2024-12-03,2024-12-03,S001,C00560,P0010,1,28310,0.05,28310
O003053,2024-12-03,2024-12-03,S005,C00057,P0025,1,1422,0.1,1422
O003054,2024-12-03,2024-12-03,S004,C00406,P0032,1,3980,0,3980
O003055,2024-12-03,2024-12-03,S001,C00204,P0008,2,4900,0,9800
O003056,2024-12-03,2024-12-03,S007,C00423,P0021,2,5900,0,11800
O003057,2024-12-03,2024-12-03,S013,C00318,P0017,1,16800,0,16800
O003058,2024-12-03,2024-12-04,S014,C00144,P0032,1,3582,0.1,3582
O003059,2024-12-04,2024-12-07,S005,C00176,P0005,1,3200,0,3200
O003060,2024-12-04,2024-12-04,S013,C00039,P0028,1,3200,0,3200
O003061,2024-12-04,2024-12-07,S012,C00260,P0027,1,1580,0,1580
O003062,2024-12-04,2024-12-04,S004,C00531,P0012,1,61560,0.05,61560
O003063,2024-12-04,2024-12-07,S002,C00425,P0029,2,2180,0,4360
O003064,2024-12-04,2024-12-04,S005,C00047,P0032,2,3980,0,7960
O003065,2024-12-04,2024-12-06,S007,C00369,P0017,1,16800,0,16800
O003066,2024-12-04,2024-12-04,S010,C00339,P0019,1,2682,0.1,2682
O003067,2024-12-04,2024-12-04,S014,C00418,P0032,1,3980,0,3980
O003068,2024-12-04,2024-12-06,S003,C00235,P0030,1,780,0,780
O003069,2024-12-04,2024-12-05,S005,C00328,P0008,1,4900,0,4900
O003070,2024-12-04,2024-12-05,S010,C00083,P0015,1,14800,0,14800
O003071,2024-12-04,2024-12-04,S014,C00196,P0003,2,54000,0,108000
O003072,2024-12-04,2024-12-05,S010,C00262,P0022,1,6800,0,6800
O003073,2024-12-04,2024-12-06,S014,C00362,P0029,1,2180,0,2180
O003074,2024-12-05,2024-12-06,S012,C00589,P0005,1,3200,0,3200
O003075,2024-12-05,2024-12-05,S002,C00558,P0006,1,11800,0,11800
O003076,2024-12-05,2024-12-06,S002,C00547,P0026,3,1980,0,5940
O003077,2024-12-05,2024-12-08,S002,C00115,P0026,1,1980,0,1980
O003078,2024-12-05,2024-12-05,S013,C00544,P0001,2,128000,0,256000
O003079,2024-12-05,2024-12-10,S005,C00336,P0010,1,29800,0,29800
O003080,2024-12-05,2024-12-08,S003,C00134,P0022,1,6800,0,6800
O003081,2024-12-05,2024-12-06,S001,C00124,P0021,2,5900,0,11800
O003082,2024-12-05,2024-12-07,S003,C00263,P0021,1,4720,0.2,4720
O003083,2024-12-05,2024-12-07,S004,C00275,P0017,1,16800,0,16800
O003084,2024-12-05,2024-12-08,S014,C00107,P0004,1,112000,0,112000
O003085,2024-12-05,2024-12-08,S001,C00356,P0026,3,1980,0,5940
O003086,2024-12-06,2024-12-07,S005,C00299,P0022,1,6800,0,6800
O003087,2024-12-06,2024-12-06,S012,C00049,P0015,1,14800,0,14800
O003088,2024-12-06,2024-12-06,S001,C00497,P0006,1,11800,0,11800
O003089,2024-12-06,2024-12-06,S012,C00145,P0008,1,4900,0,4900
O003090,2024-12-06,2024-12-06,S010,C00345,P0010,2,26820,0.1,53640
O003091,2024-12-06,2024-12-07,S001,C00363,P0015,1,14800,0,14800
O003092,2024-12-06,2024-12-06,S001,C00577,P0014,1,16800,0,16800
O003093,2024-12-06,2024-12-07,S003,C00219,P0007,1,32800,0,32800
O003094,2024-12-06,2024-12-09,S001,C00098,P0001,2,128000,0,256000
O003095,2024-12-07,2024-12-08,S009,C00233,P0015,1,14060,0.05,14060
O003096,2024-12-07,2024-12-07,S010,C00475,P0021,3,5900,0,17700
O003097,2024-12-07,2024-12-10,S008,C00199,P0005,1,3200,0,3200
O003098,2024-12-07,2024-12-08,S012,C00355,P0026,1,1980,0,1980
O003099,2024-12-07,2024-12-07,S001,C00334,P0020,1,7900,0,7900
O003100,2024-12-07,2024-12-09,S005,C00568,P0003,1,54000,0,54000
O003101,2024-12-07,2024-12-10,S009,C00508,P0009,1,27800,0,27800
O003102,2024-12-07,2024-12-08,S014,C00298,P0011,3,6980,0,20940
O003103,2024-12-07,2024-12-08,S014,C00367,P0017,1,16800,0,16800
O003104,2024-12-07,2024-12-07,S001,C00455,P0017,1,15960,0.05,15960
O003105,2024-12-07,2024-12-07,S014,C00012,P0001,1,128000,0,128000
O003106,2024-12-07,2024-12-08,S004,C00405,P0026,1,1980,0,1980
O003107,2024-12-07,2024-12-12,S014,C00097,P0015,1,14800,0,14800
O003108,2024-12-07,2024-12-10,S009,C00533,P0030,2,741,0.05,1482
O003109,2024-12-07,2024-12-08,S014,C00419,P0028,1,3200,0,3200
O003110,2024-12-07,2024-12-09,S006,C00550,P0014,1,15120,0.1,15120
O003111,2024-12-07,2024-12-08,S007,C00097,P0016,1,4900,0,4900
O003112,2024-12-07,2024-12-07,S008,C00391,P0029,1,2180,0,2180
O003113,2024-12-07,2024-12-07,S014,C00345,P0003,1,51300,0.05,51300
O003114,2024-12-08,2024-12-08,S006,C00376,P0024,2,1280,0,2560
O003115,2024-12-08,2024-12-08,S013,C00577,P0022,2,6800,0,13600
O003116,2024-12-08,2024-12-08,S005,C00143,P0027,1,1580,0,1580
O003117,2024-12-08,2024-12-08,S002,C00534,P0001,1,128000,0,128000
O003118,2024-12-08,2024-12-08,S001,C00282,P0026,1,1980,0,1980
O003119,2024-12-08,2024-12-11,S004,C00359,P0021,1,5900,0,5900
O003120,2024-12-08,2024-12-09,S010,C00593,P0008,1,4900,0,4900
O003121,2024-12-08,2024-12-10,S003,C00504,P0011,1,5584,0.2,5584
O003122,2024-12-08,2024-12-08,S001,C00593,P0005,1,3200,0,3200
O003123,2024-12-08,2024-12-10,S007,C00019,P0029,1,2180,0,2180
O003124,2024-12-08,2024-12-09,S014,C00180,P0029,1,2180,0,2180
O003125,2024-12-08,2024-12-09,S002,C00190,P0011,1,6980,0,6980
O003126,2024-12-08,2024-12-10,S007,C00437,P0023,1,1980,0,1980
O003127,2024-12-08,2024-12-10,S008,C00593,P0012,2,58320,0.1,116640
O003128,2024-12-09,2024-12-11,S014,C00556,P0008,1,4900,0,4900
O003129,2024-12-09,2024-12-09,S005,C00496,P0009,1,27800,0,27800
O003130,2024-12-09,2024-12-09,S007,C00481,P0022,1,6800,0,6800
O003131,2024-12-09,2024-12-11,S008,C00378,P0028,1,3200,0,3200
O003132,2024-12-09,2024-12-10,S004,C00032,P0016,1,4900,0,4900
O003133,2024-12-09,2024-12-09,S007,C00574,P0028,10,3040,0.05,30400
O003134,2024-12-09,2024-12-11,S005,C00330,P0020,1,7505,0.05,7505
O003135,2024-12-10,2024-12-12,S005,C00169,P0001,1,128000,0,128000
O003136,2024-12-10,2024-12-10,S003,C00114,P0009,2,27800,0,55600
O003137,2024-12-10,2024-12-10,S007,C00090,P0005,1,2880,0.1,2880
O003138,2024-12-10,2024-12-11,S007,C00503,P0031,1,1380,0,1380
O003139,2024-12-10,2024-12-12,S007,C00133,P0032,1,3980,0,3980
O003140,2024-12-10,2024-12-10,S001,C00408,P0008,1,4900,0,4900
O003141,2024-12-10,2024-12-10,S007,C00439,P0007,1,32800,0,32800
O003142,2024-12-10,2024-12-10,S008,C00153,P0005,1,3200,0,3200
O003143,2024-12-10,2024-12-11,S014,C00185,P0024,2,1280,0,2560
O003144,2024-12-10,2024-12-10,S005,C00273,P0008,1,4900,0,4900
O003145,2024-12-10,2024-12-12,S003,C00033,P0027,5,1580,0,7900
O003146,2024-12-10,2024-12-11,S005,C00195,P0004,1,112000,0,112000
O003147,2024-12-10,2024-12-11,S009,C00377,P0002,1,238000,0,238000
O003148,2024-12-10,2024-12-12,S005,C00230,P0011,5,6980,0,34900
O003149,2024-12-11,2024-12-12,S001,C00557,P0023,1,1980,0,1980
O003150,2024-12-11,2024-12-13,S009,C00502,P0027,3,1580,0,4740
O003151,2024-12-11,2024-12-12,S003,C00267,P0011,1,6980,0,6980
O003152,2024-12-11,2024-12-11,S012,C00591,P0017,1,16800,0,16800
O003153,2024-12-11,2024-12-16,S001,C00533,P0007,5,32800,0,164000
O003154,2024-12-11,2024-12-14,S005,C00292,P0023,2,1980,0,3960
O003155,2024-12-11,2024-12-13,S014,C00227,P0012,2,64800,0,129600
O003156,2024-12-11,2024-12-11,S006,C00251,P0017,1,16800,0,16800
O003157,2024-12-11,2024-12-11,S005,C00087,P0005,1,3200,0,3200
O003158,2024-12-12,2024-12-12,S004,C00477,P0005,1,3040,0.05,3040
O003159,2024-12-12,2024-12-12,S009,C00495,P0003,10,48600,0.1,486000
O003160,2024-12-12,2024-12-14,S004,C00336,P0021,1,5605,0.05,5605
O003161,2024-12-12,2024-12-14,S001,C00503,P0032,1,3980,0,3980
O003162,2024-12-12,2024-12-14,S001,C00416,P0009,1,27800,0,27800
O003163,2024-12-12,2024-12-13,S009,C00207,P0018,1,5900,0,5900
O003164,2024-12-12,2024-12-13,S007,C00211,P0032,1,3582,0.1,3582
O003165,2024-12-12,2024-12-13,S011,C00287,P0008,1,4900,0,4900
O003166,2024-12-12,2024-12-13,S014,C00464,P0011,1,6980,0,6980
O003167,2024-12-12,2024-12-13,S007,C00359,P0018,1,5900,0,5900
O003168,2024-12-13,2024-12-15,S009,C00306,P0026,5,1980,0,9900
O003169,2024-12-13,2024-12-16,S008,C00021,P0031,2,1380,0,2760
O003170,2024-12-13,2024-12-14,S007,C00080,P0011,2,6282,0.1,12564
O003171,2024-12-13,2024-12-13,S012,C00313,P0031,1,1380,0,1380
O003172,2024-12-13,2024-12-14,S002,C00192,P0019,1,2980,0,2980
O003173,2024-12-13,2024-12-14,S006,C00468,P0025,1,1580,0,1580
O003174,2024-12-13,2024-12-14,S002,C00483,P0017,2,16800,0,33600
O003175,2024-12-13,2024-12-13,S014,C00527,P0030,1,780,0,780
O003176,2024-12-13,2024-12-14,S001,C00206,P0030,3,780,0,2340
O003177,2024-12-13,2024-12-16,S008,C00244,P0027,1,1580,0,1580
O003178,2024-12-14,2024-12-15,S004,C00339,P0021,1,5900,0,5900
O003179,2024-12-14,2024-12-16,S002,C00044,P0004,10,112000,0,1120000
O003180,2024-12-14,2024-12-15,S007,C00379,P0018,1,5605,0.05,5605
O003181,2024-12-14,2024-12-14,S003,C00347,P0020,1,7900,0,7900
O003182,2024-12-14,2024-12-14,S012,C00116,P0027,2,1501,0.05,3002
O003183,2024-12-14,2024-12-15,S004,C00116,P0004,10,112000,0,1120000
O003184,2024-12-14,2024-12-14,S008,C00138,P0004,2,100800,0.1,201600
O003185,2024-12-14,2024-12-16,S012,C00576,P0032,10,3184,0.2,31840
O003186,2024-12-14,2024-12-14,S014,C00477,P0010,1,26820,0.1,26820
O003187,2024-12-14,2024-12-14,S007,C00037,P0019,2,2980,0,5960
O003188,2024-12-14,2024-12-14,S008,C00283,P0001,1,128000,0,128000
O003189,2024-12-14,2024-12-14,S009,C00004,P0023,1,1980,0,1980
O003190,2024-12-14,2024-12-14,S011,C00191,P0025,2,1580,0,3160
O003191,2024-12-14,2024-12-15,S005,C00226,P0026,1,1980,0,1980
O003192,2024-12-14,2024-12-14,S009,C00137,P0032,1,3980,0,3980
O003193,2024-12-14,2024-12-16,S007,C00451,P0009,1,25020,0.1,25020
O003194,2024-12-14,2024-12-14,S009,C00516,P0010,1,29800,0,29800
O003195,2024-12-14,2024-12-19,S007,C00077,P0024,2,1024,0.2,2048
O003196,2024-12-15,2024-12-15,S007,C00001,P0018,1,5900,0,5900
O003197,2024-12-15,2024-12-15,S005,C00443,P0029,2,2071,0.05,4142
O003198,2024-12-15,2024-12-15,S010,C00028,P0012,2,64800,0,129600
O003199,2024-12-15,2024-12-15,S002,C00427,P0021,3,5900,0,17700
O003200,2024-12-15,2024-12-15,S013,C00107,P0014,1,16800,0,16800
O003201,2024-12-15,2024-12-15,S007,C00240,P0020,2,7900,0,15800
O003202,2024-12-15,2024-12-20,S003,C00227,P0026,1,1980,0,1980
O003203,2024-12-15,2024-12-16,S010,C00458,P0018,1,5900,0,5900
O003204,2024-12-15,2024-12-16,S013,C00579,P0004,1,112000,0,112000
O003205,2024-12-15,2024-12-15,S002,C00337,P0016,1,3920,0.2,3920
O003206,2024-12-15,2024-12-16,S007,C00102,P0026,2,1980,0,3960
O003207,2024-12-15,2024-12-15,S014,C00584,P0018,1,5900,0,5900
O003208,2024-12-15,2024-12-17,S001,C00576,P0006,3,11800,0,35400
O003209,2024-12-15,2024-12-15,S011,C00474,P0024,2,1280,0,2560
O003210,2024-12-16,2024-12-19,S011,C00230,P0030,10,780,0,7800
O003211,2024-12-16,2024-12-18,S001,C00368,P0018,1,5900,0,5900
O003212,2024-12-16,2024-12-18,S005,C00400,P0023,1,1881,0.05,1881
O003213,2024-12-16,2024-12-19,S014,C00253,P0001,2,115200,0.1,230400
O003214,2024-12-16,2024-12-17,S002,C00295,P0017,2,15960,0.05,31920
O003215,2024-12-16,2024-12-16,S010,C00111,P0003,1,54000,0,54000
O003216,2024-12-16,2024-12-16,S014,C00429,P0008,1,4900,0,4900
O003217,2024-12-16,2024-12-16,S007,C00223,P0023,3,1980,0,5940
O003218,2024-12-16,2024-12-18,S011,C00463,P0031,1,1380,0,1380
O003219,2024-12-16,2024-12-18,S007,C00581,P0024,1,1024,0.2,1024
O003220,2024-12-17,2024-12-20,S014,C00472,P0027,3,1580,0,4740
O003221,2024-12-17,2024-12-18,S014,C00029,P0028,1,3200,0,3200
O003222,2024-12-17,2024-12-20,S007,C00206,P0023,1,1980,0,1980
O003223,2024-12-17,2024-12-18,S010,C00398,P0018,1,5900,0,5900
O003224,2024-12-17,2024-12-17,S005,C00038,P0030,1,780,0,780
O003225,2024-12-17,2024-12-19,S014,C00273,P0007,1,32800,0,32800
O003226,2024-12-17,2024-12-18,S004,C00125,P0032,1,3980,0,3980
O003227,2024-12-17,2024-12-17,S008,C00110,P0026,1,1980,0,1980
O003228,2024-12-17,2024-12-19,S002,C00016,P0025,1,1580,0,1580
O003229,2024-12-17,2024-12-20,S008,C00020,P0032,1,3980,0,3980
O003230,2024-12-17,2024-12-19,S007,C00577,P0025,2,1580,0,3160
O003231,2024-12-17,2024-12-17,S005,C00592,P0015,1,14800,0,14800
O003232,2024-12-17,2024-12-17,S001,C00435,P0011,2,6980,0,13960
O003233,2024-12-17,2024-12-18,S007,C00280,P0010,3,29800,0,89400
O003234,2024-12-18,2024-12-23,S014,C00418,P0013,3,19800,0,59400
O003235,2024-12-18,2024-12-18,S011,C00369,P0006,1,11800,0,11800
O003236,2024-12-18,2024-12-18,S012,C00096,P0032,3,3980,0,11940
O003237,2024-12-18,2024-12-18,S001,C00547,P0005,1,3200,0,3200
O003238,2024-12-18,2024-12-19,S002,C00272,P0030,3,780,0,2340
O003239,2024-12-18,2024-12-20,S009,C00594,P0021,2,5900,0,11800
O003240,2024-12-18,2024-12-18,S002,C00174,P0028,1,3200,0,3200
O003241,2024-12-18,2024-12-19,S007,C00114,P0021,1,5900,0,5900
O003242,2024-12-18,2024-12-18,S003,C00516,P0017,2,16800,0,33600
O003243,2024-12-18,2024-12-18,S001,C00291,P0018,1,5900,0,5900
O003244,2024-12-18,2024-12-18,S014,C00327,P0013,1,15840,0.2,15840
O003245,2024-12-18,2024-12-19,S008,C00115,P0015,1,14060,0.05,14060
O003246,2024-12-18,2024-12-18,S008,C00426,P0012,2,64800,0,129600
O003247,2024-12-19,2024-12-20,S007,C00040,P0014,1,16800,0,16800
O003248,2024-12-19,2024-12-19,S002,C00106,P0027,1,1422,0.1,1422
O003249,2024-12-19,2024-12-19,S005,C00306,P0022,2,6800,0,13600
O003250,2024-12-19,2024-12-20,S004,C00459,P0029,1,2071,0.05,2071
O003251,2024-12-19,2024-12-20,S003,C00501,P0001,1,121600,0.05,121600
O003252,2024-12-19,2024-12-19,S003,C00377,P0006,2,11800,0,23600
O003253,2024-12-19,2024-12-19,S007,C00196,P0021,2,5900,0,11800
O003254,2024-12-19,2024-12-19,S005,C00541,P0023,1,1881,0.05,1881
O003255,2024-12-19,2024-12-20,S014,C00353,P0003,1,43200,0.2,43200
O003256,2024-12-20,2024-12-20,S014,C00169,P0009,1,27800,0,27800
O003257,2024-12-20,2024-12-22,S006,C00417,P0024,1,1280,0,1280
O003258,2024-12-20,2024-12-20,S007,C00555,P0018,1,5900,0,5900
O003259,2024-12-20,2024-12-22,S012,C00089,P0024,1,1280,0,1280
O003260,2024-12-20,2024-12-23,S007,C00183,P0009,1,27800,0,27800
O003261,2024-12-20,2024-12-20,S002,C00158,P0019,1,2980,0,2980
O003262,2024-12-20,2024-12-25,S007,C00026,P0016,1,4900,0,4900
O003263,2024-12-20,2024-12-21,S014,C00430,P0025,1,1580,0,1580
O003264,2024-12-20,2024-12-20,S014,C00118,P0008,1,3920,0.2,3920
O003265,2024-12-20,2024-12-23,S007,C00224,P0009,1,25020,0.1,25020
O003266,2024-12-20,2024-12-20,S001,C00320,P0021,1,4720,0.2,4720
O003267,2024-12-20,2024-12-23,S008,C00046,P0007,2,29520,0.1,59040
O003268,2024-12-20,2024-12-22,S001,C00285,P0008,1,4900,0,4900
O003269,2024-12-20,2024-12-22,S006,C00039,P0025,2,1580,0,3160
O003270,2024-12-20,2024-12-20,S001,C00278,P0012,2,64800,0,129600
O003271,2024-12-20,2024-12-21,S003,C00363,P0008,2,4900,0,9800
O003272,2024-12-20,2024-12-22,S011,C00314,P0017,2,16800,0,33600
O003273,2024-12-20,2024-12-25,S011,C00503,P0018,1,5900,0,5900
O003274,2024-12-20,2024-12-22,S010,C00268,P0019,2,2980,0,5960
O003275,2024-12-21,2024-12-24,S011,C00371,P0013,2,19800,0,39600
O003276,2024-12-21,2024-12-24,S002,C00550,P0004,1,112000,0,112000
O003277,2024-12-21,2024-12-21,S014,C00330,P0024,1,1280,0,1280
O003278,2024-12-21,2024-12-21,S001,C00521,P0025,1,1501,0.05,1501
O003279,2024-12-21,2024-12-26,S011,C00436,P0023,1,1980,0,1980
O003280,2024-12-21,2024-12-23,S002,C00552,P0031,1,1380,0,1380
O003281,2024-12-21,2024-12-21,S007,C00030,P0003,2,51300,0.05,102600
O003282,2024-12-21,2024-12-21,S007,C00160,P0031,5,1380,0,6900
O003283,2024-12-21,2024-12-22,S003,C00402,P0021,3,5900,0,17700
O003284,2024-12-21,2024-12-21,S008,C00037,P0021,1,5310,0.1,5310
O003285,2024-12-21,2024-12-21,S010,C00272,P0006,1,11800,0,11800
O003286,2024-12-21,2024-12-22,S012,C00283,P0021,2,5605,0.05,11210
O003287,2024-12-21,2024-12-22,S002,C00231,P0021,1,5900,0,5900
O003288,2024-12-21,2024-12-21,S009,C00557,P0018,2,5900,0,11800
O003289,2024-12-21,2024-12-24,S004,C00283,P0018,5,5605,0.05,28025
O003290,2024-12-21,2024-12-22,S003,C00045,P0006,1,11800,0,11800
O003291,2024-12-21,2024-12-23,S012,C00305,P0022,1,6800,0,6800
O003292,2024-12-21,2024-12-21,S007,C00105,P0023,1,1980,0,1980
O003293,2024-12-21,2024-12-21,S001,C00235,P0012,1,64800,0,64800
O003294,2024-12-21,2024-12-21,S004,C00523,P0032,1,3980,0,3980
O003295,2024-12-21,2024-12-21,S008,C00169,P0004,1,112000,0,112000
O003296,2024-12-22,2024-12-23,S002,C00516,P0031,1,1380,0,1380
O003297,2024-12-22,2024-12-24,S002,C00133,P0008,2,4900,0,9800
O003298,2024-12-22,2024-12-23,S013,C00182,P0016,1,4900,0,4900
O003299,2024-12-22,2024-12-27,S002,C00194,P0001,1,121600,0.05,121600
O003300,2024-12-22,2024-12-22,S014,C00431,P0018,1,5900,0,5900
O003301,2024-12-22,2024-12-23,S014,C00419,P0026,1,1980,0,1980
O003302,2024-12-22,2024-12-24,S013,C00027,P0018,1,5900,0,5900
O003303,2024-12-22,2024-12-24,S013,C00101,P0016,1,3920,0.2,3920
O003304,2024-12-22,2024-12-23,S001,C00297,P0004,1,112000,0,112000
O003305,2024-12-22,2024-12-23,S013,C00070,P0029,1,2180,0,2180
O003306,2024-12-22,2024-12-23,S014,C00224,P0029,1,2180,0,2180
O003307,2024-12-22,2024-12-22,S001,C00187,P0016,1,4410,0.1,4410
O003308,2024-12-22,2024-12-23,S004,C00157,P0022,5,6460,0.05,32300
O003309,2024-12-22,2024-12-24,S014,C00391,P0006,1,9440,0.2,9440
O003310,2024-12-22,2024-12-22,S014,C00449,P0031,1,1380,0,1380
O003311,2024-12-23,2024-12-23,S005,C00461,P0026,2,1980,0,3960
O003312,2024-12-23,2024-12-23,S002,C00155,P0023,5,1980,0,9900
O003313,2024-12-23,2024-12-23,S004,C00387,P0023,2,1980,0,3960
O003314,2024-12-23,2024-12-23,S014,C00174,P0022,1,6800,0,6800
O003315,2024-12-23,2024-12-23,S002,C00038,P0019,1,2980,0,2980
O003316,2024-12-23,2024-12-23,S007,C00427,P0019,1,2980,0,2980
O003317,2024-12-23,2024-12-26,S006,C00242,P0024,1,1280,0,1280
O003318,2024-12-23,2024-12-24,S001,C00065,P0032,1,3980,0,3980
O003319,2024-12-23,2024-12-25,S005,C00339,P0023,1,1980,0,1980
O003320,2024-12-24,2024-12-26,S008,C00034,P0007,1,32800,0,32800
O003321,2024-12-24,2024-12-27,S011,C00581,P0012,1,64800,0,64800
O003322,2024-12-24,2024-12-24,S001,C00411,P0031,1,1380,0,1380
O003323,2024-12-24,2024-12-24,S013,C00127,P0014,2,16800,0,33600
O003324,2024-12-24,2024-12-25,S008,C00496,P0003,1,54000,0,54000
O003325,2024-12-24,2024-12-24,S003,C00051,P0006,1,11210,0.05,11210
O003326,2024-12-24,2024-12-24,S013,C00290,P0021,1,5900,0,5900
O003327,2024-12-24,2024-12-25,S008,C00353,P0023,1,1980,0,1980
O003328,2024-12-24,2024-12-29,S005,C00546,P0006,2,10620,0.1,21240
O003329,2024-12-24,2024-12-24,S001,C00278,P0015,1,14800,0,14800
O003330,2024-12-25,2024-12-30,S007,C00293,P0025,1,1501,0.05,1501
O003331,2024-12-25,2024-12-28,S013,C00118,P0018,1,5900,0,5900
O003332,2024-12-25,2024-12-25,S014,C00257,P0021,1,5900,0,5900
O003333,2024-12-25,2024-12-26,S014,C00117,P0024,2,1216,0.05,2432
O003334,2024-12-25,2024-12-26,S011,C00573,P0015,2,14800,0,29600
O003335,2024-12-25,2024-12-25,S009,C00377,P0008,5,4900,0,24500
O003336,2024-12-25,2024-12-25,S012,C00094,P0027,2,1580,0,3160
O003337,2024-12-25,2024-12-25,S002,C00515,P0030,2,780,0,1560
O003338,2024-12-25,2024-12-25,S002,C00563,P0029,1,1962,0.1,1962
O003339,2024-12-25,2024-12-25,S011,C00264,P0026,1,1980,0,1980
O003340,2024-12-25,2024-12-26,S008,C00503,P0017,2,15960,0.05,31920
O003341,2024-12-25,2024-12-26,S013,C00482,P0029,2,2180,0,4360
O003342,2024-12-26,2024-12-26,S008,C00123,P0032,1,3980,0,3980
O003343,2024-12-26,2024-12-26,S007,C00434,P0012,2,64800,0,129600
O003344,2024-12-26,2024-12-27,S006,C00446,P0016,1,4900,0,4900
O003345,2024-12-26,2024-12-28,S001,C00233,P0016,5,4900,0,24500
O003346,2024-12-26,2024-12-27,S008,C00390,P0032,1,3980,0,3980
O003347,2024-12-26,2024-12-26,S014,C00371,P0022,1,6800,0,6800
O003348,2024-12-26,2024-12-26,S001,C00343,P0014,1,16800,0,16800
O003349,2024-12-26,2024-12-27,S001,C00223,P0002,2,238000,0,476000
O003350,2024-12-26,2024-12-29,S001,C00157,P0009,1,27800,0,27800
O003351,2024-12-26,2024-12-26,S014,C00240,P0002,1,238000,0,238000
O003352,2024-12-26,2024-12-26,S014,C00309,P0006,1,11800,0,11800
O003353,2024-12-26,2024-12-28,S001,C00185,P0012,1,64800,0,64800
O003354,2024-12-26,2024-12-28,S006,C00551,P0031,1,1380,0,1380
O003355,2024-12-27,2024-12-28,S003,C00231,P0015,2,14800,0,29600
O003356,2024-12-27,2024-12-27,S014,C00065,P0028,1,3200,0,3200
O003357,2024-12-27,2024-12-27,S001,C00208,P0003,1,54000,0,54000
O003358,2024-12-27,2024-12-28,S007,C00469,P0022,1,6800,0,6800
O003359,2024-12-27,2024-12-27,S003,C00432,P0007,1,32800,0,32800
O003360,2024-12-27,2024-12-30,S009,C00142,P0007,1,32800,0,32800
O003361,2024-12-27,2024-12-27,S013,C00595,P0016,2,4900,0,9800
O003362,2024-12-27,2024-12-30,S004,C00542,P0032,1,3980,0,3980
O003363,2024-12-27,2024-12-27,S011,C00368,P0015,1,14800,0,14800
O003364,2024-12-27,2024-12-30,S012,C00401,P0031,1,1311,0.05,1311
O003365,2024-12-27,2024-12-27,S003,C00537,P0026,5,1980,0,9900
O003366,2024-12-27,2024-12-29,S001,C00240,P0022,1,5440,0.2,5440
O003367,2024-12-27,2024-12-27,S004,C00380,P0013,1,19800,0,19800
O003368,2024-12-27,2024-12-30,S001,C00090,P0016,1,4900,0,4900
O003369,2024-12-27,2024-12-29,S014,C00548,P0027,2,1501,0.05,3002
O003370,2024-12-27,2024-12-27,S008,C00297,P0027,1,1422,0.1,1422
O003371,2024-12-28,2024-12-29,S009,C00332,P0023,2,1881,0.05,3762
O003372,2024-12-28,2024-12-28,S002,C00370,P0015,1,14800,0,14800
O003373,2024-12-28,2024-12-28,S005,C00582,P0026,1,1980,0,1980
O003374,2024-12-28,2024-12-29,S001,C00525,P0017,2,15120,0.1,30240
O003375,2024-12-28,2024-12-28,S011,C00268,P0028,3,3200,0,9600
O003376,2024-12-28,2024-12-28,S008,C00575,P0006,1,11800,0,11800
O003377,2024-12-28,2024-12-30,S002,C00489,P0030,1,780,0,780
O003378,2024-12-28,2024-12-31,S003,C00343,P0020,1,7900,0,7900
O003379,2024-12-28,2024-12-28,S012,C00283,P0005,1,3200,0,3200
O003380,2024-12-28,2024-12-28,S005,C00581,P0003,1,54000,0,54000
O003381,2024-12-28,2024-12-30,S003,C00319,P0031,1,1380,0,1380
O003382,2024-12-28,2024-12-31,S006,C00342,P0025,2,1580,0,3160
O003383,2024-12-28,2024-12-28,S014,C00419,P0013,1,19800,0,19800
O003384,2024-12-28,2024-12-29,S007,C00482,P0007,1,32800,0,32800
O003385,2024-12-28,2024-12-31,S003,C00051,P0013,1,19800,0,19800
O003386,2024-12-29,2024-12-29,S001,C00117,P0032,1,3980,0,3980
O003387,2024-12-29,2024-12-31,S013,C00399,P0032,1,3980,0,3980
O003388,2024-12-29,2024-12-30,S006,C00392,P0032,1,3980,0,3980
O003389,2024-12-29,2024-12-29,S007,C00438,P0017,2,16800,0,33600
O003390,2024-12-29,2024-12-31,S002,C00369,P0005,1,3200,0,3200
O003391,2024-12-29,2024-12-31,S010,C00146,P0004,1,112000,0,112000
O003392,2024-12-29,2024-12-29,S007,C00440,P0003,1,43200,0.2,43200
O003393,2024-12-29,2024-12-31,S003,C00507,P0030,1,780,0,780
O003394,2024-12-29,2025-01-01,S014,C00273,P0013,2,19800,0,39600
O003395,2024-12-29,2025-01-03,S001,C00231,P0022,1,6800,0,6800
O003396,2024-12-29,2024-12-29,S001,C00496,P0023,1,1980,0,1980
O003397,2024-12-29,2025-01-01,S007,C00526,P0012,1,64800,0,64800
O003398,2024-12-29,2024-12-31,S013,C00027,P0030,1,780,0,780
O003399,2024-12-29,2024-12-29,S010,C00120,P0029,3,2180,0,6540
O003400,2024-12-29,2024-12-29,S014,C00332,P0017,1,16800,0,16800
O003401,2024-12-29,2024-12-30,S012,C00411,P0024,10,1280,0,12800
O003402,2024-12-29,2024-12-29,S001,C00188,P0014,1,16800,0,16800
O003403,2024-12-29,2024-12-30,S007,C00302,P0017,1,16800,0,16800
O003404,2024-12-29,2024-12-30,S012,C00018,P0016,3,3920,0.2,11760
O003405,2024-12-29,2024-12-30,S003,C00074,P0029,1,2180,0,2180
O003406,2024-12-29,2024-12-30,S003,C00253,P0012,2,64800,0,129600
O003407,2024-12-29,2024-12-29,S003,C00369,P0012,1,64800,0,64800
O003408,2024-12-29,2024-12-29,S014,C00079,P0019,1,2980,0,2980
O003409,2024-12-30,2024-12-31,S007,C00040,P0028,5,3200,0,16000
O003410,2024-12-30,2024-12-31,S005,C00134,P0010,2,28310,0.05,56620
O003411,2024-12-30,2025-01-04,S003,C00525,P0016,2,4900,0,9800
O003412,2024-12-30,2025-01-01,S001,C00208,P0004,1,112000,0,112000
O003413,2024-12-30,2024-12-31,S014,C00011,P0018,1,5900,0,5900
O003414,2024-12-30,2024-12-30,S008,C00008,P0029,1,2071,0.05,2071
O003415,2024-12-30,2024-12-31,S002,C00376,P0028,2,2880,0.1,5760
O003416,2024-12-30,2024-12-30,S002,C00556,P0014,1,15960,0.05,15960
O003417,2024-12-30,2024-12-31,S007,C00257,P0003,1,54000,0,54000
O003418,2024-12-31,2024-12-31,S002,C00310,P0027,1,1580,0,1580
O003419,2024-12-31,2025-01-01,S001,C00453,P0021,1,5900,0,5900
O003420,2024-12-31,2025-01-01,S014,C00570,P0005,1,3200,0,3200
O003421,2024-12-31,2024-12-31,S011,C00143,P0017,1,16800,0,16800
O003422,2024-12-31,2024-12-31,S001,C00061,P0027,1,1501,0.05,1501
O003423,2024-12-31,2025-01-02,S011,C00423,P0008,2,4900,0,9800
O003424,2024-12-31,2025-01-01,S014,C00169,P0030,1,780,0,780
O003425,2024-12-31,2024-12-31,S006,C00198,P0027,1,1580,0,1580
O003426,2024-12-31,2025-01-01,S004,C00241,P0023,2,1980,0,3960
O003427,2024-12-31,2024-12-31,S014,C00463,P0016,1,4900,0,4900
O003428,2024-12-31,2025-01-05,S014,C00348,P0006,1,11800,0,11800
O003429,2024-12-31,2025-01-01,S014,C00450,P0024,1,1280,0,1280
O003430,2024-12-31,2024-12-31,S014,C00567,P0019,2,2980,0,5960
O003431,2024-12-31,2025-01-01,S007,C00542,P0002,1,238000,0,238000
O003432,2025-01-01,2025-01-02,S011,C00507,P0014,2,15120,0.1,30240
O003433,2025-01-01,2025-01-03,S014,C00487,P0003,1,48600,0.1,48600
O003434,2025-01-01,2025-01-01,S014,C00137,P0017,1,16800,0,16800
O003435,2025-01-01,2025-01-01,S001,C00248,P0019,5,2980,0,14900
O003436,2025-01-02,2025-01-02,S009,C00496,P0032,1,3980,0,3980
O003437,2025-01-02,2025-01-02,S001,C00344,P0013,2,19800,0,39600
O003438,2025-01-02,2025-01-03,S004,C00071,P0007,1,32800,0,32800
O003439,2025-01-02,2025-01-04,S003,C00265,P0032,1,3980,0,3980
O003440,2025-01-02,2025-01-03,S002,C00296,P0006,2,11800,0,23600
O003441,2025-01-02,2025-01-02,S001,C00248,P0032,2,3980,0,7960
O003442,2025-01-03,2025-01-03,S007,C00134,P0014,1,16800,0,16800
O003443,2025-01-03,2025-01-04,S014,C00548,P0020,2,7900,0,15800
O003444,2025-01-03,2025-01-03,S014,C00258,P0026,1,1980,0,1980
O003445,2025-01-03,2025-01-04,S001,C00231,P0019,1,2980,0,2980
O003446,2025-01-03,2025-01-08,S004,C00112,P0018,2,5900,0,11800
O003447,2025-01-03,2025-01-05,S013,C00236,P0013,1,19800,0,19800
O003448,2025-01-03,2025-01-03,S014,C00106,P0012,1,64800,0,64800
O003449,2025-01-03,2025-01-05,S008,C00223,P0031,2,1380,0,2760
O003450,2025-01-04,2025-01-06,S008,C00541,P0003,5,54000,0,270000
O003451,2025-01-04,2025-01-04,S013,C00127,P0026,1,1584,0.2,1584
O003452,2025-01-04,2025-01-04,S014,C00411,P0001,1,128000,0,128000
O003453,2025-01-04,2025-01-04,S007,C00155,P0011,1,6980,0,6980
O003454,2025-01-04,2025-01-09,S006,C00541,P0029,10,2071,0.05,20710
O003455,2025-01-04,2025-01-05,S001,C00258,P0015,2,14800,0,29600
O003456,2025-01-04,2025-01-04,S004,C00057,P0023,2,1980,0,3960
O003457,2025-01-04,2025-01-06,S013,C00303,P0012,1,64800,0,64800
O003458,2025-01-04,2025-01-04,S007,C00210,P0018,1,5900,0,5900
O003459,2025-01-04,2025-01-06,S007,C00242,P0009,1,27800,0,27800
O003460,2025-01-04,2025-01-06,S014,C00292,P0026,1,1980,0,1980
O003461,2025-01-04,2025-01-05,S003,C00222,P0026,3,1980,0,5940
O003462,2025-01-05,2025-01-07,S012,C00429,P0015,1,14800,0,14800
O003463,2025-01-05,2025-01-05,S001,C00021,P0021,1,5310,0.1,5310
O003464,2025-01-05,2025-01-07,S002,C00182,P0007,5,31160,0.05,155800
O003465,2025-01-05,2025-01-05,S008,C00070,P0009,2,27800,0,55600
O003466,2025-01-05,2025-01-05,S005,C00326,P0011,2,6980,0,13960
O003467,2025-01-05,2025-01-05,S014,C00183,P0029,2,2180,0,4360
O003468,2025-01-05,2025-01-07,S007,C00201,P0019,1,2682,0.1,2682
O003469,2025-01-05,2025-01-07,S007,C00303,P0014,1,15960,0.05,15960
O003470,2025-01-05,2025-01-06,S006,C00082,P0026,1,1980,0,1980
O003471,2025-01-05,2025-01-06,S006,C00226,P0010,1,29800,0,29800
O003472,2025-01-06,2025-01-06,S012,C00149,P0016,1,4900,0,4900
O003473,2025-01-06,2025-01-11,S003,C00082,P0018,1,5900,0,5900
O003474,2025-01-06,2025-01-06,S001,C00119,P0006,2,11210,0.05,22420
O003475,2025-01-06,2025-01-08,S001,C00436,P0023,1,1980,0,1980
O003476,2025-01-06,2025-01-06,S011,C00154,P0007,1,32800,0,32800
O003477,2025-01-06,2025-01-07,S002,C00029,P0007,1,32800,0,32800
O003478,2025-01-06,2025-01-07,S012,C00516,P0013,10,19800,0,198000
O003479,2025-01-07,2025-01-08,S003,C00004,P0015,2,14800,0,29600
O003480,2025-01-07,2025-01-08,S005,C00426,P0013,1,19800,0,19800
O003481,2025-01-07,2025-01-07,S008,C00044,P0007,1,31160,0.05,31160
O003482,2025-01-07,2025-01-08,S014,C00213,P0014,5,15120,0.1,75600
O003483,2025-01-07,2025-01-10,S002,C00136,P0022,2,6800,0,13600
O003484,2025-01-07,2025-01-08,S013,C00405,P0011,1,6980,0,6980
O003485,2025-01-07,2025-01-10,S005,C00384,P0023,1,1980,0,1980
O003486,2025-01-07,2025-01-08,S014,C00038,P0024,1,1280,0,1280
O003487,2025-01-08,2025-01-08,S003,C00310,P0014,3,16800,0,50400
O003488,2025-01-08,2025-01-08,S008,C00454,P0007,1,32800,0,32800
O003489,2025-01-08,2025-01-08,S011,C00134,P0024,2,1280,0,2560
O003490,2025-01-08,2025-01-08,S005,C00529,P0009,1,27800,0,27800
O003491,2025-01-08,2025-01-10,S003,C00192,P0009,2,27800,0,55600
O003492,2025-01-08,2025-01-11,S007,C00329,P0007,1,31160,0.05,31160
O003493,2025-01-08,2025-01-13,S011,C00169,P0005,1,3040,0.05,3040
O003494,2025-01-08,2025-01-09,S008,C00552,P0031,1,1380,0,1380
O003495,2025-01-09,2025-01-12,S011,C00366,P0017,3,13440,0.2,40320
O003496,2025-01-09,2025-01-10,S009,C00197,P0021,1,5900,0,5900
O003497,2025-01-09,2025-01-09,S011,C00548,P0014,2,16800,0,33600
O003498,2025-01-10,2025-01-10,S011,C00363,P0001,1,128000,0,128000
O003499,2025-01-10,2025-01-10,S005,C00361,P0007,1,32800,0,32800
O003500,2025-01-10,2025-01-15,S007,C00477,P0030,1,780,0,780
O003501,2025-01-10,2025-01-11,S009,C00032,P0005,1,3200,0,3200
O003502,2025-01-10,2025-01-11,S010,C00474,P0025,3,1580,0,4740
O003503,2025-01-10,2025-01-11,S012,C00353,P0018,1,5900,0,5900
O003504,2025-01-10,2025-01-13,S006,C00077,P0028,1,3200,0,3200
O003505,2025-01-11,2025-01-13,S002,C00316,P0025,1,1580,0,1580
O003506,2025-01-11,2025-01-11,S002,C00458,P0003,1,54000,0,54000
O003507,2025-01-11,2025-01-11,S011,C00189,P0009,1,26410,0.05,26410
O003508,2025-01-11,2025-01-12,S008,C00252,P0015,1,14060,0.05,14060
O003509,2025-01-11,2025-01-11,S011,C00121,P0013,1,19800,0,19800
O003510,2025-01-11,2025-01-11,S007,C00430,P0017,1,16800,0,16800
O003511,2025-01-11,2025-01-12,S010,C00256,P0022,1,6800,0,6800
O003512,2025-01-11,2025-01-11,S013,C00598,P0021,1,5900,0,5900
O003513,2025-01-11,2025-01-11,S008,C00013,P0031,2,1380,0,2760
O003514,2025-01-11,2025-01-11,S013,C00433,P0029,1,1744,0.2,1744
O003515,2025-01-11,2025-01-14,S009,C00492,P0032,1,3980,0,3980
O003516,2025-01-12,2025-01-12,S003,C00065,P0004,1,100800,0.1,100800
O003517,2025-01-12,2025-01-12,S005,C00540,P0013,2,19800,0,39600
O003518,2025-01-12,2025-01-13,S014,C00024,P0022,1,6800,0,6800
O003519,2025-01-12,2025-01-14,S002,C00579,P0007,2,32800,0,65600
O003520,2025-01-12,2025-01-15,S011,C00338,P0024,2,1280,0,2560
O003521,2025-01-12,2025-01-14,S014,C00437,P0005,1,3200,0,3200
O003522,2025-01-13,2025-01-16,S007,C00583,P0027,1,1580,0,1580
O003523,2025-01-13,2025-01-13,S013,C00563,P0031,1,1380,0,1380
O003524,2025-01-13,2025-01-13,S004,C00087,P0029,1,2180,0,2180
O003525,2025-01-13,2025-01-13,S007,C00094,P0021,1,5900,0,5900
O003526,2025-01-13,2025-01-18,S012,C00044,P0011,1,5584,0.2,5584
O003527,2025-01-13,2025-01-15,S013,C00076,P0026,1,1980,0,1980
O003528,2025-01-13,2025-01-13,S007,C00480,P0010,2,29800,0,59600
O003529,2025-01-13,2025-01-13,S001,C00561,P0009,2,27800,0,55600
O003530,2025-01-14,2025-01-14,S013,C00136,P0022,1,6800,0,6800
O003531,2025-01-14,2025-01-14,S009,C00022,P0002,2,238000,0,476000
O003532,2025-01-14,2025-01-14,S005,C00598,P0024,1,1280,0,1280
O003533,2025-01-14,2025-01-16,S008,C00569,P0021,1,5900,0,5900
O003534,2025-01-14,2025-01-15,S008,C00299,P0026,1,1980,0,1980
O003535,2025-01-14,2025-01-14,S011,C00163,P0019,1,2980,0,2980
O003536,2025-01-14,2025-01-15,S010,C00373,P0004,1,106400,0.05,106400
O003537,2025-01-15,2025-01-16,S004,C00371,P0020,1,7505,0.05,7505
O003538,2025-01-15,2025-01-17,S005,C00020,P0018,1,5900,0,5900
O003539,2025-01-15,2025-01-18,S005,C00231,P0016,1,4900,0,4900
O003540,2025-01-15,2025-01-16,S007,C00142,P0016,1,4900,0,4900
O003541,2025-01-15,2025-01-20,S002,C00570,P0022,1,6800,0,6800
O003542,2025-01-15,2025-01-18,S003,C00342,P0011,1,6980,0,6980
O003543,2025-01-15,2025-01-15,S013,C00308,P0028,1,3200,0,3200
O003544,2025-01-16,2025-01-21,S011,C00108,P0013,1,19800,0,19800
O003545,2025-01-16,2025-01-17,S010,C00022,P0030,1,780,0,780
O003546,2025-01-16,2025-01-16,S004,C00176,P0009,2,25020,0.1,50040
O003547,2025-01-16,2025-01-16,S002,C00475,P0022,1,6800,0,6800
O003548,2025-01-17,2025-01-18,S009,C00429,P0016,1,4410,0.1,4410
O003549,2025-01-17,2025-01-17,S014,C00258,P0030,1,780,0,780
O003550,2025-01-18,2025-01-19,S011,C00117,P0031,2,1380,0,2760
O003551,2025-01-18,2025-01-19,S001,C00456,P0017,1,16800,0,16800
O003552,2025-01-18,2025-01-19,S005,C00569,P0031,1,1380,0,1380
O003553,2025-01-18,2025-01-20,S002,C00283,P0029,2,2180,0,4360
O003554,2025-01-18,2025-01-18,S011,C00382,P0023,1,1980,0,1980
O003555,2025-01-18,2025-01-21,S004,C00112,P0022,2,6800,0,13600
O003556,2025-01-18,2025-01-19,S011,C00299,P0025,2,1580,0,3160
O003557,2025-01-18,2025-01-19,S004,C00051,P0016,3,4900,0,14700
O003558,2025-01-18,2025-01-20,S014,C00534,P0020,1,7110,0.1,7110
O003559,2025-01-18,2025-01-21,S013,C00155,P0027,1,1580,0,1580
O003560,2025-01-18,2025-01-21,S011,C00057,P0009,3,27800,0,83400
O003561,2025-01-19,2025-01-22,S007,C00130,P0001,1,128000,0,128000
O003562,2025-01-19,2025-01-19,S002,C00360,P0018,1,5900,0,5900
O003563,2025-01-19,2025-01-22,S004,C00478,P0007,1,32800,0,32800
O003564,2025-01-19,2025-01-19,S003,C00216,P0018,1,5605,0.05,5605
O003565,2025-01-19,2025-01-19,S007,C00004,P0016,2,3920,0.2,7840
O003566,2025-01-19,2025-01-20,S007,C00574,P0024,2,1280,0,2560
O003567,2025-01-19,2025-01-19,S014,C00007,P0023,1,1980,0,1980
O003568,2025-01-20,2025-01-20,S003,C00165,P0008,1,4900,0,4900
O003569,2025-01-20,2025-01-23,S014,C00594,P0021,5,5900,0,29500
O003570,2025-01-20,2025-01-20,S009,C00061,P0002,1,238000,0,238000
O003571,2025-01-20,2025-01-20,S014,C00011,P0023,1,1782,0.1,1782
O003572,2025-01-20,2025-01-21,S007,C00003,P0006,1,11800,0,11800
O003573,2025-01-20,2025-01-23,S007,C00069,P0009,1,27800,0,27800
O003574,2025-01-20,2025-01-22,S004,C00029,P0027,2,1580,0,3160
O003575,2025-01-20,2025-01-22,S003,C00035,P0032,1,3980,0,3980
O003576,2025-01-21,2025-01-22,S007,C00267,P0003,1,54000,0,54000
O003577,2025-01-21,2025-01-22,S014,C00469,P0024,1,1280,0,1280
O003578,2025-01-21,2025-01-21,S013,C00131,P0018,1,5900,0,5900
O003579,2025-01-21,2025-01-21,S007,C00378,P0002,1,238000,0,238000
O003580,2025-01-21,2025-01-26,S004,C00107,P0020,1,7900,0,7900
O003581,2025-01-21,2025-01-21,S001,C00381,P0015,1,11840,0.2,11840
O003582,2025-01-21,2025-01-21,S014,C00005,P0030,5,780,0,3900
O003583,2025-01-21,2025-01-26,S005,C00098,P0012,2,64800,0,129600
O003584,2025-01-22,2025-01-25,S011,C00530,P0017,2,15960,0.05,31920
O003585,2025-01-22,2025-01-22,S006,C00542,P0021,2,5900,0,11800
O003586,2025-01-22,2025-01-24,S014,C00343,P0021,1,5900,0,5900
O003587,2025-01-23,2025-01-25,S011,C00521,P0028,1,3200,0,3200
O003588,2025-01-23,2025-01-25,S002,C00259,P0021,1,5900,0,5900
O003589,2025-01-23,2025-01-26,S012,C00583,P0024,2,1280,0,2560
O003590,2025-01-23,2025-01-23,S001,C00564,P0003,1,48600,0.1,48600
O003591,2025-01-23,2025-01-24,S006,C00293,P0030,2,780,0,1560
O003592,2025-01-23,2025-01-24,S005,C00129,P0027,2,1501,0.05,3002
O003593,2025-01-24,2025-01-26,S002,C00297,P0019,1,2980,0,2980
O003594,2025-01-24,2025-01-25,S005,C00320,P0028,1,3200,0,3200
O003595,2025-01-24,2025-01-26,S008,C00435,P0024,1,1280,0,1280
O003596,2025-01-24,2025-01-24,S012,C00295,P0024,1,1280,0,1280
O003597,2025-01-24,2025-01-25,S011,C00090,P0001,2,121600,0.05,243200
O003598,2025-01-24,2025-01-27,S003,C00150,P0028,1,3200,0,3200
O003599,2025-01-25,2025-01-26,S014,C00068,P0003,2,54000,0,108000
O003600,2025-01-25,2025-01-27,S001,C00152,P0019,1,2980,0,2980
O003601,2025-01-25,2025-01-28,S005,C00011,P0028,1,3200,0,3200
O003602,2025-01-25,2025-01-25,S005,C00472,P0012,1,64800,0,64800
O003603,2025-01-25,2025-01-27,S014,C00418,P0015,2,14800,0,29600
O003604,2025-01-25,2025-01-26,S012,C00424,P0004,1,112000,0,112000
O003605,2025-01-25,2025-01-26,S013,C00287,P0008,1,4410,0.1,4410
O003606,2025-01-25,2025-01-25,S001,C00388,P0010,1,29800,0,29800
O003607,2025-01-25,2025-01-25,S005,C00513,P0024,3,1280,0,3840
O003608,2025-01-25,2025-01-26,S002,C00161,P0021,1,5900,0,5900
O003609,2025-01-25,2025-01-27,S007,C00058,P0021,2,5900,0,11800
O003610,2025-01-25,2025-01-26,S014,C00315,P0018,1,5900,0,5900
O003611,2025-01-25,2025-01-26,S014,C00503,P0016,2,4900,0,9800
O003612,2025-01-25,2025-01-28,S006,C00077,P0025,1,1580,0,1580
O003613,2025-01-25,2025-01-26,S008,C00206,P0016,2,4900,0,9800
O003614,2025-01-26,2025-01-26,S012,C00447,P0014,1,16800,0,16800
O003615,2025-01-26,2025-01-28,S001,C00341,P0014,2,13440,0.2,26880
O003616,2025-01-26,2025-01-26,S001,C00046,P0009,1,27800,0,27800
O003617,2025-01-26,2025-01-26,S014,C00494,P0006,1,11800,0,11800
O003618,2025-01-26,2025-01-26,S007,C00376,P0018,2,5310,0.1,10620
O003619,2025-01-26,2025-01-28,S010,C00021,P0028,1,3200,0,3200
O003620,2025-01-26,2025-01-28,S007,C00083,P0020,1,7900,0,7900
O003621,2025-01-26,2025-01-26,S014,C00506,P0004,1,112000,0,112000
O003622,2025-01-26,2025-01-29,S005,C00063,P0029,1,2071,0.05,2071
O003623,2025-01-26,2025-01-27,S001,C00384,P0011,1,6980,0,6980
O003624,2025-01-26,2025-01-26,S010,C00162,P0013,2,19800,0,39600
O003625,2025-01-26,2025-01-27,S014,C00061,P0012,1,64800,0,64800
O003626,2025-01-26,2025-01-26,S005,C00008,P0016,2,4900,0,9800
O003627,2025-01-27,2025-01-28,S014,C00496,P0021,1,5900,0,5900
O003628,2025-01-27,2025-01-29,S014,C00215,P0012,5,64800,0,324000
O003629,2025-01-27,2025-01-28,S005,C00240,P0012,1,64800,0,64800
O003630,2025-01-27,2025-01-27,S005,C00138,P0009,1,27800,0,27800
O003631,2025-01-27,2025-01-27,S002,C00165,P0020,3,6320,0.2,18960
O003632,2025-01-27,2025-01-28,S001,C00496,P0012,1,64800,0,64800
O003633,2025-01-27,2025-01-27,S007,C00561,P0020,1,7900,0,7900
O003634,2025-01-27,2025-01-29,S001,C00265,P0025,1,1501,0.05,1501
O003635,2025-01-27,2025-01-29,S003,C00467,P0018,1,5900,0,5900
O003636,2025-01-27,2025-01-27,S004,C00482,P0015,1,14800,0,14800
O003637,2025-01-27,2025-01-29,S014,C00077,P0031,1,1242,0.1,1242
O003638,2025-01-28,2025-02-02,S001,C00156,P0016,1,4900,0,4900
O003639,2025-01-28,2025-01-29,S002,C00072,P0027,2,1580,0,3160
O003640,2025-01-29,2025-01-29,S005,C00173,P0027,1,1580,0,1580
O003641,2025-01-29,2025-01-31,S007,C00006,P0004,1,112000,0,112000
O003642,2025-01-29,2025-02-01,S014,C00251,P0006,1,11800,0,11800
O003643,2025-01-29,2025-01-29,S012,C00595,P0028,1,3200,0,3200
O003644,2025-01-29,2025-01-30,S007,C00129,P0027,1,1501,0.05,1501
O003645,2025-01-29,2025-01-29,S001,C00231,P0007,1,32800,0,32800
O003646,2025-01-29,2025-01-29,S011,C00417,P0013,1,19800,0,19800
O003647,2025-01-29,2025-02-01,S005,C00026,P0031,1,1311,0.05,1311
O003648,2025-01-30,2025-02-02,S008,C00352,P0016,1,4900,0,4900
O003649,2025-01-30,2025-01-31,S006,C00213,P0019,3,2980,0,8940
O003650,2025-01-30,2025-02-02,S007,C00340,P0009,1,27800,0,27800
O003651,2025-01-30,2025-01-30,S008,C00342,P0021,1,5900,0,5900
O003652,2025-01-30,2025-02-04,S014,C00471,P0025,1,1580,0,1580
O003653,2025-01-30,2025-02-01,S011,C00356,P0021,1,5605,0.05,5605
O003654,2025-01-31,2025-01-31,S004,C00536,P0022,1,6800,0,6800
O003655,2025-01-31,2025-02-05,S011,C00068,P0015,1,14800,0,14800
O003656,2025-01-31,2025-02-05,S002,C00417,P0025,1,1580,0,1580
O003657,2025-01-31,2025-01-31,S007,C00576,P0013,1,19800,0,19800
O003658,2025-02-01,2025-02-02,S009,C00445,P0021,1,5900,0,5900
O003659,2025-02-01,2025-02-04,S002,C00182,P0018,1,5900,0,5900
O003660,2025-02-01,2025-02-01,S013,C00464,P0027,2,1580,0,3160
O003661,2025-02-01,2025-02-06,S009,C00296,P0007,1,32800,0,32800
O003662,2025-02-01,2025-02-02,S001,C00017,P0011,1,6980,0,6980
O003663,2025-02-01,2025-02-01,S003,C00114,P0028,1,3200,0,3200
O003664,2025-02-01,2025-02-02,S007,C00405,P0024,3,1280,0,3840
O003665,2025-02-01,2025-02-01,S008,C00317,P0005,1,2560,0.2,2560
O003666,2025-02-01,2025-02-01,S014,C00106,P0025,2,1580,0,3160
O003667,2025-02-02,2025-02-05,S002,C00348,P0011,1,6980,0,6980
O003668,2025-02-02,2025-02-04,S001,C00284,P0017,3,16800,0,50400
O003669,2025-02-02,2025-02-04,S008,C00169,P0010,1,29800,0,29800
O003670,2025-02-02,2025-02-02,S010,C00472,P0002,1,238000,0,238000
O003671,2025-02-02,2025-02-05,S001,C00343,P0001,1,128000,0,128000
O003672,2025-02-02,2025-02-02,S014,C00223,P0002,1,238000,0,238000
O003673,2025-02-02,2025-02-02,S007,C00212,P0016,2,4900,0,9800
O003674,2025-02-02,2025-02-02,S001,C00125,P0032,3,3980,0,11940
O003675,2025-02-02,2025-02-03,S010,C00552,P0013,1,19800,0,19800
O003676,2025-02-02,2025-02-02,S005,C00455,P0025,1,1501,0.05,1501
O003677,2025-02-03,2025-02-04,S005,C00222,P0029,1,2180,0,2180
O003678,2025-02-03,2025-02-03,S007,C00537,P0001,1,128000,0,128000
O003679,2025-02-03,2025-02-03,S009,C00181,P0005,1,2560,0.2,2560
O003680,2025-02-03,2025-02-04,S001,C00567,P0032,1,3582,0.1,3582
O003681,2025-02-03,2025-02-06,S011,C00502,P0024,1,1280,0,1280
O003682,2025-02-04,2025-02-05,S007,C00297,P0010,5,29800,0,149000
O003683,2025-02-04,2025-02-05,S003,C00350,P0006,2,11800,0,23600
O003684,2025-02-04,2025-02-05,S003,C00386,P0029,2,2180,0,4360
O003685,2025-02-04,2025-02-04,S003,C00354,P0015,2,14800,0,29600
O003686,2025-02-04,2025-02-04,S003,C00327,P0026,1,1980,0,1980
O003687,2025-02-04,2025-02-05,S002,C00080,P0018,2,5900,0,11800
O003688,2025-02-05,2025-02-06,S014,C00269,P0019,3,2831,0.05,8493
O003689,2025-02-05,2025-02-08,S007,C00281,P0032,1,3980,0,3980
O003690,2025-02-05,2025-02-05,S003,C00570,P0019,1,2980,0,2980
O003691,2025-02-05,2025-02-05,S012,C00261,P0024,1,1280,0,1280
O003692,2025-02-05,2025-02-06,S007,C00434,P0013,1,19800,0,19800
O003693,2025-02-05,2025-02-06,S003,C00206,P0015,1,14800,0,14800
O003694,2025-02-05,2025-02-05,S001,C00292,P0020,1,7900,0,7900
O003695,2025-02-05,2025-02-05,S008,C00146,P0017,1,16800,0,16800
O003696,2025-02-05,2025-02-05,S001,C00591,P0028,1,3200,0,3200
O003697,2025-02-05,2025-02-05,S014,C00216,P0012,1,64800,0,64800
O003698,2025-02-05,2025-02-05,S014,C00556,P0004,1,106400,0.05,106400
O003699,2025-02-06,2025-02-07,S014,C00161,P0030,1,780,0,780
O003700,2025-02-06,2025-02-08,S011,C00217,P0029,1,2180,0,2180
O003701,2025-02-06,2025-02-09,S002,C00071,P0004,1,112000,0,112000
O003702,2025-02-06,2025-02-08,S003,C00109,P0028,2,2880,0.1,5760
O003703,2025-02-06,2025-02-07,S014,C00026,P0009,2,27800,0,55600
O003704,2025-02-07,2025-02-07,S008,C00581,P0009,2,27800,0,55600
O003705,2025-02-07,2025-02-07,S014,C00561,P0026,1,1980,0,1980
O003706,2025-02-07,2025-02-09,S002,C00102,P0014,1,16800,0,16800
O003707,2025-02-07,2025-02-07,S011,C00353,P0029,1,2180,0,2180
O003708,2025-02-07,2025-02-10,S001,C00097,P0021,1,5900,0,5900
O003709,2025-02-08,2025-02-13,S013,C00232,P0014,1,16800,0,16800
O003710,2025-02-08,2025-02-09,S001,C00045,P0006,1,11800,0,11800
O003711,2025-02-08,2025-02-09,S013,C00199,P0015,1,14800,0,14800
O003712,2025-02-08,2025-02-10,S007,C00530,P0002,1,238000,0,238000
O003713,2025-02-08,2025-02-09,S010,C00240,P0006,2,11800,0,23600
O003714,2025-02-08,2025-02-08,S005,C00471,P0020,1,7505,0.05,7505
O003715,2025-02-08,2025-02-08,S009,C00107,P0011,3,6980,0,20940
O003716,2025-02-08,2025-02-09,S001,C00011,P0021,3,5605,0.05,16815
O003717,2025-02-09,2025-02-10,S001,C00593,P0026,1,1980,0,1980
O003718,2025-02-09,2025-02-09,S007,C00182,P0021,5,5900,0,29500
O003719,2025-02-09,2025-02-12,S001,C00148,P0026,1,1980,0,1980
O003720,2025-02-09,2025-02-10,S007,C00163,P0016,1,4900,0,4900
O003721,2025-02-09,2025-02-12,S001,C00122,P0023,1,1980,0,1980
O003722,2025-02-09,2025-02-11,S001,C00404,P0020,1,7900,0,7900
O003723,2025-02-09,2025-02-09,S014,C00584,P0002,1,226100,0.05,226100
O003724,2025-02-09,2025-02-10,S013,C00173,P0017,1,16800,0,16800
O003725,2025-02-09,2025-02-12,S002,C00126,P0013,2,19800,0,39600
O003726,2025-02-09,2025-02-09,S007,C00343,P0012,2,61560,0.05,123120
O003727,2025-02-09,2025-02-14,S001,C00035,P0032,2,3980,0,7960
O003728,2025-02-09,2025-02-10,S004,C00018,P0013,1,18810,0.05,18810
O003729,2025-02-09,2025-02-10,S001,C00465,P0019,1,2980,0,2980
O003730,2025-02-10,2025-02-11,S010,C00580,P0026,1,1881,0.05,1881
O003731,2025-02-10,2025-02-12,S009,C00366,P0017,1,15960,0.05,15960
O003732,2025-02-10,2025-02-10,S010,C00547,P0030,1,780,0,780
O003733,2025-02-10,2025-02-10,S008,C00521,P0029,1,2180,0,2180
O003734,2025-02-11,2025-02-12,S001,C00054,P0015,1,11840,0.2,11840
O003735,2025-02-11,2025-02-11,S011,C00304,P0006,2,11800,0,23600
O003736,2025-02-11,2025-02-11,S012,C00288,P0001,1,128000,0,128000
O003737,2025-02-11,2025-02-14,S001,C00085,P0020,1,7900,0,7900
O003738,2025-02-11,2025-02-12,S013,C00166,P0014,1,16800,0,16800
O003739,2025-02-11,2025-02-12,S001,C00347,P0017,2,16800,0,33600
O003740,2025-02-11,2025-02-11,S013,C00357,P0014,1,15120,0.1,15120
O003741,2025-02-12,2025-02-12,S001,C00567,P0024,1,1280,0,1280
O003742,2025-02-12,2025-02-14,S001,C00146,P0010,1,29800,0,29800
O003743,2025-02-12,2025-02-14,S002,C00189,P0017,1,16800,0,16800
O003744,2025-02-12,2025-02-17,S008,C00387,P0017,2,16800,0,33600
O003745,2025-02-12,2025-02-13,S004,C00141,P0021,1,5900,0,5900
O003746,2025-02-13,2025-02-15,S005,C00296,P0022,1,6800,0,6800
O003747,2025-02-13,2025-02-13,S012,C00301,P0010,1,29800,0,29800
O003748,2025-02-13,2025-02-13,S006,C00435,P0001,2,128000,0,256000
O003749,2025-02-13,2025-02-13,S012,C00121,P0027,2,1580,0,3160
O003750,2025-02-14,2025-02-14,S014,C00082,P0030,1,780,0,780
O003751,2025-02-14,2025-02-15,S004,C00179,P0001,2,128000,0,256000
O003752,2025-02-14,2025-02-15,S006,C00592,P0007,1,32800,0,32800
O003753,2025-02-14,2025-02-14,S005,C00370,P0025,1,1580,0,1580
O003754,2025-02-14,2025-02-14,S004,C00194,P0026,2,1980,0,3960
O003755,2025-02-15,2025-02-17,S011,C00468,P0004,10,112000,0,1120000
O003756,2025-02-15,2025-02-15,S003,C00226,P0025,1,1580,0,1580
O003757,2025-02-15,2025-02-17,S008,C00528,P0021,2,5900,0,11800
O003758,2025-02-15,2025-02-16,S001,C00591,P0011,1,6631,0.05,6631
O003759,2025-02-15,2025-02-16,S004,C00189,P0016,1,4900,0,4900
O003760,2025-02-15,2025-02-16,S014,C00488,P0024,1,1152,0.1,1152
O003761,2025-02-15,2025-02-16,S008,C00308,P0024,2,1280,0,2560
O003762,2025-02-15,2025-02-15,S014,C00206,P0004,1,112000,0,112000
O003763,2025-02-15,2025-02-20,S003,C00067,P0016,1,4900,0,4900
O003764,2025-02-15,2025-02-18,S007,C00547,P0026,1,1980,0,1980
O003765,2025-02-15,2025-02-17,S005,C00587,P0026,2,1980,0,3960
O003766,2025-02-15,2025-02-18,S005,C00564,P0008,2,4900,0,9800
O003767,2025-02-15,2025-02-16,S014,C00002,P0003,1,54000,0,54000
O003768,2025-02-16,2025-02-16,S012,C00041,P0025,1,1580,0,1580
O003769,2025-02-16,2025-02-17,S006,C00474,P0015,1,14800,0,14800
O003770,2025-02-16,2025-02-16,S012,C00059,P0014,1,16800,0,16800
O003771,2025-02-16,2025-02-16,S001,C00235,P0030,1,741,0.05,741
O003772,2025-02-16,2025-02-17,S001,C00337,P0025,2,1580,0,3160
O003773,2025-02-16,2025-02-17,S009,C00305,P0019,1,2682,0.1,2682
O003774,2025-02-16,2025-02-16,S002,C00323,P0021,1,5900,0,5900
O003775,2025-02-16,2025-02-18,S001,C00520,P0016,1,4900,0,4900
O003776,2025-02-16,2025-02-16,S014,C00316,P0001,2,128000,0,256000
O003777,2025-02-16,2025-02-19,S001,C00552,P0002,1,226100,0.05,226100
O003778,2025-02-16,2025-02-17,S002,C00494,P0004,1,112000,0,112000
O003779,2025-02-17,2025-02-18,S007,C00388,P0018,1,5900,0,5900
O003780,2025-02-17,2025-02-17,S014,C00095,P0028,1,3200,0,3200
O003781,2025-02-17,2025-02-22,S010,C00340,P0012,2,64800,0,129600
O003782,2025-02-17,2025-02-20,S007,C00541,P0003,2,54000,0,108000
O003783,2025-02-18,2025-02-21,S013,C00205,P0025,1,1580,0,1580
O003784,2025-02-18,2025-02-21,S007,C00509,P0002,1,238000,0,238000
O003785,2025-02-18,2025-02-18,S003,C00133,P0021,2,5900,0,11800
O003786,2025-02-18,2025-02-20,S014,C00013,P0008,1,4655,0.05,4655
O003787,2025-02-19,2025-02-20,S008,C00042,P0015,1,14060,0.05,14060
O003788,2025-02-19,2025-02-20,S003,C00078,P0030,1,780,0,780
O003789,2025-02-19,2025-02-20,S011,C00415,P0015,2,14800,0,29600
O003790,2025-02-19,2025-02-20,S002,C00015,P0019,2,2980,0,5960
O003791,2025-02-19,2025-02-20,S010,C00021,P0029,1,1962,0.1,1962
O003792,2025-02-19,2025-02-19,S014,C00409,P0016,2,4900,0,9800
O003793,2025-02-19,2025-02-21,S014,C00202,P0001,2,128000,0,256000
O003794,2025-02-19,2025-02-20,S012,C00259,P0004,2,112000,0,224000
O003795,2025-02-19,2025-02-20,S009,C00110,P0004,2,100800,0.1,201600
O003796,2025-02-19,2025-02-20,S014,C00221,P0021,2,5900,0,11800
O003797,2025-02-19,2025-02-21,S004,C00574,P0007,2,32800,0,65600
O003798,2025-02-20,2025-02-21,S014,C00067,P0010,2,29800,0,59600
O003799,2025-02-20,2025-02-25,S004,C00214,P0018,1,5900,0,5900
O003800,2025-02-20,2025-02-20,S007,C00009,P0008,1,4900,0,4900
O003801,2025-02-20,2025-02-22,S005,C00513,P0003,2,54000,0,108000
O003802,2025-02-20,2025-02-20,S002,C00074,P0022,1,6800,0,6800
O003803,2025-02-20,2025-02-20,S007,C00408,P0009,2,27800,0,55600
O003804,2025-02-20,2025-02-22,S007,C00172,P0026,1,1980,0,1980
O003805,2025-02-20,2025-02-22,S006,C00037,P0022,1,6800,0,6800
O003806,2025-02-20,2025-02-21,S011,C00340,P0006,1,11800,0,11800
O003807,2025-02-20,2025-02-20,S003,C00254,P0030,1,741,0.05,741
O003808,2025-02-21,2025-02-23,S004,C00517,P0002,1,238000,0,238000
O003809,2025-02-21,2025-02-24,S002,C00504,P0019,2,2980,0,5960
O003810,2025-02-21,2025-02-22,S004,C00274,P0001,1,128000,0,128000
O003811,2025-02-21,2025-02-22,S011,C00370,P0027,1,1580,0,1580
O003812,2025-02-21,2025-02-22,S003,C00273,P0006,1,11800,0,11800
O003813,2025-02-21,2025-02-21,S001,C00073,P0004,1,112000,0,112000
O003814,2025-02-21,2025-02-21,S010,C00283,P0007,2,31160,0.05,62320
O003815,2025-02-21,2025-02-21,S001,C00058,P0030,1,780,0,780
O003816,2025-02-21,2025-02-21,S012,C00411,P0030,1,780,0,780
O003817,2025-02-21,2025-02-22,S010,C00247,P0007,1,32800,0,32800
O003818,2025-02-21,2025-02-21,S001,C00572,P0031,1,1380,0,1380
O003819,2025-02-22,2025-02-22,S013,C00251,P0022,1,6800,0,6800
O003820,2025-02-22,2025-02-23,S001,C00318,P0005,2,3040,0.05,6080
O003821,2025-02-22,2025-02-23,S008,C00328,P0030,1,780,0,780
O003822,2025-02-22,2025-02-22,S003,C00099,P0007,5,32800,0,164000
O003823,2025-02-22,2025-02-23,S014,C00155,P0025,1,1580,0,1580
O003824,2025-02-22,2025-02-22,S004,C00273,P0028,1,3200,0,3200
O003825,2025-02-22,2025-02-23,S006,C00580,P0008,2,3920,0.2,7840
O003826,2025-02-22,2025-02-22,S008,C00159,P0009,2,27800,0,55600
O003827,2025-02-22,2025-02-24,S007,C00385,P0020,1,7900,0,7900
O003828,2025-02-22,2025-02-22,S006,C00146,P0029,1,2071,0.05,2071
O003829,2025-02-23,2025-02-23,S010,C00597,P0014,2,16800,0,33600
O003830,2025-02-23,2025-02-23,S005,C00556,P0016,1,4655,0.05,4655
O003831,2025-02-23,2025-02-24,S003,C00250,P0009,1,27800,0,27800
O003832,2025-02-23,2025-02-23,S003,C00182,P0012,2,64800,0,129600
O003833,2025-02-23,2025-02-25,S007,C00082,P0032,1,3980,0,3980
O003834,2025-02-23,2025-02-25,S005,C00259,P0003,2,51300,0.05,102600
O003835,2025-02-23,2025-02-24,S007,C00101,P0016,2,4900,0,9800
O003836,2025-02-24,2025-02-27,S014,C00197,P0008,1,4900,0,4900
O003837,2025-02-24,2025-02-24,S013,C00146,P0007,1,32800,0,32800
O003838,2025-02-24,2025-02-25,S003,C00369,P0009,1,25020,0.1,25020
O003839,2025-02-24,2025-02-25,S007,C00112,P0016,1,4655,0.05,4655
O003840,2025-02-24,2025-02-24,S011,C00103,P0020,1,7900,0,7900
O003841,2025-02-24,2025-02-27,S011,C00141,P0027,10,1580,0,15800
O003842,2025-02-24,2025-02-26,S011,C00584,P0029,1,1962,0.1,1962
O003843,2025-02-24,2025-03-01,S008,C00510,P0011,1,6980,0,6980
O003844,2025-02-25,2025-02-25,S005,C00158,P0019,1,2980,0,2980
O003845,2025-02-25,2025-02-26,S003,C00465,P0005,2,3200,0,6400
O003846,2025-02-25,2025-02-26,S011,C00210,P0013,1,19800,0,19800
O003847,2025-02-25,2025-02-26,S005,C00051,P0022,1,6800,0,6800
O003848,2025-02-25,2025-02-26,S014,C00600,P0016,1,4900,0,4900
O003849,2025-02-25,2025-02-28,S005,C00241,P0004,2,112000,0,224000
O003850,2025-02-25,2025-02-25,S008,C00404,P0010,1,29800,0,29800
O003851,2025-02-25,2025-02-26,S010,C00281,P0004,1,112000,0,112000
O003852,2025-02-26,2025-02-26,S003,C00522,P0012,2,58320,0.1,116640
O003853,2025-02-26,2025-02-26,S005,C00583,P0020,1,7900,0,7900
O003854,2025-02-26,2025-02-26,S003,C00540,P0017,1,16800,0,16800
O003855,2025-02-26,2025-02-28,S011,C00085,P0027,2,1580,0,3160
O003856,2025-02-26,2025-02-27,S002,C00442,P0019,1,2682,0.1,2682
O003857,2025-02-27,2025-02-27,S014,C00143,P0021,1,5900,0,5900
O003858,2025-02-27,2025-03-01,S005,C00138,P0001,1,128000,0,128000
O003859,2025-02-27,2025-02-27,S005,C00095,P0017,2,16800,0,33600
O003860,2025-02-27,2025-02-28,S003,C00410,P0026,1,1980,0,1980
O003861,2025-02-27,2025-02-28,S005,C00571,P0029,2,1962,0.1,3924
O003862,2025-02-27,2025-02-28,S008,C00430,P0032,2,3582,0.1,7164
O003863,2025-02-27,2025-02-28,S002,C00470,P0028,1,3200,0,3200
O003864,2025-02-28,2025-02-28,S005,C00359,P0027,1,1580,0,1580
O003865,2025-02-28,2025-02-28,S013,C00018,P0031,3,1104,0.2,3312
O003866,2025-02-28,2025-03-01,S014,C00464,P0031,1,1380,0,1380
O003867,2025-02-28,2025-02-28,S004,C00051,P0015,2,14800,0,29600
O003868,2025-02-28,2025-02-28,S003,C00025,P0008,2,4900,0,9800
O003869,2025-03-01,2025-03-01,S014,C00315,P0017,1,16800,0,16800
O003870,2025-03-01,2025-03-01,S007,C00135,P0006,2,11800,0,23600
O003871,2025-03-01,2025-03-02,S005,C00243,P0032,1,3980,0,3980
O003872,2025-03-01,2025-03-01,S011,C00183,P0013,1,19800,0,19800
O003873,2025-03-01,2025-03-03,S009,C00128,P0019,1,2980,0,2980
O003874,2025-03-01,2025-03-02,S007,C00396,P0005,1,3200,0,3200
O003875,2025-03-01,2025-03-02,S004,C00487,P0026,1,1881,0.05,1881
O003876,2025-03-01,2025-03-02,S011,C00308,P0004,2,112000,0,224000
O003877,2025-03-01,2025-03-01,S002,C00068,P0018,1,5900,0,5900
O003878,2025-03-01,2025-03-06,S013,C00210,P0028,1,3200,0,3200
O003879,2025-03-01,2025-03-03,S005,C00534,P0012,1,64800,0,64800
O003880,2025-03-01,2025-03-02,S002,C00589,P0016,1,4900,0,4900
O003881,2025-03-01,2025-03-01,S013,C00523,P0016,1,4900,0,4900
O003882,2025-03-01,2025-03-01,S010,C00257,P0001,5,128000,0,640000
O003883,2025-03-01,2025-03-01,S011,C00305,P0016,2,4900,0,9800
O003884,2025-03-02,2025-03-04,S014,C00247,P0019,1,2980,0,2980
O003885,2025-03-02,2025-03-07,S014,C00576,P0026,5,1881,0.05,9405
O003886,2025-03-02,2025-03-05,S011,C00185,P0014,2,16800,0,33600
O003887,2025-03-02,2025-03-04,S002,C00008,P0002,2,238000,0,476000
O003888,2025-03-02,2025-03-03,S006,C00597,P0015,1,14800,0,14800
O003889,2025-03-02,2025-03-03,S001,C00394,P0003,1,54000,0,54000
O003890,2025-03-02,2025-03-02,S001,C00155,P0001,2,128000,0,256000
O003891,2025-03-02,2025-03-03,S003,C00085,P0030,1,780,0,780
O003892,2025-03-02,2025-03-02,S004,C00468,P0018,1,5900,0,5900
O003893,2025-03-02,2025-03-03,S008,C00376,P0016,5,4655,0.05,23275
O003894,2025-03-03,2025-03-03,S014,C00276,P0027,1,1580,0,1580
O003895,2025-03-03,2025-03-03,S005,C00100,P0011,1,6980,0,6980
O003896,2025-03-03,2025-03-03,S014,C00142,P0029,1,1744,0.2,1744
O003897,2025-03-03,2025-03-08,S005,C00116,P0002,2,226100,0.05,452200
O003898,2025-03-03,2025-03-05,S005,C00434,P0023,1,1980,0,1980
O003899,2025-03-03,2025-03-03,S005,C00008,P0002,2,238000,0,476000
O003900,2025-03-03,2025-03-06,S001,C00460,P0004,1,112000,0,112000
O003901,2025-03-03,2025-03-08,S011,C00045,P0032,1,3980,0,3980
O003902,2025-03-03,2025-03-03,S004,C00187,P0010,1,29800,0,29800
O003903,2025-03-04,2025-03-05,S008,C00018,P0015,1,14800,0,14800
O003904,2025-03-04,2025-03-05,S001,C00132,P0011,1,6980,0,6980
O003905,2025-03-04,2025-03-04,S003,C00502,P0017,1,16800,0,16800
O003906,2025-03-04,2025-03-04,S002,C00145,P0007,1,26240,0.2,26240
O003907,2025-03-04,2025-03-06,S011,C00261,P0006,1,10620,0.1,10620
O003908,2025-03-05,2025-03-06,S008,C00358,P0007,2,32800,0,65600
O003909,2025-03-05,2025-03-06,S001,C00053,P0017,1,15960,0.05,15960
O003910,2025-03-05,2025-03-05,S004,C00405,P0028,1,3200,0,3200
O003911,2025-03-05,2025-03-06,S004,C00317,P0006,1,11800,0,11800
O003912,2025-03-05,2025-03-05,S011,C00023,P0029,1,2180,0,2180
O003913,2025-03-05,2025-03-08,S007,C00528,P0013,1,19800,0,19800
O003914,2025-03-05,2025-03-06,S004,C00360,P0002,1,238000,0,238000
O003915,2025-03-06,2025-03-07,S005,C00245,P0003,1,54000,0,54000
O003916,2025-03-06,2025-03-06,S004,C00552,P0007,2,32800,0,65600
O003917,2025-03-06,2025-03-06,S014,C00036,P0013,1,19800,0,19800
O003918,2025-03-06,2025-03-11,S010,C00067,P0004,2,112000,0,224000
O003919,2025-03-06,2025-03-08,S012,C00346,P0011,5,5584,0.2,27920
O003920,2025-03-06,2025-03-06,S008,C00043,P0006,10,11800,0,118000
O003921,2025-03-06,2025-03-06,S005,C00197,P0028,1,3200,0,3200
O003922,2025-03-06,2025-03-06,S007,C00016,P0024,1,1216,0.05,1216
O003923,2025-03-06,2025-03-07,S014,C00148,P0019,1,2980,0,2980
O003924,2025-03-06,2025-03-07,S007,C00495,P0014,2,16800,0,33600
O003925,2025-03-06,2025-03-07,S008,C00349,P0019,1,2980,0,2980
O003926,2025-03-07,2025-03-09,S005,C00150,P0028,2,3040,0.05,6080
O003927,2025-03-07,2025-03-07,S001,C00556,P0005,1,3200,0,3200
O003928,2025-03-07,2025-03-08,S002,C00413,P0005,1,3200,0,3200
O003929,2025-03-07,2025-03-07,S005,C00027,P0017,1,16800,0,16800
O003930,2025-03-07,2025-03-07,S006,C00204,P0003,1,54000,0,54000
O003931,2025-03-07,2025-03-08,S007,C00593,P0032,1,3980,0,3980
O003932,2025-03-07,2025-03-07,S006,C00451,P0029,5,2180,0,10900
O003933,2025-03-07,2025-03-08,S008,C00307,P0017,2,13440,0.2,26880
O003934,2025-03-07,2025-03-08,S004,C00401,P0028,1,2560,0.2,2560
O003935,2025-03-07,2025-03-08,S005,C00260,P0020,1,7900,0,7900
O003936,2025-03-07,2025-03-10,S006,C00180,P0014,3,16800,0,50400
O003937,2025-03-08,2025-03-10,S008,C00493,P0016,1,4410,0.1,4410
O003938,2025-03-08,2025-03-11,S007,C00472,P0015,1,14800,0,14800
O003939,2025-03-08,2025-03-08,S005,C00097,P0012,3,64800,0,194400
O003940,2025-03-08,2025-03-08,S008,C00142,P0011,5,6980,0,34900
O003941,2025-03-08,2025-03-11,S004,C00361,P0021,1,5900,0,5900
O003942,2025-03-08,2025-03-10,S007,C00192,P0030,3,780,0,2340
O003943,2025-03-08,2025-03-09,S009,C00135,P0023,2,1980,0,3960
O003944,2025-03-08,2025-03-11,S007,C00555,P0026,1,1980,0,1980
O003945,2025-03-08,2025-03-10,S010,C00112,P0026,2,1980,0,3960
O003946,2025-03-08,2025-03-08,S007,C00321,P0029,1,2180,0,2180
O003947,2025-03-09,2025-03-10,S011,C00392,P0015,1,14800,0,14800
O003948,2025-03-09,2025-03-10,S014,C00509,P0007,1,32800,0,32800
O003949,2025-03-09,2025-03-09,S008,C00428,P0030,1,780,0,780
O003950,2025-03-09,2025-03-10,S001,C00456,P0023,1,1980,0,1980
O003951,2025-03-09,2025-03-11,S010,C00247,P0001,1,128000,0,128000
O003952,2025-03-09,2025-03-14,S007,C00129,P0027,3,1580,0,4740
O003953,2025-03-09,2025-03-09,S006,C00443,P0030,3,780,0,2340
O003954,2025-03-09,2025-03-11,S003,C00511,P0020,10,7110,0.1,71100
O003955,2025-03-09,2025-03-09,S002,C00491,P0021,1,5605,0.05,5605
O003956,2025-03-09,2025-03-09,S002,C00310,P0015,1,14800,0,14800
O003957,2025-03-09,2025-03-09,S005,C00167,P0012,2,61560,0.05,123120
O003958,2025-03-09,2025-03-10,S008,C00267,P0029,1,1962,0.1,1962
O003959,2025-03-10,2025-03-10,S009,C00472,P0029,1,1962,0.1,1962
O003960,2025-03-10,2025-03-15,S009,C00422,P0032,1,3980,0,3980
O003961,2025-03-10,2025-03-12,S009,C00526,P0017,2,16800,0,33600
O003962,2025-03-10,2025-03-11,S008,C00527,P0025,1,1580,0,1580
O003963,2025-03-10,2025-03-11,S007,C00100,P0012,1,58320,0.1,58320
O003964,2025-03-10,2025-03-12,S006,C00357,P0003,3,54000,0,162000
O003965,2025-03-10,2025-03-11,S007,C00486,P0003,1,54000,0,54000
O003966,2025-03-10,2025-03-11,S014,C00592,P0018,1,5900,0,5900
O003967,2025-03-10,2025-03-10,S009,C00469,P0027,1,1580,0,1580
O003968,2025-03-10,2025-03-10,S007,C00488,P0013,2,19800,0,39600
O003969,2025-03-11,2025-03-12,S007,C00265,P0018,2,5900,0,11800
O003970,2025-03-11,2025-03-11,S013,C00519,P0029,2,2180,0,4360
O003971,2025-03-11,2025-03-12,S010,C00413,P0018,1,5900,0,5900
O003972,2025-03-11,2025-03-13,S003,C00146,P0003,2,54000,0,108000
O003973,2025-03-11,2025-03-13,S007,C00217,P0019,1,2980,0,2980
O003974,2025-03-11,2025-03-14,S009,C00415,P0019,1,2831,0.05,2831
O003975,2025-03-11,2025-03-11,S014,C00562,P0022,3,6800,0,20400
O003976,2025-03-11,2025-03-11,S003,C00272,P0021,1,5900,0,5900
O003977,2025-03-11,2025-03-14,S004,C00449,P0015,1,13320,0.1,13320
O003978,2025-03-12,2025-03-14,S010,C00266,P0012,2,64800,0,129600
O003979,2025-03-12,2025-03-12,S014,C00558,P0030,1,780,0,780
O003980,2025-03-12,2025-03-12,S008,C00405,P0024,1,1280,0,1280
O003981,2025-03-12,2025-03-13,S011,C00591,P0001,1,128000,0,128000
O003982,2025-03-12,2025-03-13,S005,C00408,P0002,1,214200,0.1,214200
O003983,2025-03-12,2025-03-12,S005,C00505,P0001,2,128000,0,256000
O003984,2025-03-13,2025-03-15,S014,C00427,P0003,2,54000,0,108000
O003985,2025-03-13,2025-03-13,S005,C00207,P0020,1,7900,0,7900
O003986,2025-03-13,2025-03-16,S010,C00563,P0010,2,29800,0,59600
O003987,2025-03-13,2025-03-13,S002,C00476,P0007,2,29520,0.1,59040
O003988,2025-03-13,2025-03-14,S009,C00372,P0004,1,112000,0,112000
O003989,2025-03-13,2025-03-16,S005,C00388,P0030,1,780,0,780
O003990,2025-03-13,2025-03-15,S009,C00028,P0016,1,4900,0,4900
O003991,2025-03-13,2025-03-14,S011,C00026,P0015,1,13320,0.1,13320
O003992,2025-03-13,2025-03-13,S014,C00254,P0013,1,19800,0,19800
O003993,2025-03-13,2025-03-14,S011,C00155,P0024,2,1280,0,2560
O003994,2025-03-13,2025-03-18,S011,C00484,P0010,1,26820,0.1,26820
O003995,2025-03-13,2025-03-13,S005,C00494,P0004,1,112000,0,112000
O003996,2025-03-13,2025-03-16,S001,C00379,P0003,1,54000,0,54000
O003997,2025-03-13,2025-03-13,S011,C00579,P0008,1,4410,0.1,4410
O003998,2025-03-13,2025-03-18,S014,C00223,P0001,1,128000,0,128000
O003999,2025-03-13,2025-03-16,S008,C00166,P0009,1,27800,0,27800
O004000,2025-03-14,2025-03-14,S011,C00230,P0010,2,29800,0,59600
O004001,2025-03-14,2025-03-14,S014,C00206,P0026,2,1980,0,3960
O004002,2025-03-14,2025-03-19,S014,C00100,P0024,2,1280,0,2560
O004003,2025-03-14,2025-03-14,S008,C00536,P0031,2,1311,0.05,2622
O004004,2025-03-14,2025-03-14,S005,C00548,P0031,1,1311,0.05,1311
O004005,2025-03-14,2025-03-15,S014,C00500,P0018,1,5900,0,5900
O004006,2025-03-14,2025-03-15,S004,C00475,P0023,1,1980,0,1980
O004007,2025-03-14,2025-03-14,S011,C00088,P0015,1,14800,0,14800
O004008,2025-03-15,2025-03-15,S014,C00244,P0001,2,128000,0,256000
O004009,2025-03-15,2025-03-16,S008,C00272,P0020,2,7900,0,15800
O004010,2025-03-15,2025-03-15,S007,C00490,P0021,2,5900,0,11800
O004011,2025-03-15,2025-03-17,S005,C00150,P0007,1,32800,0,32800
O004012,2025-03-15,2025-03-16,S003,C00275,P0019,2,2980,0,5960
O004013,2025-03-15,2025-03-16,S004,C00557,P0009,1,27800,0,27800
O004014,2025-03-15,2025-03-15,S009,C00505,P0007,1,32800,0,32800
O004015,2025-03-15,2025-03-18,S009,C00155,P0019,1,2831,0.05,2831
O004016,2025-03-15,2025-03-17,S001,C00350,P0012,1,64800,0,64800
O004017,2025-03-15,2025-03-16,S011,C00020,P0011,1,6980,0,6980
O004018,2025-03-15,2025-03-15,S003,C00436,P0028,5,3200,0,16000
O004019,2025-03-15,2025-03-20,S006,C00494,P0026,1,1980,0,1980
O004020,2025-03-15,2025-03-15,S014,C00500,P0004,1,112000,0,112000
O004021,2025-03-15,2025-03-16,S005,C00257,P0027,1,1580,0,1580
O004022,2025-03-16,2025-03-18,S005,C00583,P0023,1,1980,0,1980
O004023,2025-03-16,2025-03-16,S014,C00390,P0011,1,6980,0,6980
O004024,2025-03-16,2025-03-17,S007,C00243,P0029,10,1744,0.2,17440
O004025,2025-03-16,2025-03-17,S005,C00190,P0001,1,128000,0,128000
O004026,2025-03-16,2025-03-16,S011,C00376,P0011,2,5584,0.2,11168
O004027,2025-03-16,2025-03-16,S008,C00369,P0005,1,3200,0,3200
O004028,2025-03-16,2025-03-17,S012,C00097,P0025,1,1580,0,1580
O004029,2025-03-16,2025-03-16,S014,C00511,P0015,1,14800,0,14800
O004030,2025-03-16,2025-03-19,S011,C00175,P0004,2,112000,0,224000
O004031,2025-03-16,2025-03-16,S001,C00213,P0005,3,3200,0,9600
O004032,2025-03-16,2025-03-21,S001,C00438,P0003,1,54000,0,54000
O004033,2025-03-16,2025-03-16,S001,C00245,P0005,1,3200,0,3200
O004034,2025-03-17,2025-03-17,S012,C00594,P0025,1,1580,0,1580
O004035,2025-03-17,2025-03-20,S014,C00150,P0026,1,1980,0,1980
O004036,2025-03-17,2025-03-17,S001,C00355,P0010,1,29800,0,29800
O004037,2025-03-17,2025-03-17,S005,C00556,P0029,1,2180,0,2180
O004038,2025-03-17,2025-03-17,S001,C00512,P0014,3,15120,0.1,45360
O004039,2025-03-17,2025-03-18,S012,C00346,P0028,1,3200,0,3200
O004040,2025-03-17,2025-03-17,S014,C00541,P0022,1,6460,0.05,6460
O004041,2025-03-17,2025-03-17,S011,C00568,P0028,2,3200,0,6400
O004042,2025-03-17,2025-03-17,S014,C00176,P0002,1,226100,0.05,226100
O004043,2025-03-18,2025-03-21,S007,C00445,P0020,1,7900,0,7900
O004044,2025-03-18,2025-03-19,S014,C00289,P0008,1,4900,0,4900
O004045,2025-03-18,2025-03-18,S012,C00138,P0032,1,3980,0,3980
O004046,2025-03-18,2025-03-18,S014,C00082,P0006,2,11210,0.05,22420
O004047,2025-03-18,2025-03-21,S014,C00281,P0020,1,7900,0,7900
O004048,2025-03-18,2025-03-19,S014,C00015,P0009,2,27800,0,55600
O004049,2025-03-18,2025-03-19,S008,C00138,P0007,1,32800,0,32800
O004050,2025-03-19,2025-03-20,S003,C00067,P0003,2,54000,0,108000
O004051,2025-03-19,2025-03-20,S006,C00252,P0030,1,780,0,780
O004052,2025-03-19,2025-03-20,S007,C00465,P0014,1,16800,0,16800
O004053,2025-03-19,2025-03-19,S011,C00173,P0012,1,64800,0,64800
O004054,2025-03-19,2025-03-22,S003,C00545,P0030,1,780,0,780
O004055,2025-03-19,2025-03-19,S001,C00358,P0028,1,2880,0.1,2880
O004056,2025-03-19,2025-03-22,S014,C00435,P0009,1,25020,0.1,25020
O004057,2025-03-20,2025-03-20,S003,C00314,P0020,1,7900,0,7900
O004058,2025-03-20,2025-03-21,S014,C00581,P0005,1,3200,0,3200
O004059,2025-03-20,2025-03-21,S007,C00070,P0029,1,2071,0.05,2071
O004060,2025-03-20,2025-03-20,S001,C00368,P0029,1,2180,0,2180
O004061,2025-03-20,2025-03-20,S007,C00578,P0028,1,3200,0,3200
O004062,2025-03-20,2025-03-20,S009,C00132,P0026,1,1980,0,1980
O004063,2025-03-20,2025-03-21,S010,C00130,P0013,1,19800,0,19800
O004064,2025-03-20,2025-03-21,S004,C00427,P0021,1,5900,0,5900
O004065,2025-03-20,2025-03-21,S003,C00073,P0005,1,3200,0,3200
O004066,2025-03-20,2025-03-21,S009,C00524,P0006,1,11800,0,11800
O004067,2025-03-20,2025-03-21,S011,C00039,P0022,1,6800,0,6800
O004068,2025-03-20,2025-03-20,S004,C00279,P0029,1,2180,0,2180
O004069,2025-03-20,2025-03-20,S002,C00170,P0001,1,128000,0,128000
O004070,2025-03-20,2025-03-21,S014,C00297,P0014,1,16800,0,16800
O004071,2025-03-20,2025-03-23,S008,C00247,P0030,1,702,0.1,702
O004072,2025-03-20,2025-03-21,S010,C00480,P0010,2,29800,0,59600
O004073,2025-03-21,2025-03-21,S001,C00481,P0009,1,27800,0,27800
O004074,2025-03-21,2025-03-21,S003,C00502,P0022,1,6800,0,6800
O004075,2025-03-21,2025-03-22,S014,C00590,P0032,1,3980,0,3980
O004076,2025-03-21,2025-03-21,S002,C00169,P0013,3,19800,0,59400
O004077,2025-03-21,2025-03-21,S002,C00257,P0017,1,16800,0,16800
O004078,2025-03-21,2025-03-21,S005,C00446,P0011,1,6980,0,6980
O004079,2025-03-21,2025-03-22,S007,C00183,P0004,1,106400,0.05,106400
O004080,2025-03-21,2025-03-22,S005,C00226,P0012,1,64800,0,64800
O004081,2025-03-22,2025-03-22,S002,C00191,P0007,1,32800,0,32800
O004082,2025-03-22,2025-03-27,S004,C00268,P0019,5,2831,0.05,14155
O004083,2025-03-22,2025-03-27,S002,C00258,P0030,2,780,0,1560
O004084,2025-03-22,2025-03-22,S014,C00192,P0007,5,32800,0,164000
O004085,2025-03-22,2025-03-22,S007,C00226,P0022,1,6800,0,6800
O004086,2025-03-22,2025-03-22,S002,C00224,P0016,5,4900,0,24500
O004087,2025-03-22,2025-03-22,S007,C00410,P0007,1,32800,0,32800
O004088,2025-03-22,2025-03-24,S014,C00230,P0013,1,19800,0,19800
O004089,2025-03-22,2025-03-27,S011,C00049,P0028,1,3200,0,3200
O004090,2025-03-22,2025-03-22,S002,C00411,P0018,1,5900,0,5900
O004091,2025-03-22,2025-03-22,S012,C00140,P0030,3,702,0.1,2106
O004092,2025-03-22,2025-03-23,S003,C00081,P0021,1,5900,0,5900
O004093,2025-03-22,2025-03-22,S010,C00089,P0023,1,1980,0,1980
O004094,2025-03-22,2025-03-22,S006,C00237,P0028,2,3200,0,6400
O004095,2025-03-22,2025-03-22,S001,C00205,P0025,1,1580,0,1580
O004096,2025-03-22,2025-03-24,S007,C00262,P0019,1,2980,0,2980
O004097,2025-03-22,2025-03-23,S001,C00223,P0018,1,5900,0,5900
O004098,2025-03-23,2025-03-23,S011,C00452,P0016,1,4900,0,4900
O004099,2025-03-23,2025-03-26,S010,C00051,P0029,1,2180,0,2180
O004100,2025-03-23,2025-03-23,S011,C00036,P0028,2,3200,0,6400
O004101,2025-03-23,2025-03-23,S007,C00315,P0014,1,16800,0,16800
O004102,2025-03-23,2025-03-25,S005,C00402,P0031,10,1380,0,13800
O004103,2025-03-23,2025-03-26,S007,C00544,P0009,1,26410,0.05,26410
O004104,2025-03-23,2025-03-23,S008,C00198,P0001,1,128000,0,128000
O004105,2025-03-23,2025-03-23,S014,C00073,P0010,5,29800,0,149000
O004106,2025-03-23,2025-03-23,S014,C00510,P0007,1,32800,0,32800
O004107,2025-03-23,2025-03-25,S007,C00539,P0026,2,1980,0,3960
O004108,2025-03-24,2025-03-27,S008,C00396,P0031,2,1380,0,2760
O004109,2025-03-24,2025-03-26,S009,C00169,P0022,1,5440,0.2,5440
O004110,2025-03-24,2025-03-24,S014,C00486,P0003,1,54000,0,54000
O004111,2025-03-24,2025-03-27,S004,C00353,P0025,1,1580,0,1580
O004112,2025-03-24,2025-03-26,S009,C00181,P0001,1,128000,0,128000
O004113,2025-03-24,2025-03-26,S005,C00557,P0009,2,27800,0,55600
O004114,2025-03-24,2025-03-24,S001,C00072,P0032,1,3980,0,3980
O004115,2025-03-25,2025-03-25,S013,C00370,P0031,1,1380,0,1380
O004116,2025-03-25,2025-03-27,S002,C00441,P0009,1,26410,0.05,26410
O004117,2025-03-25,2025-03-26,S001,C00227,P0016,1,4900,0,4900
O004118,2025-03-25,2025-03-25,S010,C00131,P0025,1,1580,0,1580
O004119,2025-03-25,2025-03-25,S007,C00252,P0016,1,4900,0,4900
O004120,2025-03-26,2025-03-27,S007,C00325,P0012,1,64800,0,64800
O004121,2025-03-26,2025-03-26,S010,C00293,P0024,1,1216,0.05,1216
O004122,2025-03-26,2025-03-29,S011,C00171,P0017,2,16800,0,33600
O004123,2025-03-26,2025-03-26,S001,C00075,P0032,1,3582,0.1,3582
O004124,2025-03-26,2025-03-26,S011,C00492,P0011,1,6980,0,6980
O004125,2025-03-26,2025-03-26,S003,C00511,P0002,1,226100,0.05,226100
O004126,2025-03-26,2025-03-27,S014,C00034,P0013,1,19800,0,19800
O004127,2025-03-26,2025-03-26,S014,C00386,P0006,2,11800,0,23600
O004128,2025-03-26,2025-03-27,S014,C00229,P0013,1,18810,0.05,18810
O004129,2025-03-27,2025-03-30,S009,C00399,P0002,2,238000,0,476000
O004130,2025-03-27,2025-03-27,S001,C00405,P0022,1,6460,0.05,6460
O004131,2025-03-27,2025-03-28,S007,C00030,P0031,1,1380,0,1380
O004132,2025-03-27,2025-03-27,S008,C00265,P0003,1,54000,0,54000
O004133,2025-03-27,2025-03-27,S014,C00367,P0012,2,64800,0,129600
O004134,2025-03-27,2025-04-01,S012,C00493,P0023,1,1980,0,1980
O004135,2025-03-27,2025-03-27,S011,C00048,P0030,2,780,0,1560
O004136,2025-03-27,2025-03-29,S001,C00480,P0002,1,238000,0,238000
O004137,2025-03-27,2025-03-28,S004,C00255,P0028,1,2880,0.1,2880
O004138,2025-03-27,2025-03-27,S003,C00568,P0006,10,11800,0,118000
O004139,2025-03-27,2025-03-27,S013,C00319,P0032,5,3184,0.2,15920
O004140,2025-03-27,2025-03-27,S004,C00042,P0005,1,3200,0,3200
O004141,2025-03-27,2025-03-27,S003,C00372,P0026,1,1980,0,1980
O004142,2025-03-27,2025-03-27,S004,C00543,P0030,1,780,0,780
O004143,2025-03-27,2025-03-27,S002,C00290,P0006,3,11800,0,35400
O004144,2025-03-28,2025-04-02,S007,C00276,P0002,1,238000,0,238000
O004145,2025-03-28,2025-03-29,S001,C00458,P0010,1,29800,0,29800
O004146,2025-03-28,2025-03-28,S014,C00292,P0008,1,4900,0,4900
O004147,2025-03-28,2025-03-29,S009,C00420,P0025,1,1580,0,1580
O004148,2025-03-28,2025-03-29,S002,C00437,P0031,2,1380,0,2760
O004149,2025-03-28,2025-03-28,S014,C00594,P0004,1,106400,0.05,106400
O004150,2025-03-28,2025-03-29,S008,C00315,P0030,1,780,0,780
O004151,2025-03-29,2025-03-30,S002,C00449,P0006,2,11210,0.05,22420
O004152,2025-03-29,2025-03-29,S003,C00083,P0002,1,238000,0,238000
O004153,2025-03-29,2025-03-29,S001,C00519,P0018,1,5900,0,5900
O004154,2025-03-29,2025-03-30,S002,C00087,P0028,3,3200,0,9600
O004155,2025-03-29,2025-03-30,S013,C00246,P0029,5,1962,0.1,9810
O004156,2025-03-29,2025-03-30,S008,C00323,P0010,2,29800,0,59600
O004157,2025-03-29,2025-04-03,S006,C00066,P0007,10,29520,0.1,295200
O004158,2025-03-29,2025-03-30,S002,C00521,P0011,1,6980,0,6980
O004159,2025-03-29,2025-03-30,S014,C00013,P0012,1,64800,0,64800
O004160,2025-03-30,2025-03-31,S005,C00371,P0012,1,64800,0,64800
O004161,2025-03-30,2025-04-01,S005,C00211,P0015,3,14800,0,44400
O004162,2025-03-30,2025-04-04,S013,C00336,P0002,1,238000,0,238000
O004163,2025-03-30,2025-04-02,S014,C00082,P0003,1,54000,0,54000
O004164,2025-03-30,2025-04-01,S009,C00151,P0008,1,4655,0.05,4655
O004165,2025-03-30,2025-03-31,S001,C00258,P0002,5,238000,0,1190000
O004166,2025-03-30,2025-03-30,S003,C00223,P0027,1,1580,0,1580
O004167,2025-03-30,2025-03-31,S013,C00377,P0028,5,3200,0,16000
O004168,2025-03-30,2025-03-30,S009,C00336,P0009,1,27800,0,27800
O004169,2025-03-30,2025-03-31,S007,C00469,P0001,1,128000,0,128000
O004170,2025-03-30,2025-03-30,S014,C00506,P0012,2,64800,0,129600
O004171,2025-03-30,2025-03-31,S001,C00163,P0028,1,3200,0,3200
O004172,2025-03-30,2025-04-01,S009,C00079,P0007,1,32800,0,32800
O004173,2025-03-30,2025-03-31,S001,C00346,P0014,2,16800,0,33600
O004174,2025-03-30,2025-04-04,S001,C00507,P0004,1,112000,0,112000
O004175,2025-03-30,2025-04-01,S014,C00245,P0023,2,1881,0.05,3762
O004176,2025-03-31,2025-03-31,S009,C00465,P0031,1,1380,0,1380
O004177,2025-03-31,2025-04-02,S003,C00208,P0012,1,64800,0,64800
O004178,2025-03-31,2025-03-31,S013,C00256,P0029,1,2180,0,2180
O004179,2025-03-31,2025-03-31,S010,C00560,P0014,2,16800,0,33600
O004180,2025-04-01,2025-04-02,S002,C00420,P0024,1,1280,0,1280
O004181,2025-04-01,2025-04-02,S014,C00596,P0031,2,1380,0,2760
O004182,2025-04-01,2025-04-01,S006,C00277,P0026,1,1980,0,1980
O004183,2025-04-01,2025-04-01,S005,C00100,P0019,1,2980,0,2980
O004184,2025-04-01,2025-04-02,S013,C00339,P0026,1,1584,0.2,1584
O004185,2025-04-02,2025-04-05,S002,C00466,P0018,2,5605,0.05,11210
O004186,2025-04-02,2025-04-02,S006,C00446,P0016,1,4900,0,4900
O004187,2025-04-02,2025-04-02,S012,C00110,P0028,3,3200,0,9600
O004188,2025-04-02,2025-04-02,S014,C00413,P0012,2,64800,0,129600
O004189,2025-04-02,2025-04-03,S001,C00530,P0021,1,5900,0,5900
O004190,2025-04-02,2025-04-03,S012,C00130,P0004,1,112000,0,112000
O004191,2025-04-02,2025-04-04,S014,C00250,P0021,1,5900,0,5900
O004192,2025-04-02,2025-04-05,S011,C00545,P0018,1,5900,0,5900
O004193,2025-04-02,2025-04-07,S005,C00180,P0014,1,16800,0,16800
O004194,2025-04-02,2025-04-03,S014,C00079,P0020,2,7900,0,15800
O004195,2025-04-03,2025-04-03,S003,C00040,P0029,1,2180,0,2180
O004196,2025-04-03,2025-04-06,S004,C00156,P0028,1,3200,0,3200
O004197,2025-04-03,2025-04-03,S012,C00324,P0032,3,3980,0,11940
O004198,2025-04-03,2025-04-04,S011,C00535,P0010,1,28310,0.05,28310
O004199,2025-04-03,2025-04-06,S014,C00376,P0009,2,27800,0,55600
O004200,2025-04-03,2025-04-04,S009,C00324,P0031,2,1380,0,2760
O004201,2025-04-03,2025-04-03,S011,C00445,P0002,1,238000,0,238000
O004202,2025-04-04,2025-04-06,S014,C00386,P0004,1,112000,0,112000
O004203,2025-04-04,2025-04-04,S005,C00155,P0014,1,16800,0,16800
O004204,2025-04-04,2025-04-04,S002,C00536,P0021,1,5900,0,5900
O004205,2025-04-04,2025-04-04,S014,C00347,P0012,2,64800,0,129600
O004206,2025-04-04,2025-04-04,S010,C00266,P0017,1,16800,0,16800
O004207,2025-04-04,2025-04-05,S007,C00001,P0017,1,15960,0.05,15960
O004208,2025-04-04,2025-04-04,S005,C00196,P0030,2,780,0,1560
O004209,2025-04-04,2025-04-05,S003,C00425,P0016,5,4900,0,24500
O004210,2025-04-04,2025-04-06,S014,C00222,P0005,1,3200,0,3200
O004211,2025-04-05,2025-04-06,S003,C00594,P0030,1,780,0,780
O004212,2025-04-05,2025-04-05,S003,C00126,P0017,1,16800,0,16800
O004213,2025-04-05,2025-04-05,S002,C00437,P0025,1,1580,0,1580
O004214,2025-04-05,2025-04-08,S008,C00529,P0014,1,16800,0,16800
O004215,2025-04-05,2025-04-05,S007,C00276,P0009,2,27800,0,55600
O004216,2025-04-05,2025-04-08,S002,C00438,P0012,1,64800,0,64800
O004217,2025-04-05,2025-04-05,S008,C00331,P0011,2,6980,0,13960
O004218,2025-04-05,2025-04-07,S007,C00313,P0026,1,1980,0,1980
O004219,2025-04-05,2025-04-07,S011,C00209,P0010,1,29800,0,29800
O004220,2025-04-05,2025-04-06,S001,C00337,P0022,1,6800,0,6800
O004221,2025-04-06,2025-04-09,S004,C00600,P0009,2,27800,0,55600
O004222,2025-04-06,2025-04-06,S001,C00376,P0019,2,2980,0,5960
O004223,2025-04-06,2025-04-06,S007,C00517,P0028,2,3200,0,6400
O004224,2025-04-06,2025-04-06,S011,C00487,P0022,1,5440,0.2,5440
O004225,2025-04-06,2025-04-06,S001,C00146,P0017,2,16800,0,33600
O004226,2025-04-06,2025-04-06,S003,C00595,P0021,1,5900,0,5900
O004227,2025-04-06,2025-04-06,S011,C00224,P0017,2,15960,0.05,31920
O004228,2025-04-06,2025-04-06,S001,C00446,P0003,1,54000,0,54000
O004229,2025-04-06,2025-04-08,S003,C00359,P0011,1,6980,0,6980
O004230,2025-04-07,2025-04-07,S014,C00488,P0023,5,1980,0,9900
O004231,2025-04-07,2025-04-08,S002,C00172,P0027,1,1580,0,1580
O004232,2025-04-07,2025-04-10,S006,C00105,P0026,1,1980,0,1980
O004233,2025-04-07,2025-04-08,S008,C00423,P0020,1,7900,0,7900
O004234,2025-04-07,2025-04-09,S014,C00385,P0031,1,1380,0,1380
O004235,2025-04-07,2025-04-08,S001,C00230,P0007,3,32800,0,98400
O004236,2025-04-08,2025-04-13,S005,C00454,P0015,1,14800,0,14800
O004237,2025-04-08,2025-04-08,S005,C00030,P0024,1,1216,0.05,1216
O004238,2025-04-08,2025-04-08,S014,C00449,P0010,1,29800,0,29800
O004239,2025-04-08,2025-04-08,S003,C00002,P0008,1,4410,0.1,4410
O004240,2025-04-08,2025-04-09,S003,C00444,P0005,1,3200,0,3200
O004241,2025-04-08,2025-04-08,S001,C00276,P0022,1,6800,0,6800
O004242,2025-04-08,2025-04-10,S001,C00075,P0005,10,3200,0,32000
O004243,2025-04-09,2025-04-09,S011,C00003,P0007,1,32800,0,32800
O004244,2025-04-09,2025-04-11,S001,C00254,P0019,1,2980,0,2980
O004245,2025-04-09,2025-04-09,S001,C00226,P0015,2,14800,0,29600
O004246,2025-04-09,2025-04-09,S005,C00060,P0026,5,1980,0,9900
O004247,2025-04-09,2025-04-11,S001,C00569,P0007,1,29520,0.1,29520
O004248,2025-04-10,2025-04-13,S008,C00058,P0008,2,4410,0.1,8820
O004249,2025-04-10,2025-04-12,S002,C00328,P0002,1,238000,0,238000
O004250,2025-04-10,2025-04-11,S003,C00187,P0021,3,5900,0,17700
O004251,2025-04-10,2025-04-12,S002,C00128,P0010,10,29800,0,298000
O004252,2025-04-11,2025-04-11,S004,C00371,P0003,2,54000,0,108000
O004253,2025-04-11,2025-04-11,S001,C00048,P0007,1,32800,0,32800
O004254,2025-04-11,2025-04-11,S001,C00270,P0002,1,238000,0,238000
O004255,2025-04-11,2025-04-14,S014,C00026,P0019,1,2980,0,2980
O004256,2025-04-11,2025-04-12,S001,C00471,P0010,1,29800,0,29800
O004257,2025-04-12,2025-04-15,S001,C00114,P0005,1,3200,0,3200
O004258,2025-04-12,2025-04-14,S009,C00520,P0006,1,11800,0,11800
O004259,2025-04-12,2025-04-14,S007,C00215,P0018,1,5310,0.1,5310
O004260,2025-04-12,2025-04-15,S002,C00099,P0030,3,780,0,2340
O004261,2025-04-12,2025-04-12,S014,C00461,P0014,2,16800,0,33600
O004262,2025-04-12,2025-04-13,S003,C00499,P0028,1,3200,0,3200
O004263,2025-04-12,2025-04-14,S014,C00329,P0031,1,1242,0.1,1242
O004264,2025-04-12,2025-04-12,S006,C00152,P0020,1,7900,0,7900
O004265,2025-04-12,2025-04-14,S014,C00592,P0016,1,4655,0.05,4655
O004266,2025-04-12,2025-04-12,S012,C00443,P0008,1,4900,0,4900
O004267,2025-04-12,2025-04-14,S010,C00083,P0006,2,11800,0,23600
O004268,2025-04-12,2025-04-12,S003,C00431,P0003,1,54000,0,54000
O004269,2025-04-12,2025-04-12,S002,C00403,P0029,1,2180,0,2180
O004270,2025-04-12,2025-04-12,S005,C00295,P0025,1,1580,0,1580
O004271,2025-04-12,2025-04-12,S005,C00455,P0010,1,29800,0,29800
O004272,2025-04-12,2025-04-12,S003,C00536,P0010,10,29800,0,298000
O004273,2025-04-13,2025-04-18,S008,C00506,P0013,2,19800,0,39600
O004274,2025-04-13,2025-04-15,S007,C00110,P0017,3,16800,0,50400
O004275,2025-04-13,2025-04-13,S014,C00337,P0017,1,16800,0,16800
O004276,2025-04-13,2025-04-15,S011,C00313,P0010,2,28310,0.05,56620
O004277,2025-04-13,2025-04-16,S010,C00207,P0004,1,112000,0,112000
O004278,2025-04-13,2025-04-13,S011,C00037,P0003,2,54000,0,108000
O004279,2025-04-13,2025-04-13,S001,C00327,P0018,2,5900,0,11800
O004280,2025-04-13,2025-04-14,S002,C00305,P0012,1,64800,0,64800
O004281,2025-04-13,2025-04-13,S011,C00344,P0031,2,1380,0,2760
O004282,2025-04-13,2025-04-18,S014,C00383,P0030,1,780,0,780
O004283,2025-04-13,2025-04-14,S004,C00483,P0006,1,11800,0,11800
O004284,2025-04-13,2025-04-13,S011,C00533,P0025,1,1580,0,1580
O004285,2025-04-13,2025-04-14,S008,C00017,P0020,1,7900,0,7900
O004286,2025-04-14,2025-04-19,S003,C00165,P0015,1,14800,0,14800
O004287,2025-04-14,2025-04-15,S014,C00094,P0016,1,4900,0,4900
O004288,2025-04-14,2025-04-16,S007,C00150,P0031,3,1380,0,4140
O004289,2025-04-14,2025-04-16,S009,C00117,P0015,1,14800,0,14800
O004290,2025-04-14,2025-04-14,S001,C00316,P0020,1,7900,0,7900
O004291,2025-04-14,2025-04-14,S007,C00352,P0008,1,4900,0,4900
O004292,2025-04-14,2025-04-15,S013,C00491,P0013,1,17820,0.1,17820
O004293,2025-04-14,2025-04-16,S007,C00213,P0024,1,1280,0,1280
O004294,2025-04-15,2025-04-15,S002,C00344,P0025,1,1580,0,1580
O004295,2025-04-15,2025-04-17,S013,C00295,P0027,1,1422,0.1,1422
O004296,2025-04-15,2025-04-17,S001,C00390,P0031,2,1380,0,2760
O004297,2025-04-15,2025-04-17,S008,C00021,P0017,3,15120,0.1,45360
O004298,2025-04-15,2025-04-15,S006,C00323,P0029,1,2180,0,2180
O004299,2025-04-15,2025-04-16,S012,C00301,P0025,1,1580,0,1580
O004300,2025-04-15,2025-04-15,S011,C00303,P0011,1,6980,0,6980
O004301,2025-04-15,2025-04-15,S010,C00126,P0020,1,7900,0,7900
O004302,2025-04-15,2025-04-18,S003,C00481,P0022,1,6460,0.05,6460
O004303,2025-04-16,2025-04-17,S007,C00024,P0031,10,1242,0.1,12420
O004304,2025-04-16,2025-04-16,S011,C00561,P0028,1,3200,0,3200
O004305,2025-04-16,2025-04-16,S010,C00579,P0021,1,5900,0,5900
O004306,2025-04-16,2025-04-16,S003,C00458,P0005,1,3200,0,3200
O004307,2025-04-16,2025-04-17,S007,C00026,P0019,2,2980,0,5960
O004308,2025-04-16,2025-04-21,S001,C00106,P0011,3,6980,0,20940
O004309,2025-04-16,2025-04-17,S001,C00260,P0019,1,2980,0,2980
O004310,2025-04-16,2025-04-16,S005,C00554,P0026,5,1980,0,9900
O004311,2025-04-17,2025-04-19,S013,C00592,P0022,2,6460,0.05,12920
O004312,2025-04-17,2025-04-17,S007,C00259,P0030,1,780,0,780
O004313,2025-04-17,2025-04-19,S008,C00561,P0003,1,48600,0.1,48600
O004314,2025-04-17,2025-04-17,S002,C00349,P0019,1,2980,0,2980
O004315,2025-04-17,2025-04-17,S014,C00318,P0024,3,1280,0,3840
O004316,2025-04-17,2025-04-18,S010,C00356,P0003,2,54000,0,108000
O004317,2025-04-17,2025-04-19,S007,C00481,P0008,1,4655,0.05,4655
O004318,2025-04-17,2025-04-20,S005,C00544,P0020,3,7900,0,23700
O004319,2025-04-18,2025-04-18,S003,C00461,P0028,1,3040,0.05,3040
O004320,2025-04-18,2025-04-18,S002,C00580,P0031,1,1380,0,1380
O004321,2025-04-18,2025-04-19,S013,C00214,P0020,1,7900,0,7900
O004322,2025-04-18,2025-04-20,S002,C00502,P0018,1,5900,0,5900
O004323,2025-04-18,2025-04-18,S004,C00338,P0006,1,11800,0,11800
O004324,2025-04-18,2025-04-19,S001,C00005,P0011,2,6980,0,13960
O004325,2025-04-18,2025-04-20,S006,C00586,P0009,1,27800,0,27800
O004326,2025-04-19,2025-04-19,S005,C00125,P0011,1,6980,0,6980
O004327,2025-04-19,2025-04-19,S014,C00398,P0008,10,4655,0.05,46550
O004328,2025-04-19,2025-04-20,S014,C00346,P0008,1,4900,0,4900
O004329,2025-04-19,2025-04-19,S005,C00299,P0002,1,238000,0,238000
O004330,2025-04-19,2025-04-19,S004,C00092,P0004,1,112000,0,112000
O004331,2025-04-19,2025-04-19,S004,C00491,P0025,3,1580,0,4740
O004332,2025-04-19,2025-04-22,S003,C00370,P0001,1,128000,0,128000
O004333,2025-04-19,2025-04-21,S002,C00194,P0029,5,2180,0,10900
O004334,2025-04-19,2025-04-20,S003,C00530,P0012,1,64800,0,64800
O004335,2025-04-20,2025-04-20,S007,C00395,P0006,2,9440,0.2,18880
O004336,2025-04-20,2025-04-21,S003,C00042,P0027,1,1501,0.05,1501
O004337,2025-04-20,2025-04-20,S005,C00358,P0017,1,16800,0,16800
O004338,2025-04-20,2025-04-21,S006,C00015,P0025,2,1580,0,3160
O004339,2025-04-20,2025-04-20,S009,C00123,P0007,1,32800,0,32800
O004340,2025-04-20,2025-04-21,S002,C00046,P0030,2,780,0,1560
O004341,2025-04-20,2025-04-20,S002,C00545,P0020,1,6320,0.2,6320
O004342,2025-04-20,2025-04-20,S001,C00257,P0004,1,112000,0,112000
O004343,2025-04-20,2025-04-20,S012,C00158,P0029,1,1962,0.1,1962
O004344,2025-04-20,2025-04-21,S011,C00176,P0013,1,19800,0,19800
O004345,2025-04-20,2025-04-21,S001,C00061,P0012,1,64800,0,64800
O004346,2025-04-20,2025-04-20,S014,C00211,P0005,1,3200,0,3200
O004347,2025-04-20,2025-04-20,S004,C00379,P0004,1,112000,0,112000
O004348,2025-04-21,2025-04-22,S004,C00386,P0007,2,32800,0,65600
O004349,2025-04-21,2025-04-22,S009,C00060,P0028,1,3200,0,3200
O004350,2025-04-21,2025-04-23,S004,C00506,P0027,10,1501,0.05,15010
O004351,2025-04-21,2025-04-22,S001,C00554,P0005,1,3200,0,3200
O004352,2025-04-21,2025-04-22,S004,C00351,P0024,1,1280,0,1280
O004353,2025-04-21,2025-04-22,S004,C00081,P0019,1,2384,0.2,2384
O004354,2025-04-21,2025-04-21,S007,C00194,P0016,3,4900,0,14700
O004355,2025-04-21,2025-04-23,S002,C00163,P0030,1,780,0,780
O004356,2025-04-21,2025-04-22,S010,C00407,P0020,2,7900,0,15800
O004357,2025-04-21,2025-04-24,S001,C00421,P0008,1,4900,0,4900
O004358,2025-04-21,2025-04-22,S001,C00421,P0003,1,54000,0,54000
O004359,2025-04-22,2025-04-22,S008,C00469,P0014,2,16800,0,33600
O004360,2025-04-22,2025-04-22,S010,C00191,P0011,2,6980,0,13960
O004361,2025-04-22,2025-04-25,S012,C00311,P0028,1,3200,0,3200
O004362,2025-04-22,2025-04-24,S008,C00092,P0025,1,1580,0,1580
O004363,2025-04-22,2025-04-22,S014,C00203,P0003,1,48600,0.1,48600
O004364,2025-04-22,2025-04-25,S014,C00305,P0022,1,6800,0,6800
O004365,2025-04-22,2025-04-22,S007,C00550,P0021,1,5900,0,5900
O004366,2025-04-22,2025-04-24,S007,C00025,P0001,2,128000,0,256000
O004367,2025-04-23,2025-04-24,S006,C00149,P0022,1,6800,0,6800
O004368,2025-04-23,2025-04-23,S003,C00066,P0007,1,32800,0,32800
O004369,2025-04-23,2025-04-24,S001,C00132,P0003,1,51300,0.05,51300
O004370,2025-04-23,2025-04-25,S011,C00554,P0026,1,1881,0.05,1881
O004371,2025-04-23,2025-04-23,S008,C00134,P0013,2,19800,0,39600
O004372,2025-04-23,2025-04-24,S013,C00169,P0016,1,4900,0,4900
O004373,2025-04-23,2025-04-25,S014,C00434,P0003,1,54000,0,54000
O004374,2025-04-24,2025-04-25,S009,C00408,P0002,1,238000,0,238000
O004375,2025-04-24,2025-04-24,S007,C00284,P0016,2,4410,0.1,8820
O004376,2025-04-24,2025-04-27,S002,C00226,P0011,1,6980,0,6980
O004377,2025-04-24,2025-04-24,S011,C00387,P0002,1,238000,0,238000
O004378,2025-04-25,2025-04-27,S004,C00270,P0020,1,7900,0,7900
O004379,2025-04-25,2025-04-25,S008,C00090,P0003,3,54000,0,162000
O004380,2025-04-25,2025-04-25,S011,C00507,P0028,1,3040,0.05,3040
O004381,2025-04-25,2025-04-25,S007,C00582,P0026,1,1980,0,1980
O004382,2025-04-25,2025-04-26,S008,C00338,P0008,1,4900,0,4900
O004383,2025-04-25,2025-04-25,S001,C00598,P0031,1,1380,0,1380
O004384,2025-04-25,2025-04-26,S002,C00518,P0004,1,112000,0,112000
O004385,2025-04-25,2025-04-26,S005,C00297,P0007,2,32800,0,65600
O004386,2025-04-25,2025-04-25,S012,C00081,P0022,1,6800,0,6800
O004387,2025-04-25,2025-04-25,S004,C00245,P0009,1,27800,0,27800
O004388,2025-04-25,2025-04-25,S008,C00294,P0015,2,14800,0,29600
O004389,2025-04-26,2025-04-28,S003,C00146,P0017,1,16800,0,16800
O004390,2025-04-26,2025-04-27,S008,C00190,P0020,3,7900,0,23700
O004391,2025-04-26,2025-04-27,S008,C00460,P0005,2,3200,0,6400
O004392,2025-04-26,2025-04-27,S009,C00106,P0020,5,7900,0,39500
O004393,2025-04-26,2025-04-27,S006,C00293,P0029,1,2180,0,2180
O004394,2025-04-26,2025-04-27,S013,C00157,P0011,1,6980,0,6980
O004395,2025-04-26,2025-04-26,S002,C00109,P0004,1,106400,0.05,106400
O004396,2025-04-26,2025-04-26,S009,C00575,P0026,1,1980,0,1980
O004397,2025-04-26,2025-04-27,S004,C00339,P0009,1,27800,0,27800
O004398,2025-04-26,2025-04-28,S007,C00037,P0032,1,3980,0,3980
O004399,2025-04-26,2025-04-26,S011,C00024,P0021,2,5900,0,11800
O004400,2025-04-26,2025-04-27,S009,C00135,P0017,1,13440,0.2,13440
O004401,2025-04-26,2025-04-29,S002,C00335,P0001,1,128000,0,128000
O004402,2025-04-26,2025-04-26,S003,C00577,P0018,1,5900,0,5900
O004403,2025-04-26,2025-04-26,S011,C00541,P0002,1,238000,0,238000
O004404,2025-04-27,2025-04-30,S005,C00351,P0031,1,1242,0.1,1242
O004405,2025-04-27,2025-04-30,S008,C00021,P0005,1,3040,0.05,3040
O004406,2025-04-27,2025-04-27,S010,C00253,P0018,1,5900,0,5900
O004407,2025-04-27,2025-04-28,S008,C00223,P0016,2,4900,0,9800
O004408,2025-04-27,2025-04-28,S005,C00586,P0024,2,1024,0.2,2048
O004409,2025-04-27,2025-04-28,S010,C00504,P0011,1,6980,0,6980
O004410,2025-04-27,2025-04-27,S009,C00399,P0003,1,54000,0,54000
O004411,2025-04-27,2025-04-28,S012,C00545,P0003,1,54000,0,54000
O004412,2025-04-27,2025-04-27,S004,C00478,P0016,1,4900,0,4900
O004413,2025-04-27,2025-04-28,S008,C00516,P0021,2,5900,0,11800
O004414,2025-04-27,2025-04-29,S003,C00139,P0008,1,4900,0,4900
O004415,2025-04-27,2025-04-27,S002,C00188,P0012,5,64800,0,324000
O004416,2025-04-27,2025-04-28,S006,C00293,P0011,1,6980,0,6980
O004417,2025-04-27,2025-04-29,S003,C00298,P0003,1,54000,0,54000
O004418,2025-04-28,2025-04-28,S014,C00130,P0018,1,5900,0,5900
O004419,2025-04-28,2025-04-28,S007,C00130,P0025,2,1580,0,3160
O004420,2025-04-28,2025-04-29,S001,C00120,P0016,2,4900,0,9800
O004421,2025-04-28,2025-04-29,S011,C00057,P0022,5,6800,0,34000
O004422,2025-04-28,2025-04-30,S004,C00378,P0004,1,112000,0,112000
O004423,2025-04-28,2025-05-01,S005,C00429,P0011,1,6631,0.05,6631
O004424,2025-04-28,2025-04-29,S007,C00320,P0004,1,112000,0,112000
O004425,2025-04-28,2025-04-29,S003,C00561,P0023,1,1980,0,1980
O004426,2025-04-28,2025-04-28,S003,C00533,P0003,1,54000,0,54000
O004427,2025-04-28,2025-04-30,S007,C00097,P0023,1,1980,0,1980
O004428,2025-04-29,2025-04-30,S013,C00485,P0009,1,26410,0.05,26410
O004429,2025-04-29,2025-04-30,S008,C00112,P0020,2,7900,0,15800
O004430,2025-04-29,2025-04-29,S014,C00357,P0012,1,64800,0,64800
O004431,2025-04-29,2025-04-30,S003,C00299,P0024,1,1280,0,1280
O004432,2025-04-29,2025-05-01,S001,C00409,P0015,1,14800,0,14800
O004433,2025-04-29,2025-04-29,S009,C00232,P0032,1,3980,0,3980
O004434,2025-04-29,2025-05-04,S007,C00430,P0011,1,6980,0,6980
O004435,2025-04-30,2025-05-03,S005,C00570,P0001,1,121600,0.05,121600
O004436,2025-04-30,2025-05-01,S009,C00307,P0009,1,27800,0,27800
O004437,2025-04-30,2025-04-30,S005,C00021,P0007,1,32800,0,32800
O004438,2025-04-30,2025-05-03,S001,C00326,P0012,1,58320,0.1,58320
O004439,2025-04-30,2025-04-30,S010,C00105,P0028,1,3040,0.05,3040
O004440,2025-04-30,2025-05-01,S007,C00294,P0021,1,5900,0,5900
O004441,2025-04-30,2025-04-30,S003,C00264,P0032,1,3980,0,3980
O004442,2025-04-30,2025-04-30,S014,C00110,P0004,1,112000,0,112000
O004443,2025-05-01,2025-05-06,S009,C00437,P0004,2,112000,0,224000
O004444,2025-05-01,2025-05-04,S002,C00257,P0002,1,238000,0,238000
O004445,2025-05-01,2025-05-01,S012,C00376,P0002,1,238000,0,238000
O004446,2025-05-01,2025-05-01,S002,C00375,P0025,1,1580,0,1580
O004447,2025-05-01,2025-05-02,S001,C00052,P0027,1,1580,0,1580
O004448,2025-05-01,2025-05-03,S008,C00063,P0023,2,1881,0.05,3762
O004449,2025-05-01,2025-05-01,S013,C00119,P0010,1,29800,0,29800
O004450,2025-05-01,2025-05-02,S002,C00234,P0021,10,5310,0.1,53100
O004451,2025-05-02,2025-05-03,S010,C00385,P0015,3,11840,0.2,35520
O004452,2025-05-02,2025-05-02,S001,C00187,P0023,2,1782,0.1,3564
O004453,2025-05-02,2025-05-07,S007,C00420,P0025,1,1580,0,1580
O004454,2025-05-02,2025-05-02,S007,C00131,P0030,1,780,0,780
O004455,2025-05-02,2025-05-02,S014,C00498,P0022,1,6800,0,6800
O004456,2025-05-02,2025-05-03,S007,C00457,P0029,1,2180,0,2180
O004457,2025-05-02,2025-05-05,S011,C00238,P0030,1,780,0,780
O004458,2025-05-02,2025-05-02,S009,C00331,P0032,1,3980,0,3980
O004459,2025-05-02,2025-05-02,S009,C00520,P0019,1,2980,0,2980
O004460,2025-05-03,2025-05-06,S012,C00486,P0012,1,64800,0,64800
O004461,2025-05-03,2025-05-03,S012,C00001,P0002,1,238000,0,238000
O004462,2025-05-03,2025-05-05,S011,C00214,P0024,1,1280,0,1280
O004463,2025-05-03,2025-05-03,S001,C00533,P0028,2,3200,0,6400
O004464,2025-05-03,2025-05-04,S004,C00399,P0026,1,1782,0.1,1782
O004465,2025-05-03,2025-05-03,S003,C00121,P0019,2,2980,0,5960
O004466,2025-05-03,2025-05-03,S007,C00500,P0008,1,4900,0,4900
O004467,2025-05-03,2025-05-04,S009,C00009,P0003,1,54000,0,54000
O004468,2025-05-03,2025-05-03,S014,C00512,P0003,2,54000,0,108000
O004469,2025-05-03,2025-05-04,S009,C00088,P0011,2,6980,0,13960
O004470,2025-05-03,2025-05-04,S001,C00128,P0015,1,14800,0,14800
O004471,2025-05-03,2025-05-03,S012,C00398,P0003,1,54000,0,54000
O004472,2025-05-03,2025-05-05,S001,C00248,P0018,1,5900,0,5900
O004473,2025-05-03,2025-05-05,S012,C00387,P0010,1,28310,0.05,28310
O004474,2025-05-03,2025-05-04,S009,C00104,P0012,1,64800,0,64800
O004475,2025-05-04,2025-05-04,S009,C00119,P0010,1,29800,0,29800
O004476,2025-05-04,2025-05-05,S004,C00183,P0031,1,1380,0,1380
O004477,2025-05-04,2025-05-07,S002,C00414,P0028,1,3040,0.05,3040
O004478,2025-05-04,2025-05-04,S002,C00319,P0020,1,7900,0,7900
O004479,2025-05-04,2025-05-04,S010,C00188,P0017,1,16800,0,16800
O004480,2025-05-04,2025-05-04,S011,C00493,P0031,1,1380,0,1380
O004481,2025-05-04,2025-05-05,S003,C00467,P0001,1,128000,0,128000
O004482,2025-05-04,2025-05-04,S001,C00251,P0026,1,1980,0,1980
O004483,2025-05-04,2025-05-05,S014,C00173,P0001,1,128000,0,128000
O004484,2025-05-04,2025-05-04,S003,C00038,P0028,1,3200,0,3200
O004485,2025-05-04,2025-05-09,S007,C00038,P0008,2,4900,0,9800
O004486,2025-05-04,2025-05-04,S008,C00353,P0004,1,112000,0,112000
O004487,2025-05-05,2025-05-06,S005,C00297,P0028,1,3200,0,3200
O004488,2025-05-05,2025-05-06,S002,C00045,P0010,1,29800,0,29800
O004489,2025-05-05,2025-05-05,S007,C00184,P0022,1,6460,0.05,6460
O004490,2025-05-05,2025-05-05,S011,C00043,P0003,2,54000,0,108000
O004491,2025-05-05,2025-05-08,S003,C00445,P0023,2,1980,0,3960
O004492,2025-05-05,2025-05-05,S003,C00171,P0008,1,4900,0,4900
O004493,2025-05-05,2025-05-07,S002,C00168,P0022,5,6460,0.05,32300
O004494,2025-05-05,2025-05-05,S004,C00359,P0017,2,13440,0.2,26880
O004495,2025-05-05,2025-05-05,S005,C00088,P0020,1,7900,0,7900
O004496,2025-05-06,2025-05-06,S005,C00216,P0015,1,14800,0,14800
O004497,2025-05-06,2025-05-06,S006,C00351,P0019,1,2831,0.05,2831
O004498,2025-05-06,2025-05-09,S003,C00430,P0021,1,5900,0,5900
O004499,2025-05-06,2025-05-07,S008,C00589,P0009,1,27800,0,27800
O004500,2025-05-06,2025-05-07,S001,C00015,P0022,1,6800,0,6800
O004501,2025-05-06,2025-05-06,S014,C00436,P0029,2,2180,0,4360
O004502,2025-05-06,2025-05-07,S004,C00505,P0027,2,1580,0,3160
O004503,2025-05-06,2025-05-07,S013,C00020,P0016,1,4900,0,4900
O004504,2025-05-07,2025-05-07,S003,C00266,P0028,1,3200,0,3200
O004505,2025-05-07,2025-05-08,S014,C00455,P0009,1,27800,0,27800
O004506,2025-05-07,2025-05-08,S006,C00435,P0029,1,1962,0.1,1962
O004507,2025-05-07,2025-05-08,S003,C00466,P0031,2,1380,0,2760
O004508,2025-05-07,2025-05-08,S014,C00409,P0025,1,1580,0,1580
O004509,2025-05-07,2025-05-10,S011,C00314,P0017,2,16800,0,33600
O004510,2025-05-07,2025-05-07,S001,C00428,P0024,1,1280,0,1280
O004511,2025-05-07,2025-05-08,S004,C00100,P0019,2,2980,0,5960
O004512,2025-05-07,2025-05-07,S013,C00587,P0025,1,1580,0,1580
O004513,2025-05-07,2025-05-08,S014,C00156,P0005,1,3200,0,3200
O004514,2025-05-08,2025-05-11,S004,C00379,P0002,2,238000,0,476000
O004515,2025-05-08,2025-05-09,S002,C00384,P0014,10,16800,0,168000
O004516,2025-05-08,2025-05-09,S006,C00332,P0013,1,19800,0,19800
O004517,2025-05-08,2025-05-08,S010,C00593,P0023,1,1980,0,1980
O004518,2025-05-08,2025-05-09,S014,C00033,P0009,2,27800,0,55600
O004519,2025-05-08,2025-05-10,S014,C00242,P0007,1,31160,0.05,31160
O004520,2025-05-08,2025-05-09,S012,C00353,P0018,1,5310,0.1,5310
O004521,2025-05-09,2025-05-09,S003,C00018,P0015,1,13320,0.1,13320
O004522,2025-05-09,2025-05-12,S002,C00192,P0010,1,29800,0,29800
O004523,2025-05-09,2025-05-11,S005,C00383,P0003,1,54000,0,54000
O004524,2025-05-09,2025-05-09,S012,C00034,P0016,2,4900,0,9800
O004525,2025-05-09,2025-05-12,S002,C00164,P0007,1,29520,0.1,29520
O004526,2025-05-09,2025-05-09,S004,C00515,P0004,1,112000,0,112000
O004527,2025-05-09,2025-05-09,S007,C00090,P0022,2,6800,0,13600
O004528,2025-05-09,2025-05-14,S005,C00566,P0021,1,5900,0,5900
O004529,2025-05-09,2025-05-10,S007,C00026,P0024,1,1280,0,1280
O004530,2025-05-09,2025-05-09,S014,C00066,P0017,1,16800,0,16800
O004531,2025-05-09,2025-05-09,S013,C00263,P0026,1,1980,0,1980
O004532,2025-05-09,2025-05-10,S014,C00218,P0010,1,23840,0.2,23840
O004533,2025-05-10,2025-05-12,S014,C00139,P0023,1,1980,0,1980
O004534,2025-05-10,2025-05-11,S014,C00337,P0010,2,23840,0.2,47680
O004535,2025-05-10,2025-05-11,S002,C00425,P0032,1,3980,0,3980
O004536,2025-05-10,2025-05-11,S008,C00210,P0018,1,5605,0.05,5605
O004537,2025-05-10,2025-05-10,S010,C00534,P0030,1,741,0.05,741
O004538,2025-05-10,2025-05-12,S007,C00551,P0029,2,2180,0,4360
O004539,2025-05-10,2025-05-10,S003,C00523,P0012,1,64800,0,64800
O004540,2025-05-10,2025-05-15,S012,C00349,P0032,1,3980,0,3980
O004541,2025-05-10,2025-05-11,S012,C00212,P0032,2,3980,0,7960
O004542,2025-05-10,2025-05-10,S002,C00563,P0002,1,238000,0,238000
O004543,2025-05-10,2025-05-10,S005,C00186,P0009,1,25020,0.1,25020
O004544,2025-05-10,2025-05-10,S010,C00170,P0004,1,112000,0,112000
O004545,2025-05-10,2025-05-10,S001,C00430,P0006,1,11800,0,11800
O004546,2025-05-10,2025-05-12,S011,C00593,P0023,1,1980,0,1980
O004547,2025-05-11,2025-05-13,S012,C00248,P0027,1,1580,0,1580
O004548,2025-05-11,2025-05-12,S003,C00440,P0016,2,4900,0,9800
O004549,2025-05-11,2025-05-12,S001,C00054,P0026,1,1980,0,1980
O004550,2025-05-11,2025-05-11,S014,C00059,P0025,1,1580,0,1580
O004551,2025-05-11,2025-05-12,S008,C00574,P0002,1,238000,0,238000
O004552,2025-05-11,2025-05-11,S009,C00126,P0003,3,54000,0,162000
O004553,2025-05-11,2025-05-11,S001,C00261,P0031,2,1380,0,2760
O004554,2025-05-11,2025-05-13,S002,C00456,P0012,1,61560,0.05,61560
O004555,2025-05-11,2025-05-11,S011,C00062,P0019,10,2980,0,29800
O004556,2025-05-11,2025-05-14,S014,C00002,P0002,1,238000,0,238000
O004557,2025-05-11,2025-05-12,S014,C00480,P0030,1,780,0,780
O004558,2025-05-11,2025-05-12,S009,C00440,P0031,2,1380,0,2760
O004559,2025-05-12,2025-05-14,S010,C00213,P0013,1,19800,0,19800
O004560,2025-05-12,2025-05-13,S014,C00488,P0016,2,4900,0,9800
O004561,2025-05-12,2025-05-12,S012,C00591,P0005,1,3200,0,3200
O004562,2025-05-12,2025-05-13,S002,C00451,P0005,1,3200,0,3200
O004563,2025-05-12,2025-05-13,S001,C00244,P0024,2,1280,0,2560
O004564,2025-05-12,2025-05-13,S002,C00299,P0030,3,702,0.1,2106
O004565,2025-05-12,2025-05-12,S012,C00419,P0018,1,4720,0.2,4720
O004566,2025-05-12,2025-05-15,S008,C00057,P0016,1,4900,0,4900
O004567,2025-05-12,2025-05-12,S010,C00003,P0024,1,1216,0.05,1216
O004568,2025-05-12,2025-05-12,S007,C00596,P0019,2,2980,0,5960
O004569,2025-05-13,2025-05-14,S004,C00061,P0007,1,32800,0,32800
O004570,2025-05-13,2025-05-15,S010,C00095,P0009,1,27800,0,27800
O004571,2025-05-13,2025-05-13,S010,C00256,P0020,1,7110,0.1,7110
O004572,2025-05-13,2025-05-13,S005,C00325,P0014,3,15120,0.1,45360
O004573,2025-05-13,2025-05-14,S002,C00234,P0014,1,16800,0,16800
O004574,2025-05-13,2025-05-14,S009,C00019,P0028,1,3200,0,3200
O004575,2025-05-13,2025-05-13,S014,C00192,P0016,2,4900,0,9800
O004576,2025-05-14,2025-05-14,S007,C00189,P0008,5,4900,0,24500
O004577,2025-05-14,2025-05-16,S005,C00072,P0023,1,1980,0,1980
O004578,2025-05-14,2025-05-16,S005,C00262,P0020,2,7900,0,15800
O004579,2025-05-14,2025-05-14,S002,C00442,P0014,2,16800,0,33600
O004580,2025-05-14,2025-05-14,S001,C00317,P0009,2,27800,0,55600
O004581,2025-05-14,2025-05-17,S012,C00411,P0002,1,238000,0,238000
O004582,2025-05-14,2025-05-15,S004,C00213,P0012,10,64800,0,648000
O004583,2025-05-14,2025-05-19,S001,C00580,P0005,1,3200,0,3200
O004584,2025-05-14,2025-05-16,S010,C00328,P0001,1,128000,0,128000
O004585,2025-05-14,2025-05-17,S014,C00522,P0007,1,32800,0,32800
O004586,2025-05-14,2025-05-15,S002,C00571,P0006,1,10620,0.1,10620
O004587,2025-05-15,2025-05-15,S014,C00387,P0023,1,1980,0,1980
O004588,2025-05-15,2025-05-15,S002,C00252,P0016,1,4900,0,4900
O004589,2025-05-15,2025-05-16,S008,C00305,P0014,2,16800,0,33600
O004590,2025-05-15,2025-05-16,S010,C00256,P0023,1,1980,0,1980
O004591,2025-05-15,2025-05-16,S010,C00585,P0015,1,14800,0,14800
O004592,2025-05-16,2025-05-16,S014,C00179,P0024,2,1280,0,2560
O004593,2025-05-16,2025-05-17,S010,C00042,P0021,1,5900,0,5900
O004594,2025-05-16,2025-05-16,S014,C00260,P0024,1,1280,0,1280
O004595,2025-05-16,2025-05-17,S009,C00058,P0015,1,14060,0.05,14060
O004596,2025-05-16,2025-05-17,S003,C00273,P0026,1,1980,0,1980
O004597,2025-05-16,2025-05-16,S003,C00551,P0023,1,1980,0,1980
O004598,2025-05-16,2025-05-16,S007,C00350,P0029,1,1962,0.1,1962
O004599,2025-05-16,2025-05-16,S001,C00152,P0028,1,3200,0,3200
O004600,2025-05-17,2025-05-19,S001,C00198,P0009,1,25020,0.1,25020
O004601,2025-05-17,2025-05-17,S007,C00281,P0005,1,3200,0,3200
O004602,2025-05-17,2025-05-17,S004,C00481,P0031,1,1242,0.1,1242
O004603,2025-05-17,2025-05-17,S010,C00438,P0005,1,2560,0.2,2560
O004604,2025-05-17,2025-05-20,S011,C00267,P0010,1,29800,0,29800
O004605,2025-05-17,2025-05-17,S001,C00431,P0031,1,1380,0,1380
O004606,2025-05-17,2025-05-20,S009,C00078,P0004,1,112000,0,112000
O004607,2025-05-17,2025-05-17,S002,C00270,P0014,1,15120,0.1,15120
O004608,2025-05-17,2025-05-17,S009,C00325,P0002,1,238000,0,238000
O004609,2025-05-17,2025-05-17,S005,C00352,P0009,1,25020,0.1,25020
O004610,2025-05-17,2025-05-19,S014,C00065,P0025,2,1580,0,3160
O004611,2025-05-18,2025-05-18,S009,C00081,P0029,1,2180,0,2180
O004612,2025-05-18,2025-05-20,S014,C00083,P0005,1,2560,0.2,2560
O004613,2025-05-18,2025-05-19,S008,C00507,P0026,1,1980,0,1980
O004614,2025-05-18,2025-05-18,S009,C00178,P0032,1,3980,0,3980
O004615,2025-05-18,2025-05-23,S005,C00589,P0007,3,29520,0.1,88560
O004616,2025-05-18,2025-05-19,S010,C00497,P0017,1,16800,0,16800
O004617,2025-05-18,2025-05-18,S007,C00489,P0021,1,5310,0.1,5310
O004618,2025-05-18,2025-05-19,S002,C00248,P0024,1,1280,0,1280
O004619,2025-05-19,2025-05-20,S011,C00058,P0021,1,5900,0,5900
O004620,2025-05-19,2025-05-24,S009,C00218,P0007,1,32800,0,32800
O004621,2025-05-19,2025-05-22,S003,C00440,P0003,1,51300,0.05,51300
O004622,2025-05-19,2025-05-19,S011,C00179,P0009,2,27800,0,55600
O004623,2025-05-19,2025-05-21,S005,C00396,P0008,1,4655,0.05,4655
O004624,2025-05-19,2025-05-21,S005,C00224,P0010,1,29800,0,29800
O004625,2025-05-19,2025-05-20,S010,C00163,P0008,1,4900,0,4900
O004626,2025-05-19,2025-05-19,S002,C00466,P0028,1,3200,0,3200
O004627,2025-05-19,2025-05-20,S001,C00572,P0021,1,5900,0,5900
O004628,2025-05-20,2025-05-21,S012,C00449,P0027,2,1580,0,3160
O004629,2025-05-20,2025-05-21,S001,C00178,P0015,1,11840,0.2,11840
O004630,2025-05-20,2025-05-20,S007,C00599,P0012,1,64800,0,64800
O004631,2025-05-20,2025-05-20,S009,C00342,P0014,1,16800,0,16800
O004632,2025-05-20,2025-05-20,S004,C00258,P0010,1,29800,0,29800
O004633,2025-05-20,2025-05-25,S012,C00350,P0011,1,6980,0,6980
O004634,2025-05-21,2025-05-23,S012,C00146,P0012,1,64800,0,64800
O004635,2025-05-21,2025-05-23,S011,C00114,P0026,1,1980,0,1980
O004636,2025-05-21,2025-05-23,S006,C00407,P0003,10,54000,0,540000
O004637,2025-05-21,2025-05-21,S012,C00178,P0021,1,5900,0,5900
O004638,2025-05-21,2025-05-22,S003,C00560,P0031,1,1380,0,1380
O004639,2025-05-21,2025-05-21,S010,C00527,P0030,1,780,0,780
O004640,2025-05-21,2025-05-22,S012,C00050,P0003,1,51300,0.05,51300
O004641,2025-05-21,2025-05-21,S010,C00117,P0022,1,6800,0,6800
O004642,2025-05-22,2025-05-22,S010,C00235,P0006,2,11800,0,23600
O004643,2025-05-22,2025-05-23,S014,C00545,P0018,1,5900,0,5900
O004644,2025-05-22,2025-05-24,S002,C00254,P0011,2,6980,0,13960
O004645,2025-05-22,2025-05-22,S006,C00311,P0002,1,238000,0,238000
O004646,2025-05-23,2025-05-24,S014,C00021,P0023,1,1980,0,1980
O004647,2025-05-24,2025-05-25,S001,C00042,P0012,1,58320,0.1,58320
O004648,2025-05-24,2025-05-26,S002,C00006,P0002,1,226100,0.05,226100
O004649,2025-05-24,2025-05-26,S004,C00145,P0011,1,6980,0,6980
O004650,2025-05-24,2025-05-24,S008,C00275,P0017,2,16800,0,33600
O004651,2025-05-24,2025-05-25,S013,C00174,P0027,1,1422,0.1,1422
O004652,2025-05-24,2025-05-25,S002,C00017,P0020,2,7505,0.05,15010
O004653,2025-05-24,2025-05-25,S007,C00279,P0025,1,1580,0,1580
O004654,2025-05-24,2025-05-24,S003,C00545,P0001,1,128000,0,128000
O004655,2025-05-24,2025-05-26,S014,C00142,P0020,1,7900,0,7900
O004656,2025-05-24,2025-05-24,S003,C00109,P0006,1,11800,0,11800
O004657,2025-05-24,2025-05-25,S014,C00219,P0029,2,2180,0,4360
O004658,2025-05-25,2025-05-26,S007,C00254,P0010,1,29800,0,29800
O004659,2025-05-25,2025-05-27,S011,C00512,P0010,2,29800,0,59600
O004660,2025-05-25,2025-05-27,S007,C00251,P0010,1,29800,0,29800
O004661,2025-05-25,2025-05-27,S014,C00071,P0010,1,29800,0,29800
O004662,2025-05-25,2025-05-27,S002,C00568,P0020,1,7900,0,7900
O004663,2025-05-25,2025-05-25,S011,C00368,P0011,1,6980,0,6980
O004664,2025-05-25,2025-05-28,S003,C00073,P0013,1,19800,0,19800
O004665,2025-05-25,2025-05-27,S006,C00195,P0032,1,3980,0,3980
O004666,2025-05-25,2025-05-25,S002,C00493,P0020,1,7900,0,7900
O004667,2025-05-25,2025-05-26,S003,C00073,P0013,1,18810,0.05,18810
O004668,2025-05-25,2025-05-25,S005,C00101,P0021,1,5900,0,5900
O004669,2025-05-26,2025-05-27,S007,C00483,P0030,1,702,0.1,702
O004670,2025-05-26,2025-05-28,S005,C00540,P0017,1,16800,0,16800
O004671,2025-05-26,2025-05-28,S008,C00490,P0011,1,6980,0,6980
O004672,2025-05-26,2025-05-27,S001,C00337,P0032,1,3980,0,3980
O004673,2025-05-27,2025-05-27,S007,C00366,P0017,2,16800,0,33600
O004674,2025-05-27,2025-05-28,S014,C00533,P0011,2,6980,0,13960
O004675,2025-05-27,2025-05-30,S003,C00120,P0025,1,1580,0,1580
O004676,2025-05-27,2025-05-27,S001,C00355,P0010,1,29800,0,29800
O004677,2025-05-27,2025-05-27,S010,C00166,P0002,3,238000,0,714000
O004678,2025-05-28,2025-05-28,S002,C00541,P0003,1,54000,0,54000
O004679,2025-05-28,2025-05-28,S014,C00097,P0013,1,17820,0.1,17820
O004680,2025-05-28,2025-05-29,S014,C00475,P0005,2,2880,0.1,5760
O004681,2025-05-28,2025-05-28,S008,C00239,P0026,1,1881,0.05,1881
O004682,2025-05-28,2025-05-28,S014,C00180,P0008,1,4410,0.1,4410
O004683,2025-05-28,2025-05-29,S014,C00087,P0013,2,19800,0,39600
O004684,2025-05-29,2025-05-29,S013,C00281,P0022,3,6800,0,20400
O004685,2025-05-29,2025-05-30,S002,C00230,P0032,1,3980,0,3980
O004686,2025-05-29,2025-05-31,S011,C00068,P0004,1,112000,0,112000
O004687,2025-05-29,2025-05-31,S009,C00319,P0027,1,1580,0,1580
O004688,2025-05-29,2025-05-30,S001,C00431,P0029,1,2071,0.05,2071
O004689,2025-05-29,2025-05-29,S009,C00515,P0001,1,128000,0,128000
O004690,2025-05-29,2025-05-31,S001,C00152,P0016,1,4900,0,4900
O004691,2025-05-29,2025-05-29,S011,C00057,P0019,1,2831,0.05,2831
O004692,2025-05-29,2025-06-01,S003,C00367,P0028,1,3200,0,3200
O004693,2025-05-30,2025-05-30,S009,C00055,P0022,1,6800,0,6800
O004694,2025-05-30,2025-05-30,S004,C00532,P0029,2,2180,0,4360
O004695,2025-05-30,2025-06-04,S001,C00396,P0015,1,14060,0.05,14060
O004696,2025-05-30,2025-05-30,S005,C00188,P0003,2,51300,0.05,102600
O004697,2025-05-30,2025-05-30,S014,C00568,P0021,2,5900,0,11800
O004698,2025-05-30,2025-06-02,S003,C00389,P0015,1,14060,0.05,14060
O004699,2025-05-30,2025-06-02,S002,C00017,P0022,1,6800,0,6800
O004700,2025-05-30,2025-05-31,S011,C00325,P0007,2,32800,0,65600
O004701,2025-05-31,2025-05-31,S005,C00373,P0032,1,3184,0.2,3184
O004702,2025-05-31,2025-06-01,S005,C00424,P0012,1,64800,0,64800
O004703,2025-05-31,2025-06-01,S011,C00002,P0012,2,64800,0,129600
O004704,2025-05-31,2025-06-01,S005,C00073,P0021,1,5900,0,5900
O004705,2025-05-31,2025-06-01,S005,C00151,P0030,2,780,0,1560
O004706,2025-05-31,2025-05-31,S008,C00493,P0013,1,19800,0,19800
O004707,2025-05-31,2025-06-02,S001,C00172,P0030,2,780,0,1560
O004708,2025-05-31,2025-05-31,S005,C00061,P0018,1,5900,0,5900
O004709,2025-05-31,2025-06-01,S014,C00022,P0022,1,6120,0.1,6120
O004710,2025-05-31,2025-05-31,S014,C00422,P0024,3,1280,0,3840
O004711,2025-05-31,2025-06-02,S001,C00134,P0011,1,6980,0,6980
O004712,2025-05-31,2025-05-31,S003,C00529,P0023,1,1881,0.05,1881
O004713,2025-05-31,2025-06-02,S003,C00358,P0002,2,238000,0,476000
O004714,2025-05-31,2025-05-31,S007,C00110,P0006,1,11800,0,11800
O004715,2025-06-01,2025-06-01,S009,C00319,P0003,1,54000,0,54000
O004716,2025-06-01,2025-06-04,S008,C00235,P0031,1,1380,0,1380
O004717,2025-06-01,2025-06-02,S004,C00009,P0005,1,3200,0,3200
O004718,2025-06-01,2025-06-01,S009,C00231,P0024,1,1280,0,1280
O004719,2025-06-01,2025-06-01,S001,C00481,P0008,1,4900,0,4900
O004720,2025-06-01,2025-06-01,S006,C00075,P0020,2,7900,0,15800
O004721,2025-06-01,2025-06-04,S005,C00382,P0021,2,5900,0,11800
O004722,2025-06-01,2025-06-02,S008,C00392,P0023,1,1980,0,1980
O004723,2025-06-01,2025-06-02,S014,C00187,P0032,1,3980,0,3980
O004724,2025-06-01,2025-06-02,S001,C00152,P0029,1,2180,0,2180
O004725,2025-06-01,2025-06-04,S008,C00248,P0030,1,780,0,780
O004726,2025-06-01,2025-06-01,S012,C00152,P0002,1,238000,0,238000
O004727,2025-06-01,2025-06-01,S010,C00302,P0030,10,780,0,7800
O004728,2025-06-01,2025-06-01,S004,C00201,P0002,1,238000,0,238000
O004729,2025-06-01,2025-06-03,S011,C00456,P0012,1,64800,0,64800
O004730,2025-06-02,2025-06-03,S005,C00425,P0016,2,4900,0,9800
O004731,2025-06-02,2025-06-02,S007,C00415,P0032,2,3980,0,7960
O004732,2025-06-02,2025-06-03,S009,C00106,P0003,1,54000,0,54000
O004733,2025-06-02,2025-06-03,S005,C00139,P0014,1,16800,0,16800
O004734,2025-06-02,2025-06-02,S009,C00212,P0008,1,4900,0,4900
O004735,2025-06-02,2025-06-02,S014,C00445,P0012,1,64800,0,64800
O004736,2025-06-02,2025-06-02,S014,C00247,P0026,1,1584,0.2,1584
O004737,2025-06-02,2025-06-05,S005,C00501,P0009,2,25020,0.1,50040
O004738,2025-06-02,2025-06-03,S005,C00198,P0016,1,4900,0,4900
O004739,2025-06-02,2025-06-02,S014,C00046,P0013,2,17820,0.1,35640
O004740,2025-06-02,2025-06-03,S007,C00111,P0016,2,4900,0,9800
O004741,2025-06-03,2025-06-03,S014,C00526,P0004,1,89600,0.2,89600
O004742,2025-06-03,2025-06-05,S008,C00448,P0009,2,27800,0,55600
O004743,2025-06-03,2025-06-04,S007,C00272,P0023,2,1980,0,3960
O004744,2025-06-03,2025-06-05,S011,C00031,P0015,2,13320,0.1,26640
O004745,2025-06-03,2025-06-03,S010,C00120,P0006,1,11800,0,11800
O004746,2025-06-03,2025-06-03,S008,C00120,P0026,10,1980,0,19800
O004747,2025-06-03,2025-06-06,S002,C00529,P0013,1,19800,0,19800
O004748,2025-06-03,2025-06-03,S011,C00482,P0022,1,6120,0.1,6120
O004749,2025-06-03,2025-06-05,S005,C00129,P0029,1,2180,0,2180
O004750,2025-06-04,2025-06-05,S005,C00168,P0021,1,5900,0,5900
O004751,2025-06-04,2025-06-05,S001,C00182,P0012,2,64800,0,129600
O004752,2025-06-04,2025-06-09,S006,C00589,P0031,1,1380,0,1380
O004753,2025-06-04,2025-06-04,S014,C00488,P0021,1,5900,0,5900
O004754,2025-06-04,2025-06-04,S011,C00154,P0004,1,112000,0,112000
O004755,2025-06-05,2025-06-07,S010,C00566,P0012,1,58320,0.1,58320
O004756,2025-06-05,2025-06-07,S014,C00321,P0026,2,1881,0.05,3762
O004757,2025-06-05,2025-06-06,S014,C00252,P0013,1,17820,0.1,17820
O004758,2025-06-05,2025-06-05,S007,C00032,P0003,2,54000,0,108000
O004759,2025-06-05,2025-06-08,S014,C00321,P0019,1,2980,0,2980
O004760,2025-06-05,2025-06-06,S002,C00263,P0024,1,1280,0,1280
O004761,2025-06-05,2025-06-06,S001,C00512,P0008,1,4410,0.1,4410
O004762,2025-06-05,2025-06-08,S003,C00390,P0009,1,27800,0,27800
O004763,2025-06-05,2025-06-05,S003,C00516,P0018,1,5900,0,5900
O004764,2025-06-05,2025-06-07,S007,C00130,P0022,3,6800,0,20400
O004765,2025-06-06,2025-06-07,S010,C00475,P0002,1,238000,0,238000
O004766,2025-06-06,2025-06-06,S003,C00130,P0031,3,1242,0.1,3726
O004767,2025-06-06,2025-06-06,S012,C00245,P0002,1,238000,0,238000
O004768,2025-06-06,2025-06-11,S010,C00364,P0031,1,1380,0,1380
O004769,2025-06-06,2025-06-08,S010,C00325,P0007,1,32800,0,32800
O004770,2025-06-07,2025-06-07,S001,C00175,P0026,1,1980,0,1980
O004771,2025-06-07,2025-06-08,S014,C00569,P0011,1,6631,0.05,6631
O004772,2025-06-07,2025-06-08,S001,C00217,P0019,1,2980,0,2980
O004773,2025-06-07,2025-06-08,S007,C00128,P0028,1,3200,0,3200
O004774,2025-06-07,2025-06-07,S004,C00547,P0004,3,112000,0,336000
O004775,2025-06-07,2025-06-07,S014,C00421,P0021,1,5900,0,5900
O004776,2025-06-07,2025-06-07,S001,C00127,P0029,1,2180,0,2180
O004777,2025-06-07,2025-06-08,S007,C00250,P0027,1,1501,0.05,1501
O004778,2025-06-07,2025-06-08,S001,C00066,P0024,1,1280,0,1280
O004779,2025-06-07,2025-06-07,S001,C00577,P0020,1,7900,0,7900
O004780,2025-06-07,2025-06-10,S010,C00600,P0017,2,16800,0,33600
O004781,2025-06-08,2025-06-08,S014,C00134,P0028,2,3200,0,6400
O004782,2025-06-08,2025-06-13,S001,C00566,P0013,1,19800,0,19800
O004783,2025-06-08,2025-06-09,S011,C00325,P0001,1,128000,0,128000
O004784,2025-06-08,2025-06-08,S013,C00581,P0025,5,1580,0,7900
O004785,2025-06-08,2025-06-11,S014,C00295,P0003,3,54000,0,162000
O004786,2025-06-08,2025-06-09,S008,C00534,P0014,2,15120,0.1,30240
O004787,2025-06-08,2025-06-10,S014,C00051,P0024,2,1280,0,2560
O004788,2025-06-08,2025-06-11,S014,C00395,P0015,2,14800,0,29600
O004789,2025-06-08,2025-06-09,S011,C00544,P0019,2,2980,0,5960
O004790,2025-06-08,2025-06-08,S002,C00320,P0023,2,1881,0.05,3762
O004791,2025-06-08,2025-06-10,S005,C00252,P0022,1,6800,0,6800
O004792,2025-06-08,2025-06-08,S004,C00059,P0019,1,2980,0,2980
O004793,2025-06-09,2025-06-11,S014,C00297,P0001,1,121600,0.05,121600
O004794,2025-06-09,2025-06-09,S001,C00121,P0003,2,54000,0,108000
O004795,2025-06-09,2025-06-10,S014,C00590,P0018,1,5900,0,5900
O004796,2025-06-09,2025-06-10,S005,C00558,P0009,2,27800,0,55600
O004797,2025-06-09,2025-06-09,S008,C00221,P0013,1,19800,0,19800
O004798,2025-06-09,2025-06-11,S009,C00409,P0010,1,29800,0,29800
O004799,2025-06-09,2025-06-09,S006,C00322,P0001,3,102400,0.2,307200
O004800,2025-06-09,2025-06-09,S010,C00265,P0032,2,3980,0,7960
O004801,2025-06-10,2025-06-11,S005,C00523,P0022,1,6460,0.05,6460
O004802,2025-06-10,2025-06-12,S007,C00415,P0004,1,112000,0,112000
O004803,2025-06-10,2025-06-13,S001,C00260,P0015,1,14800,0,14800
O004804,2025-06-10,2025-06-11,S006,C00206,P0011,1,6980,0,6980
O004805,2025-06-10,2025-06-11,S009,C00563,P0007,2,32800,0,65600
O004806,2025-06-10,2025-06-15,S008,C00103,P0027,1,1580,0,1580
O004807,2025-06-10,2025-06-13,S003,C00111,P0008,1,4900,0,4900
O004808,2025-06-10,2025-06-11,S008,C00379,P0001,1,128000,0,128000
O004809,2025-06-11,2025-06-12,S005,C00360,P0029,1,2180,0,2180
O004810,2025-06-11,2025-06-11,S014,C00321,P0010,1,29800,0,29800
O004811,2025-06-11,2025-06-11,S012,C00159,P0026,2,1980,0,3960
O004812,2025-06-11,2025-06-16,S004,C00057,P0010,1,29800,0,29800
O004813,2025-06-11,2025-06-11,S014,C00044,P0009,5,27800,0,139000
O004814,2025-06-11,2025-06-12,S014,C00585,P0021,1,5900,0,5900
O004815,2025-06-11,2025-06-11,S003,C00422,P0019,2,2980,0,5960
O004816,2025-06-11,2025-06-12,S010,C00497,P0003,1,54000,0,54000
O004817,2025-06-12,2025-06-17,S014,C00187,P0023,1,1881,0.05,1881
O004818,2025-06-12,2025-06-14,S007,C00058,P0032,2,3980,0,7960
O004819,2025-06-12,2025-06-13,S001,C00576,P0016,1,4900,0,4900
O004820,2025-06-12,2025-06-12,S011,C00314,P0002,1,238000,0,238000
O004821,2025-06-12,2025-06-14,S014,C00442,P0025,1,1580,0,1580
O004822,2025-06-12,2025-06-12,S012,C00303,P0019,10,2980,0,29800
O004823,2025-06-12,2025-06-12,S009,C00172,P0018,3,5900,0,17700
O004824,2025-06-12,2025-06-14,S003,C00516,P0025,1,1580,0,1580
O004825,2025-06-12,2025-06-12,S009,C00209,P0028,2,3200,0,6400
O004826,2025-06-12,2025-06-17,S014,C00399,P0006,2,11800,0,23600
O004827,2025-06-13,2025-06-13,S009,C00480,P0015,2,14800,0,29600
O004828,2025-06-13,2025-06-14,S010,C00202,P0004,3,112000,0,336000
O004829,2025-06-13,2025-06-13,S008,C00461,P0026,1,1980,0,1980
O004830,2025-06-13,2025-06-16,S001,C00132,P0025,1,1422,0.1,1422
O004831,2025-06-13,2025-06-14,S008,C00553,P0022,1,6800,0,6800
O004832,2025-06-13,2025-06-16,S011,C00175,P0018,1,5900,0,5900
O004833,2025-06-13,2025-06-18,S007,C00082,P0026,1,1881,0.05,1881
O004834,2025-06-13,2025-06-13,S004,C00164,P0003,2,51300,0.05,102600
O004835,2025-06-13,2025-06-18,S005,C00496,P0027,10,1580,0,15800
O004836,2025-06-13,2025-06-15,S009,C00266,P0016,1,4900,0,4900
O004837,2025-06-14,2025-06-19,S004,C00121,P0013,1,19800,0,19800
O004838,2025-06-14,2025-06-14,S011,C00153,P0031,1,1380,0,1380
O004839,2025-06-14,2025-06-17,S003,C00402,P0025,1,1422,0.1,1422
O004840,2025-06-14,2025-06-14,S002,C00311,P0012,2,64800,0,129600
O004841,2025-06-14,2025-06-14,S008,C00595,P0017,1,16800,0,16800
O004842,2025-06-14,2025-06-14,S005,C00236,P0017,1,16800,0,16800
O004843,2025-06-14,2025-06-17,S013,C00138,P0027,1,1580,0,1580
O004844,2025-06-14,2025-06-15,S014,C00043,P0028,1,3200,0,3200
O004845,2025-06-14,2025-06-14,S009,C00250,P0021,1,5900,0,5900
O004846,2025-06-14,2025-06-17,S004,C00322,P0032,1,3184,0.2,3184
O004847,2025-06-14,2025-06-17,S013,C00172,P0020,1,6320,0.2,6320
O004848,2025-06-15,2025-06-15,S008,C00101,P0025,1,1580,0,1580
O004849,2025-06-15,2025-06-16,S011,C00479,P0032,1,3980,0,3980
O004850,2025-06-15,2025-06-15,S007,C00081,P0027,2,1501,0.05,3002
O004851,2025-06-15,2025-06-16,S005,C00185,P0029,3,2180,0,6540
O004852,2025-06-15,2025-06-15,S001,C00422,P0032,1,3582,0.1,3582
O004853,2025-06-15,2025-06-16,S014,C00208,P0012,1,64800,0,64800
O004854,2025-06-15,2025-06-16,S011,C00062,P0021,2,4720,0.2,9440
O004855,2025-06-15,2025-06-16,S007,C00439,P0008,1,4900,0,4900
O004856,2025-06-15,2025-06-18,S010,C00130,P0025,1,1422,0.1,1422
O004857,2025-06-15,2025-06-15,S008,C00558,P0018,1,5900,0,5900
O004858,2025-06-15,2025-06-15,S006,C00131,P0020,1,7900,0,7900
O004859,2025-06-16,2025-06-21,S014,C00107,P0021,1,5900,0,5900
O004860,2025-06-16,2025-06-19,S011,C00431,P0004,2,112000,0,224000
O004861,2025-06-16,2025-06-16,S002,C00046,P0010,3,29800,0,89400
O004862,2025-06-16,2025-06-16,S003,C00539,P0004,1,112000,0,112000
O004863,2025-06-16,2025-06-18,S001,C00091,P0022,1,6460,0.05,6460
O004864,2025-06-16,2025-06-19,S005,C00079,P0020,5,6320,0.2,31600
O004865,2025-06-16,2025-06-17,S014,C00485,P0023,1,1980,0,1980
O004866,2025-06-16,2025-06-19,S001,C00120,P0031,3,1242,0.1,3726
O004867,2025-06-17,2025-06-17,S007,C00416,P0032,1,3980,0,3980
O004868,2025-06-17,2025-06-19,S002,C00382,P0015,3,11840,0.2,35520
O004869,2025-06-17,2025-06-17,S006,C00128,P0026,1,1980,0,1980
O004870,2025-06-17,2025-06-20,S004,C00356,P0005,2,3200,0,6400
O004871,2025-06-17,2025-06-18,S012,C00119,P0026,3,1980,0,5940
O004872,2025-06-17,2025-06-17,S002,C00255,P0015,1,14800,0,14800
O004873,2025-06-18,2025-06-18,S010,C00507,P0029,1,2180,0,2180
O004874,2025-06-18,2025-06-21,S001,C00590,P0027,10,1580,0,15800
O004875,2025-06-18,2025-06-19,S014,C00075,P0027,1,1580,0,1580
O004876,2025-06-18,2025-06-19,S014,C00211,P0023,2,1980,0,3960
O004877,2025-06-18,2025-06-18,S001,C00578,P0012,3,64800,0,194400
O004878,2025-06-18,2025-06-20,S003,C00565,P0012,1,64800,0,64800
O004879,2025-06-18,2025-06-18,S009,C00379,P0022,1,6800,0,6800
O004880,2025-06-18,2025-06-18,S007,C00357,P0023,1,1980,0,1980
O004881,2025-06-18,2025-06-18,S001,C00438,P0027,1,1580,0,1580
O004882,2025-06-18,2025-06-20,S012,C00453,P0024,1,1280,0,1280
O004883,2025-06-19,2025-06-21,S013,C00418,P0005,1,3200,0,3200
O004884,2025-06-19,2025-06-20,S009,C00488,P0024,1,1152,0.1,1152
O004885,2025-06-19,2025-06-19,S002,C00539,P0013,1,19800,0,19800
O004886,2025-06-19,2025-06-20,S008,C00264,P0014,2,16800,0,33600
O004887,2025-06-19,2025-06-24,S014,C00263,P0019,5,2980,0,14900
O004888,2025-06-19,2025-06-19,S013,C00401,P0013,1,18810,0.05,18810
O004889,2025-06-19,2025-06-19,S006,C00179,P0011,1,6980,0,6980
O004890,2025-06-19,2025-06-22,S012,C00477,P0006,1,11800,0,11800
O004891,2025-06-19,2025-06-20,S001,C00054,P0029,1,2180,0,2180
O004892,2025-06-20,2025-06-21,S003,C00001,P0021,2,5900,0,11800
O004893,2025-06-20,2025-06-20,S004,C00419,P0032,2,3582,0.1,7164
O004894,2025-06-20,2025-06-21,S014,C00022,P0019,1,2980,0,2980
O004895,2025-06-20,2025-06-21,S005,C00365,P0012,1,64800,0,64800
O004896,2025-06-20,2025-06-20,S010,C00350,P0030,1,780,0,780
O004897,2025-06-20,2025-06-22,S008,C00200,P0022,1,6800,0,6800
O004898,2025-06-20,2025-06-20,S002,C00490,P0002,3,238000,0,714000
O004899,2025-06-21,2025-06-22,S010,C00072,P0016,1,4900,0,4900
O004900,2025-06-21,2025-06-22,S001,C00553,P0031,2,1104,0.2,2208
O004901,2025-06-21,2025-06-22,S002,C00532,P0026,1,1980,0,1980
O004902,2025-06-21,2025-06-21,S010,C00008,P0029,1,2180,0,2180
O004903,2025-06-21,2025-06-23,S014,C00081,P0001,10,115200,0.1,1152000
O004904,2025-06-21,2025-06-23,S003,C00160,P0002,2,238000,0,476000
O004905,2025-06-21,2025-06-26,S001,C00577,P0020,1,7900,0,7900
O004906,2025-06-21,2025-06-21,S014,C00576,P0010,1,29800,0,29800
O004907,2025-06-21,2025-06-22,S001,C00537,P0027,1,1264,0.2,1264
O004908,2025-06-21,2025-06-21,S005,C00254,P0031,1,1380,0,1380
O004909,2025-06-21,2025-06-21,S012,C00135,P0025,5,1580,0,7900
O004910,2025-06-21,2025-06-22,S007,C00324,P0001,1,128000,0,128000
O004911,2025-06-21,2025-06-23,S010,C00374,P0025,3,1580,0,4740
O004912,2025-06-21,2025-06-21,S014,C00199,P0028,1,3200,0,3200
O004913,2025-06-21,2025-06-21,S006,C00249,P0025,1,1580,0,1580
O004914,2025-06-22,2025-06-22,S014,C00153,P0002,1,238000,0,238000
O004915,2025-06-22,2025-06-23,S007,C00466,P0019,1,2980,0,2980
O004916,2025-06-22,2025-06-23,S014,C00421,P0014,1,16800,0,16800
O004917,2025-06-22,2025-06-23,S007,C00549,P0002,1,238000,0,238000
O004918,2025-06-22,2025-06-24,S003,C00416,P0029,5,2180,0,10900
O004919,2025-06-22,2025-06-25,S014,C00070,P0031,1,1380,0,1380
O004920,2025-06-22,2025-06-23,S002,C00542,P0027,2,1580,0,3160
O004921,2025-06-22,2025-06-23,S004,C00464,P0018,1,5900,0,5900
O004922,2025-06-22,2025-06-22,S002,C00470,P0006,1,11800,0,11800
O004923,2025-06-22,2025-06-22,S013,C00566,P0007,1,32800,0,32800
O004924,2025-06-22,2025-06-22,S005,C00386,P0001,1,121600,0.05,121600
O004925,2025-06-22,2025-06-25,S010,C00511,P0004,2,112000,0,224000
O004926,2025-06-22,2025-06-22,S002,C00113,P0031,2,1311,0.05,2622
O004927,2025-06-22,2025-06-23,S007,C00198,P0010,1,28310,0.05,28310
O004928,2025-06-22,2025-06-23,S001,C00554,P0007,1,32800,0,32800
O004929,2025-06-22,2025-06-24,S002,C00511,P0008,2,4410,0.1,8820
O004930,2025-06-23,2025-06-26,S014,C00273,P0030,1,780,0,780
O004931,2025-06-23,2025-06-28,S003,C00107,P0011,2,6980,0,13960
O004932,2025-06-23,2025-06-25,S004,C00505,P0020,1,7900,0,7900
O004933,2025-06-23,2025-06-23,S011,C00158,P0030,1,780,0,780
O004934,2025-06-23,2025-06-25,S014,C00106,P0023,2,1782,0.1,3564
O004935,2025-06-23,2025-06-24,S011,C00096,P0009,1,27800,0,27800
O004936,2025-06-23,2025-06-25,S007,C00159,P0008,1,4900,0,4900
O004937,2025-06-23,2025-06-23,S001,C00562,P0014,1,15960,0.05,15960
O004938,2025-06-23,2025-06-25,S013,C00567,P0023,1,1881,0.05,1881
O004939,2025-06-24,2025-06-25,S005,C00005,P0022,1,6800,0,6800
O004940,2025-06-24,2025-06-24,S008,C00140,P0012,1,64800,0,64800
O004941,2025-06-24,2025-06-25,S003,C00061,P0026,1,1980,0,1980
O004942,2025-06-24,2025-06-24,S014,C00398,P0022,1,6800,0,6800
O004943,2025-06-24,2025-06-24,S006,C00154,P0028,2,3200,0,6400
O004944,2025-06-24,2025-06-26,S001,C00184,P0017,1,16800,0,16800
O004945,2025-06-25,2025-06-26,S008,C00247,P0032,1,3980,0,3980
O004946,2025-06-25,2025-06-26,S005,C00560,P0013,1,19800,0,19800
O004947,2025-06-25,2025-06-25,S001,C00174,P0023,2,1881,0.05,3762
O004948,2025-06-25,2025-06-26,S014,C00212,P0007,3,32800,0,98400
O004949,2025-06-25,2025-06-25,S002,C00151,P0002,1,214200,0.1,214200
O004950,2025-06-25,2025-06-27,S014,C00267,P0021,1,5900,0,5900
O004951,2025-06-25,2025-06-26,S009,C00282,P0027,1,1580,0,1580
O004952,2025-06-25,2025-06-25,S006,C00205,P0018,2,5900,0,11800
O004953,2025-06-25,2025-06-25,S001,C00068,P0011,1,6980,0,6980
O004954,2025-06-25,2025-06-30,S014,C00214,P0020,5,7900,0,39500
O004955,2025-06-25,2025-06-28,S014,C00006,P0015,10,14800,0,148000
O004956,2025-06-26,2025-06-26,S001,C00464,P0023,1,1980,0,1980
O004957,2025-06-26,2025-06-27,S012,C00435,P0019,2,2980,0,5960
O004958,2025-06-26,2025-06-26,S010,C00050,P0032,3,3980,0,11940
O004959,2025-06-26,2025-06-28,S011,C00320,P0027,2,1580,0,3160
O004960,2025-06-26,2025-06-29,S007,C00364,P0004,1,112000,0,112000
O004961,2025-06-27,2025-06-28,S006,C00150,P0023,2,1881,0.05,3762
O004962,2025-06-27,2025-06-29,S010,C00445,P0021,3,5900,0,17700
O004963,2025-06-27,2025-06-28,S001,C00214,P0025,1,1580,0,1580
O004964,2025-06-27,2025-06-27,S014,C00119,P0016,1,4900,0,4900
O004965,2025-06-27,2025-06-28,S014,C00180,P0005,1,3200,0,3200
O004966,2025-06-27,2025-06-29,S014,C00118,P0005,1,3200,0,3200
O004967,2025-06-28,2025-06-28,S005,C00482,P0025,1,1580,0,1580
O004968,2025-06-28,2025-06-30,S002,C00268,P0007,2,31160,0.05,62320
O004969,2025-06-28,2025-06-28,S012,C00091,P0022,1,6800,0,6800
O004970,2025-06-28,2025-06-28,S001,C00389,P0012,1,64800,0,64800
O004971,2025-06-28,2025-06-29,S006,C00221,P0024,1,1280,0,1280
O004972,2025-06-28,2025-06-29,S013,C00490,P0027,2,1580,0,3160
O004973,2025-06-28,2025-06-30,S003,C00001,P0021,1,5900,0,5900
O004974,2025-06-28,2025-06-28,S001,C00482,P0014,1,16800,0,16800
O004975,2025-06-28,2025-06-28,S003,C00187,P0024,1,1024,0.2,1024
O004976,2025-06-28,2025-06-28,S004,C00135,P0009,1,27800,0,27800
O004977,2025-06-28,2025-06-29,S003,C00151,P0020,1,7900,0,7900
O004978,2025-06-28,2025-06-28,S001,C00105,P0007,1,32800,0,32800
O004979,2025-06-28,2025-06-28,S004,C00162,P0009,1,26410,0.05,26410
O004980,2025-06-29,2025-06-29,S005,C00311,P0017,1,16800,0,16800
O004981,2025-06-29,2025-06-29,S004,C00321,P0009,2,27800,0,55600
O004982,2025-06-29,2025-07-02,S004,C00104,P0011,1,6282,0.1,6282
O004983,2025-06-29,2025-06-29,S014,C00554,P0004,1,112000,0,112000
O004984,2025-06-29,2025-07-04,S014,C00441,P0010,1,29800,0,29800
O004985,2025-06-29,2025-06-29,S013,C00129,P0024,1,1280,0,1280
O004986,2025-06-29,2025-06-30,S001,C00118,P0013,1,19800,0,19800
O004987,2025-06-29,2025-06-29,S014,C00578,P0007,1,32800,0,32800
O004988,2025-06-29,2025-06-29,S012,C00565,P0017,1,15960,0.05,15960
O004989,2025-06-29,2025-06-29,S012,C00171,P0014,1,16800,0,16800
O004990,2025-06-29,2025-06-30,S011,C00063,P0017,2,16800,0,33600
O004991,2025-06-29,2025-07-02,S002,C00215,P0006,2,11800,0,23600
O004992,2025-06-29,2025-06-30,S003,C00476,P0019,1,2831,0.05,2831
O004993,2025-06-29,2025-06-29,S009,C00502,P0004,1,112000,0,112000
O004994,2025-06-30,2025-07-01,S001,C00592,P0010,1,29800,0,29800
O004995,2025-06-30,2025-07-01,S001,C00250,P0007,1,32800,0,32800
O004996,2025-06-30,2025-07-01,S008,C00164,P0016,2,4655,0.05,9310
O004997,2025-06-30,2025-07-05,S001,C00493,P0031,1,1380,0,1380
O004998,2025-06-30,2025-07-01,S003,C00351,P0014,1,15960,0.05,15960
O004999,2025-07-01,2025-07-02,S004,C00019,P0002,1,238000,0,238000
O005000,2025-07-01,2025-07-06,S001,C00475,P0008,1,4410,0.1,4410
O005001,2025-07-01,2025-07-02,S002,C00454,P0010,2,29800,0,59600
O005002,2025-07-01,2025-07-01,S007,C00314,P0012,1,61560,0.05,61560
O005003,2025-07-01,2025-07-02,S001,C00158,P0026,1,1782,0.1,1782
O005004,2025-07-01,2025-07-01,S007,C00214,P0004,2,112000,0,224000
O005005,2025-07-01,2025-07-02,S007,C00220,P0028,1,3200,0,3200
O005006,2025-07-01,2025-07-03,S014,C00425,P0001,5,128000,0,640000
O005007,2025-07-01,2025-07-01,S001,C00511,P0011,1,6980,0,6980
O005008,2025-07-01,2025-07-02,S010,C00134,P0001,1,128000,0,128000
O005009,2025-07-01,2025-07-01,S007,C00505,P0027,2,1501,0.05,3002
O005010,2025-07-01,2025-07-02,S003,C00007,P0027,1,1501,0.05,1501
O005011,2025-07-01,2025-07-01,S014,C00496,P0001,3,128000,0,384000
O005012,2025-07-01,2025-07-03,S008,C00258,P0002,1,238000,0,238000
O005013,2025-07-02,2025-07-03,S008,C00502,P0023,10,1980,0,19800
O005014,2025-07-02,2025-07-04,S011,C00253,P0001,2,128000,0,256000
O005015,2025-07-02,2025-07-04,S009,C00094,P0030,5,780,0,3900
O005016,2025-07-02,2025-07-02,S001,C00138,P0016,2,4900,0,9800
O005017,2025-07-02,2025-07-02,S012,C00415,P0012,10,61560,0.05,615600
O005018,2025-07-02,2025-07-07,S010,C00188,P0006,2,11800,0,23600
O005019,2025-07-02,2025-07-04,S003,C00174,P0011,1,6980,0,6980
O005020,2025-07-02,2025-07-03,S001,C00595,P0031,1,1311,0.05,1311
O005021,2025-07-02,2025-07-04,S004,C00066,P0005,1,3200,0,3200
O005022,2025-07-02,2025-07-02,S004,C00167,P0014,3,16800,0,50400
O005023,2025-07-02,2025-07-05,S008,C00020,P0019,1,2682,0.1,2682
O005024,2025-07-02,2025-07-02,S014,C00595,P0028,2,2880,0.1,5760
O005025,2025-07-02,2025-07-02,S009,C00596,P0001,1,128000,0,128000
O005026,2025-07-02,2025-07-02,S011,C00005,P0012,2,64800,0,129600
O005027,2025-07-03,2025-07-03,S002,C00292,P0001,5,128000,0,640000
O005028,2025-07-03,2025-07-04,S012,C00397,P0028,1,3040,0.05,3040
O005029,2025-07-03,2025-07-03,S002,C00465,P0023,1,1980,0,1980
O005030,2025-07-03,2025-07-03,S014,C00287,P0011,1,6631,0.05,6631
O005031,2025-07-03,2025-07-05,S014,C00271,P0027,2,1580,0,3160
O005032,2025-07-03,2025-07-06,S003,C00313,P0023,1,1980,0,1980
O005033,2025-07-03,2025-07-03,S001,C00055,P0019,2,2980,0,5960
O005034,2025-07-03,2025-07-04,S011,C00463,P0017,1,16800,0,16800
O005035,2025-07-03,2025-07-03,S001,C00585,P0008,1,4655,0.05,4655
O005036,2025-07-03,2025-07-03,S013,C00468,P0010,2,29800,0,59600
O005037,2025-07-03,2025-07-05,S008,C00036,P0008,2,4410,0.1,8820
O005038,2025-07-03,2025-07-05,S002,C00410,P0024,1,1280,0,1280
O005039,2025-07-03,2025-07-08,S010,C00372,P0015,2,14800,0,29600
O005040,2025-07-03,2025-07-03,S002,C00422,P0002,2,238000,0,476000
O005041,2025-07-03,2025-07-04,S013,C00098,P0011,1,6980,0,6980
O005042,2025-07-04,2025-07-04,S014,C00245,P0020,1,7900,0,7900
O005043,2025-07-04,2025-07-05,S006,C00154,P0020,1,7505,0.05,7505
O005044,2025-07-04,2025-07-05,S005,C00184,P0016,2,4900,0,9800
O005045,2025-07-04,2025-07-05,S008,C00094,P0001,2,115200,0.1,230400
O005046,2025-07-04,2025-07-04,S002,C00561,P0005,1,3200,0,3200
O005047,2025-07-04,2025-07-09,S001,C00553,P0029,2,2180,0,4360
O005048,2025-07-04,2025-07-04,S009,C00419,P0004,1,106400,0.05,106400
O005049,2025-07-04,2025-07-05,S002,C00180,P0009,2,27800,0,55600
O005050,2025-07-04,2025-07-05,S001,C00238,P0002,1,238000,0,238000
O005051,2025-07-04,2025-07-04,S012,C00505,P0026,1,1881,0.05,1881
O005052,2025-07-05,2025-07-08,S007,C00456,P0018,1,5900,0,5900
O005053,2025-07-05,2025-07-05,S002,C00184,P0013,1,19800,0,19800
O005054,2025-07-05,2025-07-06,S006,C00573,P0032,1,3980,0,3980
O005055,2025-07-05,2025-07-06,S008,C00351,P0022,1,6120,0.1,6120
O005056,2025-07-05,2025-07-08,S005,C00400,P0017,2,16800,0,33600
O005057,2025-07-05,2025-07-07,S007,C00486,P0015,2,11840,0.2,23680
O005058,2025-07-05,2025-07-10,S014,C00308,P0031,2,1380,0,2760
O005059,2025-07-05,2025-07-06,S009,C00008,P0008,1,4900,0,4900
O005060,2025-07-05,2025-07-05,S014,C00365,P0012,5,64800,0,324000
O005061,2025-07-05,2025-07-06,S002,C00073,P0012,2,64800,0,129600
O005062,2025-07-05,2025-07-10,S010,C00590,P0009,1,26410,0.05,26410
O005063,2025-07-06,2025-07-08,S002,C00234,P0009,1,27800,0,27800
O005064,2025-07-06,2025-07-08,S012,C00499,P0027,2,1580,0,3160
O005065,2025-07-06,2025-07-06,S009,C00072,P0011,1,6980,0,6980
O005066,2025-07-06,2025-07-07,S003,C00409,P0023,1,1881,0.05,1881
O005067,2025-07-06,2025-07-08,S008,C00364,P0009,1,27800,0,27800
O005068,2025-07-06,2025-07-06,S012,C00147,P0027,1,1580,0,1580
O005069,2025-07-06,2025-07-08,S003,C00505,P0003,2,54000,0,108000
O005070,2025-07-06,2025-07-09,S005,C00014,P0022,1,6800,0,6800
O005071,2025-07-06,2025-07-07,S014,C00127,P0006,5,11800,0,59000
O005072,2025-07-06,2025-07-08,S010,C00578,P0019,2,2980,0,5960
O005073,2025-07-06,2025-07-07,S013,C00233,P0009,1,27800,0,27800
O005074,2025-07-06,2025-07-06,S005,C00492,P0027,1,1501,0.05,1501
O005075,2025-07-06,2025-07-11,S001,C00403,P0021,1,5900,0,5900
O005076,2025-07-06,2025-07-09,S005,C00548,P0018,1,5900,0,5900
O005077,2025-07-07,2025-07-08,S007,C00294,P0028,2,3200,0,6400
O005078,2025-07-07,2025-07-09,S013,C00046,P0007,1,32800,0,32800
O005079,2025-07-07,2025-07-08,S005,C00145,P0030,2,780,0,1560
O005080,2025-07-07,2025-07-12,S007,C00306,P0010,1,26820,0.1,26820
O005081,2025-07-07,2025-07-09,S011,C00568,P0005,1,3200,0,3200
O005082,2025-07-07,2025-07-07,S009,C00268,P0017,1,16800,0,16800
O005083,2025-07-07,2025-07-12,S014,C00284,P0001,2,128000,0,256000
O005084,2025-07-07,2025-07-09,S005,C00286,P0005,2,3040,0.05,6080
O005085,2025-07-07,2025-07-12,S007,C00220,P0012,1,61560,0.05,61560
O005086,2025-07-07,2025-07-07,S009,C00313,P0018,1,5900,0,5900
O005087,2025-07-08,2025-07-11,S004,C00417,P0001,1,128000,0,128000
O005088,2025-07-08,2025-07-08,S001,C00170,P0030,10,780,0,7800
O005089,2025-07-08,2025-07-08,S005,C00379,P0029,1,2180,0,2180
O005090,2025-07-08,2025-07-08,S011,C00211,P0007,2,29520,0.1,59040
O005091,2025-07-08,2025-07-11,S008,C00469,P0021,1,5900,0,5900
O005092,2025-07-08,2025-07-08,S003,C00290,P0029,1,2180,0,2180
O005093,2025-07-08,2025-07-09,S014,C00388,P0022,1,6800,0,6800
O005094,2025-07-08,2025-07-09,S003,C00585,P0025,1,1580,0,1580
O005095,2025-07-08,2025-07-08,S014,C00401,P0027,1,1580,0,1580
O005096,2025-07-09,2025-07-11,S003,C00266,P0003,1,43200,0.2,43200
O005097,2025-07-09,2025-07-12,S002,C00151,P0021,1,4720,0.2,4720
O005098,2025-07-09,2025-07-09,S001,C00352,P0028,1,3200,0,3200
O005099,2025-07-09,2025-07-12,S006,C00118,P0016,5,4900,0,24500
O005100,2025-07-09,2025-07-12,S007,C00242,P0018,1,5310,0.1,5310
O005101,2025-07-09,2025-07-09,S002,C00530,P0032,1,3980,0,3980
O005102,2025-07-09,2025-07-09,S004,C00506,P0017,1,16800,0,16800
O005103,2025-07-09,2025-07-10,S014,C00216,P0007,1,32800,0,32800
O005104,2025-07-09,2025-07-11,S006,C00558,P0019,2,2980,0,5960
O005105,2025-07-09,2025-07-11,S005,C00147,P0005,3,2880,0.1,8640
O005106,2025-07-09,2025-07-10,S013,C00432,P0010,1,29800,0,29800
O005107,2025-07-09,2025-07-09,S005,C00383,P0012,2,61560,0.05,123120
O005108,2025-07-09,2025-07-10,S014,C00295,P0003,1,54000,0,54000
O005109,2025-07-09,2025-07-09,S001,C00133,P0012,1,61560,0.05,61560
O005110,2025-07-09,2025-07-09,S002,C00375,P0016,1,3920,0.2,3920
O005111,2025-07-10,2025-07-10,S013,C00493,P0003,1,54000,0,54000
O005112,2025-07-10,2025-07-10,S005,C00073,P0032,2,3980,0,7960
O005113,2025-07-10,2025-07-10,S004,C00180,P0006,1,11800,0,11800
O005114,2025-07-10,2025-07-13,S001,C00112,P0005,2,3200,0,6400
O005115,2025-07-10,2025-07-10,S003,C00341,P0021,1,5310,0.1,5310
O005116,2025-07-10,2025-07-10,S010,C00168,P0003,3,54000,0,162000
O005117,2025-07-10,2025-07-12,S013,C00361,P0011,10,6980,0,69800
O005118,2025-07-11,2025-07-11,S014,C00242,P0004,1,112000,0,112000
O005119,2025-07-11,2025-07-13,S011,C00479,P0027,1,1580,0,1580
O005120,2025-07-11,2025-07-13,S007,C00327,P0023,1,1980,0,1980
O005121,2025-07-11,2025-07-11,S002,C00028,P0004,1,112000,0,112000
O005122,2025-07-11,2025-07-11,S007,C00368,P0031,5,1242,0.1,6210
O005123,2025-07-11,2025-07-13,S008,C00475,P0019,1,2980,0,2980
O005124,2025-07-11,2025-07-12,S003,C00538,P0030,1,780,0,780
O005125,2025-07-11,2025-07-12,S002,C00167,P0016,1,4900,0,4900
O005126,2025-07-12,2025-07-12,S007,C00373,P0032,1,3980,0,3980
O005127,2025-07-12,2025-07-12,S008,C00144,P0023,1,1980,0,1980
O005128,2025-07-12,2025-07-14,S013,C00038,P0026,5,1980,0,9900
O005129,2025-07-12,2025-07-13,S003,C00234,P0025,1,1580,0,1580
O005130,2025-07-12,2025-07-13,S007,C00031,P0016,1,4900,0,4900
O005131,2025-07-12,2025-07-12,S011,C00034,P0001,2,128000,0,256000
O005132,2025-07-12,2025-07-12,S003,C00458,P0005,1,3200,0,3200
O005133,2025-07-12,2025-07-12,S007,C00581,P0013,1,19800,0,19800
O005134,2025-07-12,2025-07-12,S014,C00554,P0028,1,3200,0,3200
O005135,2025-07-12,2025-07-15,S014,C00589,P0030,2,702,0.1,1404
O005136,2025-07-12,2025-07-15,S002,C00550,P0011,1,5584,0.2,5584
O005137,2025-07-12,2025-07-15,S001,C00544,P0012,2,64800,0,129600
O005138,2025-07-12,2025-07-15,S002,C00022,P0012,1,61560,0.05,61560
O005139,2025-07-12,2025-07-12,S005,C00370,P0019,3,2980,0,8940
O005140,2025-07-13,2025-07-13,S014,C00307,P0008,1,4900,0,4900
O005141,2025-07-13,2025-07-18,S014,C00121,P0016,1,4655,0.05,4655
O005142,2025-07-13,2025-07-14,S005,C00063,P0032,3,3980,0,11940
O005143,2025-07-13,2025-07-13,S002,C00383,P0008,1,4900,0,4900
O005144,2025-07-13,2025-07-15,S007,C00318,P0002,3,238000,0,714000
O005145,2025-07-13,2025-07-15,S014,C00027,P0002,1,238000,0,238000
O005146,2025-07-13,2025-07-14,S007,C00552,P0004,1,100800,0.1,100800
O005147,2025-07-13,2025-07-13,S007,C00259,P0014,1,16800,0,16800
O005148,2025-07-13,2025-07-14,S007,C00057,P0001,1,102400,0.2,102400
O005149,2025-07-14,2025-07-14,S009,C00580,P0021,1,5900,0,5900
O005150,2025-07-14,2025-07-15,S001,C00564,P0030,1,741,0.05,741
O005151,2025-07-14,2025-07-15,S001,C00121,P0001,1,128000,0,128000
O005152,2025-07-14,2025-07-15,S003,C00499,P0006,2,11800,0,23600
O005153,2025-07-14,2025-07-14,S014,C00129,P0027,1,1501,0.05,1501
O005154,2025-07-14,2025-07-14,S011,C00566,P0001,1,128000,0,128000
O005155,2025-07-14,2025-07-15,S006,C00285,P0009,1,27800,0,27800
O005156,2025-07-14,2025-07-14,S010,C00392,P0008,1,4900,0,4900
O005157,2025-07-14,2025-07-17,S002,C00016,P0006,1,11800,0,11800
O005158,2025-07-14,2025-07-14,S007,C00355,P0024,1,1280,0,1280
O005159,2025-07-14,2025-07-17,S005,C00045,P0021,3,5900,0,17700
O005160,2025-07-15,2025-07-16,S014,C00307,P0010,1,29800,0,29800
O005161,2025-07-15,2025-07-15,S002,C00191,P0017,1,16800,0,16800
O005162,2025-07-15,2025-07-16,S001,C00366,P0025,1,1264,0.2,1264
O005163,2025-07-15,2025-07-15,S008,C00314,P0028,3,3040,0.05,9120
O005164,2025-07-15,2025-07-16,S012,C00411,P0011,1,6980,0,6980
O005165,2025-07-15,2025-07-15,S001,C00231,P0024,1,1280,0,1280
O005166,2025-07-15,2025-07-15,S011,C00512,P0029,1,1744,0.2,1744
O005167,2025-07-15,2025-07-18,S003,C00387,P0015,1,14800,0,14800
O005168,2025-07-15,2025-07-16,S007,C00258,P0009,2,27800,0,55600
O005169,2025-07-15,2025-07-16,S011,C00458,P0032,1,3980,0,3980
O005170,2025-07-16,2025-07-18,S009,C00257,P0016,2,4900,0,9800
O005171,2025-07-16,2025-07-17,S010,C00453,P0004,1,112000,0,112000
O005172,2025-07-16,2025-07-17,S001,C00552,P0019,1,2980,0,2980
O005173,2025-07-16,2025-07-16,S007,C00236,P0002,2,238000,0,476000
O005174,2025-07-16,2025-07-17,S011,C00205,P0005,1,3200,0,3200
O005175,2025-07-16,2025-07-16,S009,C00005,P0013,2,19800,0,39600
O005176,2025-07-16,2025-07-16,S012,C00486,P0001,1,128000,0,128000
O005177,2025-07-17,2025-07-18,S009,C00576,P0012,1,64800,0,64800
O005178,2025-07-17,2025-07-17,S007,C00191,P0027,1,1580,0,1580
O005179,2025-07-17,2025-07-19,S011,C00118,P0002,1,226100,0.05,226100
O005180,2025-07-17,2025-07-18,S009,C00525,P0009,1,27800,0,27800
O005181,2025-07-17,2025-07-17,S011,C00586,P0011,5,6980,0,34900
O005182,2025-07-17,2025-07-18,S001,C00212,P0011,1,6980,0,6980
O005183,2025-07-17,2025-07-19,S002,C00148,P0015,1,14800,0,14800
O005184,2025-07-17,2025-07-18,S010,C00029,P0029,1,2180,0,2180
O005185,2025-07-17,2025-07-17,S007,C00016,P0027,1,1580,0,1580
O005186,2025-07-17,2025-07-18,S014,C00132,P0003,2,54000,0,108000
O005187,2025-07-17,2025-07-18,S012,C00498,P0002,1,238000,0,238000
O005188,2025-07-17,2025-07-17,S001,C00412,P0007,1,32800,0,32800
O005189,2025-07-18,2025-07-20,S002,C00051,P0017,2,16800,0,33600
O005190,2025-07-18,2025-07-19,S014,C00431,P0028,1,2880,0.1,2880
O005191,2025-07-18,2025-07-18,S002,C00278,P0023,1,1980,0,1980
O005192,2025-07-18,2025-07-19,S002,C00406,P0012,1,61560,0.05,61560
O005193,2025-07-18,2025-07-18,S007,C00046,P0002,1,238000,0,238000
O005194,2025-07-18,2025-07-18,S010,C00183,P0019,1,2980,0,2980
O005195,2025-07-18,2025-07-19,S001,C00338,P0003,1,51300,0.05,51300
O005196,2025-07-18,2025-07-19,S003,C00530,P0032,1,3184,0.2,3184
O005197,2025-07-18,2025-07-18,S002,C00468,P0017,1,16800,0,16800
O005198,2025-07-18,2025-07-18,S004,C00336,P0011,1,6282,0.1,6282
O005199,2025-07-18,2025-07-18,S002,C00180,P0014,2,16800,0,33600
O005200,2025-07-19,2025-07-19,S011,C00489,P0012,1,64800,0,64800
O005201,2025-07-19,2025-07-19,S007,C00399,P0004,1,112000,0,112000
O005202,2025-07-19,2025-07-20,S009,C00301,P0030,1,780,0,780
O005203,2025-07-19,2025-07-20,S005,C00435,P0029,1,2180,0,2180
O005204,2025-07-19,2025-07-21,S013,C00248,P0028,1,3200,0,3200
O005205,2025-07-19,2025-07-19,S011,C00500,P0021,2,5900,0,11800
O005206,2025-07-19,2025-07-20,S002,C00588,P0017,2,16800,0,33600
O005207,2025-07-19,2025-07-24,S008,C00345,P0024,1,1216,0.05,1216
O005208,2025-07-19,2025-07-19,S005,C00269,P0003,1,54000,0,54000
O005209,2025-07-19,2025-07-22,S014,C00521,P0007,2,29520,0.1,59040
O005210,2025-07-19,2025-07-19,S001,C00580,P0003,2,54000,0,108000
O005211,2025-07-20,2025-07-20,S012,C00448,P0030,1,780,0,780
O005212,2025-07-20,2025-07-20,S001,C00496,P0030,2,780,0,1560
O005213,2025-07-20,2025-07-23,S009,C00351,P0020,1,7900,0,7900
O005214,2025-07-20,2025-07-22,S011,C00044,P0002,1,238000,0,238000
O005215,2025-07-20,2025-07-20,S014,C00257,P0024,2,1280,0,2560
O005216,2025-07-20,2025-07-20,S008,C00418,P0004,3,100800,0.1,302400
O005217,2025-07-20,2025-07-20,S013,C00431,P0027,1,1580,0,1580
O005218,2025-07-20,2025-07-21,S002,C00416,P0023,1,1980,0,1980
O005219,2025-07-20,2025-07-23,S010,C00297,P0019,1,2980,0,2980
O005220,2025-07-20,2025-07-20,S001,C00238,P0016,1,3920,0.2,3920
O005221,2025-07-20,2025-07-21,S008,C00493,P0004,1,89600,0.2,89600
O005222,2025-07-20,2025-07-20,S005,C00322,P0024,1,1280,0,1280
O005223,2025-07-20,2025-07-25,S003,C00577,P0020,1,6320,0.2,6320
O005224,2025-07-21,2025-07-21,S011,C00436,P0009,1,27800,0,27800
O005225,2025-07-21,2025-07-22,S005,C00383,P0020,1,7900,0,7900
O005226,2025-07-21,2025-07-21,S007,C00076,P0019,2,2980,0,5960
O005227,2025-07-21,2025-07-21,S014,C00060,P0007,1,32800,0,32800
O005228,2025-07-21,2025-07-22,S001,C00174,P0032,1,3980,0,3980
O005229,2025-07-21,2025-07-22,S008,C00251,P0019,1,2980,0,2980
O005230,2025-07-21,2025-07-22,S002,C00164,P0026,1,1881,0.05,1881
O005231,2025-07-21,2025-07-21,S014,C00572,P0001,1,128000,0,128000
O005232,2025-07-21,2025-07-21,S003,C00001,P0007,1,32800,0,32800
O005233,2025-07-22,2025-07-24,S006,C00168,P0017,1,16800,0,16800
O005234,2025-07-22,2025-07-24,S007,C00400,P0017,1,16800,0,16800
O005235,2025-07-22,2025-07-22,S005,C00112,P0015,2,14800,0,29600
O005236,2025-07-22,2025-07-23,S010,C00038,P0004,1,106400,0.05,106400
O005237,2025-07-22,2025-07-23,S008,C00257,P0013,1,19800,0,19800
O005238,2025-07-22,2025-07-23,S001,C00258,P0016,1,4900,0,4900
O005239,2025-07-22,2025-07-23,S006,C00534,P0026,2,1980,0,3960
O005240,2025-07-23,2025-07-25,S001,C00074,P0014,1,15120,0.1,15120
O005241,2025-07-23,2025-07-23,S009,C00485,P0011,2,6980,0,13960
O005242,2025-07-23,2025-07-23,S002,C00143,P0015,1,14800,0,14800
O005243,2025-07-23,2025-07-25,S001,C00374,P0016,2,4900,0,9800
O005244,2025-07-23,2025-07-23,S011,C00281,P0010,1,29800,0,29800
O005245,2025-07-23,2025-07-23,S006,C00442,P0002,1,238000,0,238000
O005246,2025-07-23,2025-07-28,S001,C00078,P0010,1,29800,0,29800
O005247,2025-07-24,2025-07-29,S005,C00129,P0024,2,1280,0,2560
O005248,2025-07-24,2025-07-24,S014,C00563,P0024,1,1280,0,1280
O005249,2025-07-24,2025-07-25,S010,C00420,P0005,2,2880,0.1,5760
O005250,2025-07-24,2025-07-29,S007,C00478,P0016,2,4900,0,9800
O005251,2025-07-24,2025-07-24,S008,C00580,P0007,1,32800,0,32800
O005252,2025-07-24,2025-07-26,S005,C00205,P0022,1,6800,0,6800
O005253,2025-07-24,2025-07-24,S002,C00051,P0024,2,1280,0,2560
O005254,2025-07-24,2025-07-27,S002,C00136,P0016,1,4655,0.05,4655
O005255,2025-07-24,2025-07-24,S014,C00211,P0005,1,3200,0,3200
O005256,2025-07-25,2025-07-26,S007,C00117,P0003,1,54000,0,54000
O005257,2025-07-25,2025-07-30,S010,C00097,P0022,1,6800,0,6800
O005258,2025-07-25,2025-07-25,S001,C00049,P0020,1,7900,0,7900
O005259,2025-07-25,2025-07-26,S001,C00007,P0010,1,28310,0.05,28310
O005260,2025-07-25,2025-07-26,S008,C00100,P0014,1,16800,0,16800
O005261,2025-07-25,2025-07-25,S011,C00096,P0020,2,7900,0,15800
O005262,2025-07-25,2025-07-26,S014,C00325,P0027,2,1580,0,3160
O005263,2025-07-26,2025-07-27,S005,C00201,P0028,1,3200,0,3200
O005264,2025-07-26,2025-07-28,S014,C00244,P0015,1,14800,0,14800
O005265,2025-07-26,2025-07-27,S014,C00488,P0007,2,32800,0,65600
O005266,2025-07-26,2025-07-29,S014,C00453,P0012,1,64800,0,64800
O005267,2025-07-26,2025-07-29,S012,C00470,P0016,1,4900,0,4900
O005268,2025-07-26,2025-07-26,S012,C00585,P0017,1,16800,0,16800
O005269,2025-07-26,2025-07-26,S014,C00120,P0031,1,1380,0,1380
O005270,2025-07-26,2025-07-26,S014,C00296,P0012,2,61560,0.05,123120
O005271,2025-07-26,2025-07-27,S014,C00268,P0014,2,16800,0,33600
O005272,2025-07-26,2025-07-28,S003,C00323,P0032,1,3184,0.2,3184
O005273,2025-07-26,2025-07-27,S014,C00338,P0012,1,64800,0,64800
O005274,2025-07-27,2025-07-27,S003,C00029,P0007,1,32800,0,32800
O005275,2025-07-27,2025-07-29,S010,C00485,P0007,5,32800,0,164000
O005276,2025-07-27,2025-07-28,S002,C00528,P0005,1,3200,0,3200
O005277,2025-07-27,2025-07-27,S009,C00174,P0031,1,1380,0,1380
O005278,2025-07-27,2025-07-27,S003,C00437,P0011,1,6980,0,6980
O005279,2025-07-27,2025-08-01,S007,C00573,P0019,2,2980,0,5960
O005280,2025-07-27,2025-07-27,S013,C00114,P0014,2,16800,0,33600
O005281,2025-07-27,2025-07-27,S012,C00201,P0010,1,29800,0,29800
O005282,2025-07-27,2025-08-01,S004,C00286,P0009,1,27800,0,27800
O005283,2025-07-27,2025-07-27,S010,C00562,P0007,1,32800,0,32800
O005284,2025-07-27,2025-07-27,S014,C00009,P0017,1,16800,0,16800
O005285,2025-07-27,2025-07-27,S014,C00320,P0025,1,1580,0,1580
O005286,2025-07-27,2025-07-28,S014,C00520,P0010,1,29800,0,29800
O005287,2025-07-27,2025-07-27,S011,C00509,P0025,1,1580,0,1580
O005288,2025-07-27,2025-07-30,S011,C00342,P0006,1,11800,0,11800
O005289,2025-07-28,2025-07-29,S001,C00422,P0015,1,13320,0.1,13320
O005290,2025-07-28,2025-07-29,S012,C00426,P0031,1,1380,0,1380
O005291,2025-07-28,2025-07-29,S011,C00096,P0007,1,26240,0.2,26240
O005292,2025-07-28,2025-07-29,S009,C00579,P0012,1,64800,0,64800
O005293,2025-07-28,2025-07-29,S007,C00501,P0030,1,780,0,780
O005294,2025-07-28,2025-07-30,S001,C00359,P0026,1,1980,0,1980
O005295,2025-07-28,2025-07-31,S008,C00288,P0020,1,7900,0,7900
O005296,2025-07-29,2025-07-29,S002,C00581,P0011,1,6980,0,6980
O005297,2025-07-29,2025-07-29,S002,C00171,P0014,2,16800,0,33600
O005298,2025-07-29,2025-07-29,S007,C00560,P0032,1,3980,0,3980
O005299,2025-07-29,2025-07-30,S002,C00584,P0016,1,4900,0,4900
O005300,2025-07-29,2025-07-29,S014,C00348,P0010,1,29800,0,29800
O005301,2025-07-29,2025-08-01,S001,C00115,P0030,1,780,0,780
O005302,2025-07-29,2025-07-29,S009,C00597,P0019,2,2831,0.05,5662
O005303,2025-07-29,2025-07-30,S008,C00497,P0009,1,27800,0,27800
O005304,2025-07-29,2025-07-31,S013,C00497,P0027,1,1580,0,1580
O005305,2025-07-30,2025-07-31,S007,C00208,P0022,2,5440,0.2,10880
O005306,2025-07-30,2025-07-30,S011,C00439,P0023,1,1980,0,1980
O005307,2025-07-30,2025-07-31,S001,C00332,P0006,1,11800,0,11800
O005308,2025-07-30,2025-08-01,S013,C00307,P0028,2,3200,0,6400
O005309,2025-07-30,2025-07-31,S007,C00042,P0007,1,32800,0,32800
O005310,2025-07-30,2025-07-31,S012,C00130,P0002,1,214200,0.1,214200
O005311,2025-07-30,2025-07-30,S005,C00128,P0016,1,4900,0,4900
O005312,2025-07-30,2025-08-02,S011,C00192,P0011,1,6980,0,6980
O005313,2025-07-30,2025-07-31,S014,C00424,P0018,1,5900,0,5900
O005314,2025-07-30,2025-07-30,S014,C00331,P0015,1,14800,0,14800
O005315,2025-07-31,2025-07-31,S003,C00530,P0016,1,4900,0,4900
O005316,2025-07-31,2025-08-01,S003,C00333,P0008,1,4900,0,4900
O005317,2025-07-31,2025-08-01,S005,C00470,P0024,1,1280,0,1280
O005318,2025-07-31,2025-08-01,S001,C00254,P0030,1,780,0,780
O005319,2025-07-31,2025-07-31,S002,C00178,P0016,1,4410,0.1,4410
O005320,2025-07-31,2025-07-31,S007,C00041,P0019,1,2980,0,2980
O005321,2025-07-31,2025-08-05,S008,C00018,P0027,1,1580,0,1580
O005322,2025-07-31,2025-08-01,S014,C00135,P0006,2,11800,0,23600
O005323,2025-07-31,2025-08-01,S013,C00524,P0004,2,89600,0.2,179200
O005324,2025-08-01,2025-08-02,S011,C00030,P0011,3,6631,0.05,19893
O005325,2025-08-01,2025-08-02,S014,C00528,P0030,1,780,0,780
O005326,2025-08-01,2025-08-02,S007,C00282,P0018,1,5900,0,5900
O005327,2025-08-01,2025-08-02,S005,C00387,P0032,1,3980,0,3980
O005328,2025-08-01,2025-08-01,S005,C00020,P0025,2,1580,0,3160
O005329,2025-08-01,2025-08-02,S008,C00176,P0024,1,1280,0,1280
O005330,2025-08-01,2025-08-01,S008,C00419,P0006,1,11800,0,11800
O005331,2025-08-01,2025-08-03,S001,C00109,P0013,1,15840,0.2,15840
O005332,2025-08-01,2025-08-01,S003,C00271,P0001,2,128000,0,256000
O005333,2025-08-02,2025-08-02,S014,C00056,P0030,1,780,0,780
O005334,2025-08-02,2025-08-04,S012,C00448,P0006,1,10620,0.1,10620
O005335,2025-08-02,2025-08-04,S005,C00561,P0029,1,2180,0,2180
O005336,2025-08-02,2025-08-02,S014,C00342,P0005,1,3200,0,3200
O005337,2025-08-02,2025-08-03,S014,C00556,P0017,1,16800,0,16800
O005338,2025-08-02,2025-08-05,S007,C00439,P0014,1,15960,0.05,15960
O005339,2025-08-02,2025-08-05,S007,C00029,P0019,1,2980,0,2980
O005340,2025-08-02,2025-08-04,S009,C00004,P0006,1,11210,0.05,11210
O005341,2025-08-02,2025-08-05,S002,C00599,P0030,1,741,0.05,741
O005342,2025-08-02,2025-08-03,S004,C00130,P0012,1,64800,0,64800
O005343,2025-08-03,2025-08-03,S014,C00249,P0009,1,27800,0,27800
O005344,2025-08-03,2025-08-04,S001,C00206,P0003,1,54000,0,54000
O005345,2025-08-03,2025-08-03,S013,C00159,P0017,1,16800,0,16800
O005346,2025-08-03,2025-08-08,S009,C00196,P0014,2,16800,0,33600
O005347,2025-08-03,2025-08-04,S004,C00462,P0029,1,2180,0,2180
O005348,2025-08-03,2025-08-06,S005,C00362,P0023,1,1980,0,1980
O005349,2025-08-03,2025-08-04,S012,C00393,P0017,1,16800,0,16800
O005350,2025-08-03,2025-08-04,S001,C00212,P0026,1,1980,0,1980
O005351,2025-08-03,2025-08-03,S011,C00311,P0022,2,6800,0,13600
O005352,2025-08-03,2025-08-04,S007,C00269,P0031,1,1380,0,1380
O005353,2025-08-03,2025-08-03,S004,C00070,P0028,2,3200,0,6400
O005354,2025-08-03,2025-08-06,S005,C00126,P0031,2,1380,0,2760
O005355,2025-08-03,2025-08-03,S001,C00539,P0022,1,6800,0,6800
O005356,2025-08-04,2025-08-04,S003,C00247,P0023,1,1980,0,1980
O005357,2025-08-04,2025-08-04,S014,C00331,P0026,1,1980,0,1980
O005358,2025-08-04,2025-08-06,S003,C00549,P0014,1,16800,0,16800
O005359,2025-08-04,2025-08-04,S012,C00375,P0017,1,16800,0,16800
O005360,2025-08-04,2025-08-05,S008,C00169,P0014,1,16800,0,16800
O005361,2025-08-04,2025-08-06,S012,C00294,P0018,1,5900,0,5900
O005362,2025-08-05,2025-08-05,S005,C00574,P0029,1,2180,0,2180
O005363,2025-08-05,2025-08-06,S002,C00197,P0021,1,5900,0,5900
O005364,2025-08-05,2025-08-05,S011,C00446,P0016,1,4900,0,4900
O005365,2025-08-05,2025-08-07,S012,C00600,P0016,2,4900,0,9800
O005366,2025-08-05,2025-08-10,S009,C00264,P0001,1,128000,0,128000
O005367,2025-08-05,2025-08-08,S014,C00073,P0015,2,14060,0.05,28120
O005368,2025-08-05,2025-08-06,S011,C00199,P0021,5,5900,0,29500
O005369,2025-08-05,2025-08-06,S014,C00349,P0003,1,51300,0.05,51300
O005370,2025-08-06,2025-08-07,S010,C00584,P0002,2,238000,0,476000
O005371,2025-08-06,2025-08-06,S001,C00159,P0013,1,19800,0,19800
O005372,2025-08-06,2025-08-06,S014,C00307,P0009,1,27800,0,27800
O005373,2025-08-06,2025-08-07,S011,C00402,P0019,5,2980,0,14900
O005374,2025-08-06,2025-08-09,S004,C00261,P0024,1,1152,0.1,1152
O005375,2025-08-06,2025-08-06,S012,C00366,P0021,1,5900,0,5900
O005376,2025-08-06,2025-08-06,S012,C00006,P0026,1,1782,0.1,1782
O005377,2025-08-06,2025-08-06,S011,C00454,P0029,1,2180,0,2180
O005378,2025-08-06,2025-08-06,S014,C00249,P0018,1,5900,0,5900
O005379,2025-08-07,2025-08-07,S001,C00161,P0016,1,4900,0,4900
O005380,2025-08-07,2025-08-07,S010,C00523,P0004,10,112000,0,1120000
O005381,2025-08-07,2025-08-08,S001,C00232,P0014,10,16800,0,168000
O005382,2025-08-07,2025-08-08,S014,C00439,P0013,1,19800,0,19800
O005383,2025-08-07,2025-08-12,S007,C00375,P0010,1,29800,0,29800
O005384,2025-08-07,2025-08-08,S001,C00023,P0012,1,64800,0,64800
O005385,2025-08-07,2025-08-08,S001,C00033,P0024,1,1280,0,1280
O005386,2025-08-07,2025-08-07,S007,C00391,P0004,1,112000,0,112000
O005387,2025-08-07,2025-08-07,S008,C00477,P0011,1,6980,0,6980
O005388,2025-08-08,2025-08-10,S002,C00223,P0018,1,5900,0,5900
O005389,2025-08-08,2025-08-10,S007,C00362,P0018,2,5900,0,11800
O005390,2025-08-08,2025-08-10,S007,C00321,P0009,1,27800,0,27800
O005391,2025-08-08,2025-08-08,S003,C00414,P0022,1,6800,0,6800
O005392,2025-08-08,2025-08-08,S011,C00323,P0024,2,1280,0,2560
O005393,2025-08-08,2025-08-08,S013,C00580,P0009,1,27800,0,27800
O005394,2025-08-08,2025-08-09,S002,C00298,P0019,1,2980,0,2980
O005395,2025-08-08,2025-08-09,S007,C00224,P0027,1,1580,0,1580
O005396,2025-08-08,2025-08-10,S002,C00595,P0031,1,1380,0,1380
O005397,2025-08-08,2025-08-08,S007,C00425,P0006,1,11800,0,11800
O005398,2025-08-09,2025-08-11,S003,C00456,P0030,1,780,0,780
O005399,2025-08-09,2025-08-09,S010,C00527,P0030,1,780,0,780
O005400,2025-08-09,2025-08-10,S005,C00058,P0026,1,1881,0.05,1881
O005401,2025-08-09,2025-08-11,S005,C00288,P0009,1,27800,0,27800
O005402,2025-08-09,2025-08-10,S014,C00097,P0014,1,16800,0,16800
O005403,2025-08-09,2025-08-10,S014,C00502,P0025,1,1580,0,1580
O005404,2025-08-09,2025-08-11,S014,C00087,P0016,1,4900,0,4900
O005405,2025-08-09,2025-08-09,S011,C00544,P0016,1,4410,0.1,4410
O005406,2025-08-09,2025-08-10,S010,C00526,P0005,1,3200,0,3200
O005407,2025-08-09,2025-08-09,S005,C00296,P0026,1,1980,0,1980
O005408,2025-08-09,2025-08-12,S013,C00231,P0027,2,1580,0,3160
O005409,2025-08-10,2025-08-10,S014,C00034,P0019,1,2980,0,2980
O005410,2025-08-10,2025-08-11,S013,C00113,P0002,1,238000,0,238000
O005411,2025-08-10,2025-08-11,S014,C00097,P0020,1,7900,0,7900
O005412,2025-08-10,2025-08-10,S009,C00153,P0028,1,3200,0,3200
O005413,2025-08-10,2025-08-12,S014,C00298,P0013,1,19800,0,19800
O005414,2025-08-10,2025-08-10,S008,C00242,P0021,1,5900,0,5900
O005415,2025-08-10,2025-08-11,S014,C00161,P0017,1,16800,0,16800
O005416,2025-08-10,2025-08-11,S014,C00534,P0030,2,780,0,1560
O005417,2025-08-10,2025-08-10,S009,C00303,P0007,2,31160,0.05,62320
O005418,2025-08-10,2025-08-11,S007,C00534,P0020,1,7900,0,7900
O005419,2025-08-10,2025-08-11,S002,C00057,P0009,1,27800,0,27800
O005420,2025-08-10,2025-08-13,S002,C00553,P0007,5,32800,0,164000
O005421,2025-08-11,2025-08-12,S005,C00003,P0021,1,5900,0,5900
O005422,2025-08-11,2025-08-12,S008,C00147,P0027,1,1580,0,1580
O005423,2025-08-11,2025-08-14,S013,C00404,P0006,1,11800,0,11800
O005424,2025-08-11,2025-08-11,S005,C00264,P0002,10,238000,0,2380000
O005425,2025-08-11,2025-08-14,S007,C00468,P0028,1,3200,0,3200
O005426,2025-08-11,2025-08-14,S005,C00085,P0008,1,4900,0,4900
O005427,2025-08-11,2025-08-12,S008,C00360,P0007,1,32800,0,32800
O005428,2025-08-12,2025-08-15,S011,C00171,P0031,1,1380,0,1380
O005429,2025-08-12,2025-08-12,S007,C00424,P0017,1,16800,0,16800
O005430,2025-08-12,2025-08-12,S014,C00004,P0019,1,2980,0,2980
O005431,2025-08-12,2025-08-12,S013,C00459,P0004,1,112000,0,112000
O005432,2025-08-12,2025-08-13,S003,C00516,P0031,1,1380,0,1380
O005433,2025-08-12,2025-08-13,S012,C00531,P0018,2,5900,0,11800
O005434,2025-08-13,2025-08-13,S002,C00067,P0012,2,64800,0,129600
O005435,2025-08-13,2025-08-13,S001,C00504,P0006,1,10620,0.1,10620
O005436,2025-08-13,2025-08-14,S003,C00139,P0020,1,7900,0,7900
O005437,2025-08-13,2025-08-15,S005,C00356,P0018,3,5900,0,17700
O005438,2025-08-13,2025-08-13,S014,C00594,P0020,1,7900,0,7900
O005439,2025-08-13,2025-08-13,S009,C00407,P0002,1,238000,0,238000
O005440,2025-08-13,2025-08-15,S007,C00054,P0010,2,29800,0,59600
O005441,2025-08-13,2025-08-14,S006,C00227,P0020,2,7900,0,15800
O005442,2025-08-14,2025-08-14,S007,C00538,P0016,1,4900,0,4900
O005443,2025-08-14,2025-08-17,S010,C00124,P0024,2,1024,0.2,2048
O005444,2025-08-14,2025-08-15,S004,C00448,P0012,1,64800,0,64800
O005445,2025-08-14,2025-08-15,S014,C00433,P0011,1,6282,0.1,6282
O005446,2025-08-15,2025-08-17,S001,C00080,P0001,2,128000,0,256000
O005447,2025-08-15,2025-08-17,S012,C00307,P0016,1,4900,0,4900
O005448,2025-08-15,2025-08-20,S003,C00345,P0018,1,5900,0,5900
O005449,2025-08-15,2025-08-17,S003,C00550,P0008,1,4900,0,4900
O005450,2025-08-15,2025-08-15,S013,C00425,P0008,1,4900,0,4900
O005451,2025-08-15,2025-08-15,S008,C00135,P0006,1,11800,0,11800
O005452,2025-08-15,2025-08-15,S003,C00422,P0015,2,14800,0,29600
O005453,2025-08-15,2025-08-15,S011,C00265,P0013,1,18810,0.05,18810
O005454,2025-08-15,2025-08-15,S003,C00201,P0009,2,27800,0,55600
O005455,2025-08-15,2025-08-16,S012,C00011,P0006,2,11800,0,23600
O005456,2025-08-16,2025-08-18,S014,C00297,P0022,2,6800,0,13600
O005457,2025-08-16,2025-08-16,S012,C00118,P0020,1,7505,0.05,7505
O005458,2025-08-16,2025-08-19,S001,C00185,P0014,1,15960,0.05,15960
O005459,2025-08-16,2025-08-17,S014,C00182,P0032,1,3980,0,3980
O005460,2025-08-16,2025-08-17,S005,C00373,P0026,1,1980,0,1980
O005461,2025-08-16,2025-08-16,S007,C00015,P0028,2,3200,0,6400
O005462,2025-08-16,2025-08-16,S007,C00288,P0021,1,5605,0.05,5605
O005463,2025-08-16,2025-08-16,S008,C00248,P0019,1,2980,0,2980
O005464,2025-08-17,2025-08-18,S009,C00111,P0024,1,1280,0,1280
O005465,2025-08-17,2025-08-19,S009,C00254,P0007,1,29520,0.1,29520
O005466,2025-08-17,2025-08-20,S012,C00285,P0012,2,61560,0.05,123120
O005467,2025-08-17,2025-08-19,S002,C00125,P0018,2,5605,0.05,11210
O005468,2025-08-17,2025-08-20,S001,C00252,P0002,1,238000,0,238000
O005469,2025-08-17,2025-08-18,S002,C00411,P0006,1,11800,0,11800
O005470,2025-08-17,2025-08-18,S005,C00308,P0010,1,29800,0,29800
O005471,2025-08-17,2025-08-19,S009,C00552,P0026,1,1881,0.05,1881
O005472,2025-08-17,2025-08-18,S007,C00298,P0011,3,6631,0.05,19893
O005473,2025-08-17,2025-08-18,S014,C00178,P0028,2,3200,0,6400
O005474,2025-08-18,2025-08-19,S005,C00344,P0006,1,11800,0,11800
O005475,2025-08-18,2025-08-19,S001,C00288,P0025,1,1501,0.05,1501
O005476,2025-08-18,2025-08-21,S013,C00406,P0020,1,7900,0,7900
O005477,2025-08-19,2025-08-19,S001,C00229,P0019,10,2980,0,29800
O005478,2025-08-19,2025-08-19,S007,C00570,P0017,1,16800,0,16800
O005479,2025-08-19,2025-08-19,S014,C00540,P0003,2,48600,0.1,97200
O005480,2025-08-19,2025-08-19,S005,C00274,P0021,1,5900,0,5900
O005481,2025-08-19,2025-08-19,S010,C00435,P0026,1,1980,0,1980
O005482,2025-08-19,2025-08-20,S009,C00559,P0002,1,238000,0,238000
O005483,2025-08-19,2025-08-20,S007,C00347,P0029,2,2180,0,4360
O005484,2025-08-19,2025-08-19,S001,C00360,P0017,2,16800,0,33600
O005485,2025-08-20,2025-08-21,S014,C00294,P0009,1,22240,0.2,22240
O005486,2025-08-20,2025-08-22,S014,C00394,P0011,3,6980,0,20940
O005487,2025-08-20,2025-08-20,S001,C00099,P0025,1,1580,0,1580
O005488,2025-08-20,2025-08-21,S001,C00224,P0002,1,238000,0,238000
O005489,2025-08-20,2025-08-20,S014,C00325,P0014,1,16800,0,16800
O005490,2025-08-21,2025-08-21,S004,C00205,P0008,2,4900,0,9800
O005491,2025-08-21,2025-08-21,S001,C00523,P0021,1,5900,0,5900
O005492,2025-08-21,2025-08-23,S009,C00245,P0012,1,64800,0,64800
O005493,2025-08-21,2025-08-21,S003,C00210,P0007,2,32800,0,65600
O005494,2025-08-21,2025-08-22,S014,C00452,P0031,3,1311,0.05,3933
O005495,2025-08-21,2025-08-22,S004,C00018,P0002,1,238000,0,238000
O005496,2025-08-22,2025-08-24,S014,C00434,P0013,3,17820,0.1,53460
O005497,2025-08-22,2025-08-23,S007,C00217,P0002,1,238000,0,238000
O005498,2025-08-22,2025-08-22,S011,C00145,P0006,1,11800,0,11800
O005499,2025-08-22,2025-08-25,S002,C00527,P0012,1,64800,0,64800
O005500,2025-08-22,2025-08-24,S010,C00315,P0032,10,3980,0,39800
O005501,2025-08-22,2025-08-25,S001,C00255,P0016,1,4900,0,4900
O005502,2025-08-22,2025-08-23,S010,C00315,P0029,1,2180,0,2180
O005503,2025-08-22,2025-08-24,S014,C00320,P0021,1,5900,0,5900
O005504,2025-08-22,2025-08-25,S009,C00187,P0017,1,15120,0.1,15120
O005505,2025-08-22,2025-08-23,S004,C00321,P0003,1,54000,0,54000
O005506,2025-08-23,2025-08-24,S007,C00411,P0031,1,1242,0.1,1242
O005507,2025-08-23,2025-08-23,S005,C00537,P0031,1,1380,0,1380
O005508,2025-08-23,2025-08-25,S010,C00081,P0027,3,1580,0,4740
O005509,2025-08-23,2025-08-24,S004,C00310,P0029,1,2180,0,2180
O005510,2025-08-23,2025-08-24,S001,C00240,P0019,1,2980,0,2980
O005511,2025-08-23,2025-08-24,S003,C00347,P0025,10,1580,0,15800
O005512,2025-08-23,2025-08-25,S011,C00430,P0021,1,5900,0,5900
O005513,2025-08-23,2025-08-23,S004,C00469,P0007,1,32800,0,32800
O005514,2025-08-23,2025-08-23,S007,C00419,P0018,2,5900,0,11800
O005515,2025-08-23,2025-08-23,S014,C00555,P0013,1,19800,0,19800
O005516,2025-08-23,2025-08-24,S002,C00559,P0013,2,19800,0,39600
O005517,2025-08-24,2025-08-24,S003,C00503,P0029,1,2180,0,2180
O005518,2025-08-24,2025-08-24,S007,C00391,P0013,1,19800,0,19800
O005519,2025-08-24,2025-08-24,S014,C00497,P0030,1,780,0,780
O005520,2025-08-24,2025-08-24,S005,C00135,P0029,1,2180,0,2180
O005521,2025-08-24,2025-08-24,S008,C00484,P0017,10,16800,0,168000
O005522,2025-08-24,2025-08-26,S008,C00011,P0004,2,112000,0,224000
O005523,2025-08-24,2025-08-24,S002,C00440,P0009,1,27800,0,27800
O005524,2025-08-24,2025-08-25,S004,C00419,P0022,1,6800,0,6800
O005525,2025-08-24,2025-08-24,S007,C00146,P0021,1,5900,0,5900
O005526,2025-08-24,2025-08-29,S002,C00277,P0016,2,4410,0.1,8820
O005527,2025-08-24,2025-08-24,S011,C00369,P0016,1,4900,0,4900
O005528,2025-08-24,2025-08-25,S003,C00138,P0003,2,48600,0.1,97200
O005529,2025-08-24,2025-08-25,S002,C00388,P0019,1,2980,0,2980
O005530,2025-08-25,2025-08-25,S013,C00402,P0029,1,1962,0.1,1962
O005531,2025-08-25,2025-08-27,S007,C00593,P0032,1,3980,0,3980
O005532,2025-08-25,2025-08-28,S014,C00179,P0018,3,5900,0,17700
O005533,2025-08-25,2025-08-30,S004,C00043,P0009,1,27800,0,27800
O005534,2025-08-25,2025-08-27,S014,C00195,P0021,1,5310,0.1,5310
O005535,2025-08-25,2025-08-25,S014,C00198,P0007,1,31160,0.05,31160
O005536,2025-08-25,2025-08-28,S001,C00174,P0020,1,7900,0,7900
O005537,2025-08-25,2025-08-25,S011,C00029,P0002,1,214200,0.1,214200
O005538,2025-08-26,2025-08-26,S012,C00521,P0012,1,58320,0.1,58320
O005539,2025-08-26,2025-08-29,S003,C00274,P0002,2,214200,0.1,428400
O005540,2025-08-26,2025-08-28,S001,C00270,P0031,1,1311,0.05,1311
O005541,2025-08-26,2025-08-26,S003,C00073,P0032,1,3980,0,3980
O005542,2025-08-26,2025-08-27,S007,C00154,P0032,1,3980,0,3980
O005543,2025-08-26,2025-08-26,S014,C00511,P0023,1,1980,0,1980
O005544,2025-08-26,2025-08-29,S007,C00248,P0005,5,3200,0,16000
O005545,2025-08-27,2025-09-01,S001,C00475,P0008,1,4900,0,4900
O005546,2025-08-27,2025-08-27,S007,C00237,P0032,1,3980,0,3980
O005547,2025-08-27,2025-08-27,S003,C00062,P0019,2,2980,0,5960
O005548,2025-08-28,2025-08-28,S010,C00175,P0016,1,4410,0.1,4410
O005549,2025-08-28,2025-08-29,S008,C00026,P0025,5,1580,0,7900
O005550,2025-08-28,2025-08-29,S014,C00103,P0019,1,2980,0,2980
O005551,2025-08-28,2025-08-28,S014,C00484,P0002,1,238000,0,238000
O005552,2025-08-28,2025-08-28,S001,C00421,P0003,2,51300,0.05,102600
O005553,2025-08-28,2025-08-29,S005,C00516,P0007,2,32800,0,65600
O005554,2025-08-28,2025-09-02,S012,C00024,P0015,1,13320,0.1,13320
O005555,2025-08-29,2025-09-03,S014,C00033,P0001,1,102400,0.2,102400
O005556,2025-08-29,2025-08-29,S003,C00281,P0032,1,3781,0.05,3781
O005557,2025-08-30,2025-08-31,S014,C00031,P0021,1,4720,0.2,4720
O005558,2025-08-30,2025-08-30,S013,C00236,P0027,1,1580,0,1580
O005559,2025-08-30,2025-08-31,S006,C00108,P0007,1,29520,0.1,29520
O005560,2025-08-30,2025-09-01,S003,C00537,P0015,1,14800,0,14800
O005561,2025-08-30,2025-08-30,S003,C00135,P0025,1,1501,0.05,1501
O005562,2025-08-30,2025-08-30,S008,C00058,P0029,1,1962,0.1,1962
O005563,2025-08-30,2025-08-30,S001,C00441,P0028,1,3200,0,3200
O005564,2025-08-30,2025-08-30,S004,C00484,P0008,2,4900,0,9800
O005565,2025-08-31,2025-09-01,S006,C00127,P0013,1,19800,0,19800
O005566,2025-08-31,2025-09-01,S010,C00244,P0015,1,14800,0,14800
O005567,2025-08-31,2025-08-31,S003,C00319,P0015,1,14800,0,14800
O005568,2025-08-31,2025-09-01,S007,C00455,P0007,1,31160,0.05,31160
O005569,2025-08-31,2025-09-01,S005,C00284,P0016,3,4900,0,14700
O005570,2025-08-31,2025-09-01,S011,C00306,P0011,1,5584,0.2,5584
O005571,2025-08-31,2025-09-01,S010,C00077,P0007,1,32800,0,32800
O005572,2025-08-31,2025-09-02,S004,C00347,P0012,3,64800,0,194400
O005573,2025-08-31,2025-09-01,S006,C00183,P0015,2,14800,0,29600
O005574,2025-08-31,2025-08-31,S009,C00344,P0029,1,2180,0,2180
O005575,2025-08-31,2025-09-03,S014,C00441,P0016,1,4900,0,4900
O005576,2025-09-01,2025-09-01,S008,C00347,P0026,1,1584,0.2,1584
O005577,2025-09-01,2025-09-02,S005,C00447,P0025,1,1580,0,1580
O005578,2025-09-01,2025-09-02,S007,C00155,P0026,1,1980,0,1980
O005579,2025-09-01,2025-09-02,S002,C00128,P0011,1,6980,0,6980
O005580,2025-09-01,2025-09-04,S002,C00437,P0010,3,29800,0,89400
O005581,2025-09-01,2025-09-01,S002,C00162,P0006,1,11800,0,11800
O005582,2025-09-01,2025-09-04,S007,C00567,P0010,1,26820,0.1,26820
O005583,2025-09-02,2025-09-03,S001,C00390,P0030,1,741,0.05,741
O005584,2025-09-02,2025-09-02,S011,C00229,P0011,1,6980,0,6980
O005585,2025-09-02,2025-09-02,S001,C00265,P0007,1,29520,0.1,29520
O005586,2025-09-02,2025-09-03,S001,C00494,P0009,1,27800,0,27800
O005587,2025-09-02,2025-09-03,S003,C00258,P0022,2,6800,0,13600
O005588,2025-09-02,2025-09-07,S002,C00049,P0013,1,19800,0,19800
O005589,2025-09-02,2025-09-02,S009,C00582,P0028,1,3200,0,3200
O005590,2025-09-02,2025-09-03,S001,C00337,P0009,2,27800,0,55600
O005591,2025-09-02,2025-09-05,S004,C00162,P0019,1,2980,0,2980
O005592,2025-09-02,2025-09-03,S007,C00195,P0022,1,6800,0,6800
O005593,2025-09-03,2025-09-04,S004,C00492,P0023,1,1980,0,1980
O005594,2025-09-03,2025-09-03,S014,C00280,P0022,1,6800,0,6800
O005595,2025-09-03,2025-09-04,S014,C00007,P0028,2,3040,0.05,6080
O005596,2025-09-03,2025-09-04,S002,C00499,P0001,1,128000,0,128000
O005597,2025-09-03,2025-09-04,S007,C00122,P0028,1,2560,0.2,2560
O005598,2025-09-03,2025-09-04,S001,C00497,P0011,2,6980,0,13960
O005599,2025-09-03,2025-09-08,S011,C00163,P0024,2,1280,0,2560
O005600,2025-09-03,2025-09-05,S014,C00145,P0003,2,54000,0,108000
O005601,2025-09-03,2025-09-05,S009,C00500,P0001,1,121600,0.05,121600
O005602,2025-09-03,2025-09-08,S005,C00529,P0011,10,6980,0,69800
O005603,2025-09-03,2025-09-04,S003,C00355,P0009,10,27800,0,278000
O005604,2025-09-03,2025-09-04,S012,C00155,P0004,1,112000,0,112000
O005605,2025-09-04,2025-09-04,S011,C00404,P0009,1,27800,0,27800
O005606,2025-09-04,2025-09-04,S003,C00073,P0012,1,64800,0,64800
O005607,2025-09-04,2025-09-05,S014,C00066,P0005,1,3200,0,3200
O005608,2025-09-04,2025-09-05,S007,C00549,P0021,1,5900,0,5900
O005609,2025-09-04,2025-09-04,S012,C00469,P0012,1,64800,0,64800
O005610,2025-09-04,2025-09-05,S011,C00529,P0001,1,128000,0,128000
O005611,2025-09-04,2025-09-04,S014,C00453,P0027,1,1501,0.05,1501
O005612,2025-09-04,2025-09-05,S005,C00555,P0007,1,32800,0,32800
O005613,2025-09-05,2025-09-05,S005,C00517,P0028,1,3040,0.05,3040
O005614,2025-09-05,2025-09-06,S003,C00131,P0015,2,14800,0,29600
O005615,2025-09-05,2025-09-06,S011,C00462,P0013,1,17820,0.1,17820
O005616,2025-09-05,2025-09-10,S001,C00126,P0016,1,4900,0,4900
O005617,2025-09-05,2025-09-06,S010,C00091,P0025,2,1580,0,3160
O005618,2025-09-05,2025-09-05,S008,C00028,P0007,1,32800,0,32800
O005619,2025-09-05,2025-09-06,S012,C00307,P0030,3,741,0.05,2223
O005620,2025-09-06,2025-09-08,S003,C00020,P0021,1,5900,0,5900
O005621,2025-09-06,2025-09-07,S014,C00115,P0010,5,29800,0,149000
O005622,2025-09-06,2025-09-06,S006,C00288,P0011,2,6980,0,13960
O005623,2025-09-06,2025-09-06,S005,C00122,P0016,2,4655,0.05,9310
O005624,2025-09-06,2025-09-07,S005,C00537,P0015,1,14800,0,14800
O005625,2025-09-06,2025-09-08,S014,C00499,P0027,1,1580,0,1580
O005626,2025-09-06,2025-09-06,S002,C00265,P0021,1,5900,0,5900
O005627,2025-09-06,2025-09-07,S011,C00170,P0024,1,1216,0.05,1216
O005628,2025-09-06,2025-09-08,S013,C00587,P0011,1,6980,0,6980
O005629,2025-09-06,2025-09-06,S002,C00523,P0009,1,27800,0,27800
O005630,2025-09-06,2025-09-07,S002,C00585,P0032,1,3582,0.1,3582
O005631,2025-09-06,2025-09-09,S008,C00224,P0004,1,112000,0,112000
O005632,2025-09-06,2025-09-08,S014,C00479,P0026,10,1980,0,19800
O005633,2025-09-06,2025-09-08,S007,C00464,P0014,1,16800,0,16800
O005634,2025-09-06,2025-09-07,S009,C00229,P0003,1,54000,0,54000
O005635,2025-09-07,2025-09-10,S014,C00574,P0031,2,1380,0,2760
O005636,2025-09-07,2025-09-09,S001,C00035,P0025,1,1580,0,1580
O005637,2025-09-07,2025-09-07,S002,C00407,P0006,1,11210,0.05,11210
O005638,2025-09-07,2025-09-07,S003,C00314,P0007,1,32800,0,32800
O005639,2025-09-07,2025-09-08,S002,C00320,P0029,3,2180,0,6540
O005640,2025-09-07,2025-09-07,S011,C00305,P0014,1,16800,0,16800
O005641,2025-09-07,2025-09-09,S009,C00217,P0017,1,16800,0,16800
O005642,2025-09-07,2025-09-07,S001,C00050,P0001,2,128000,0,256000
O005643,2025-09-07,2025-09-09,S006,C00040,P0019,3,2980,0,8940
O005644,2025-09-07,2025-09-09,S001,C00081,P0010,1,29800,0,29800
O005645,2025-09-08,2025-09-08,S001,C00406,P0022,2,6800,0,13600
O005646,2025-09-08,2025-09-08,S001,C00331,P0006,1,11800,0,11800
O005647,2025-09-08,2025-09-09,S011,C00118,P0025,1,1580,0,1580
O005648,2025-09-08,2025-09-08,S001,C00579,P0030,2,780,0,1560
O005649,2025-09-08,2025-09-09,S013,C00210,P0028,2,3200,0,6400
O005650,2025-09-08,2025-09-09,S014,C00281,P0006,1,11800,0,11800
O005651,2025-09-08,2025-09-09,S003,C00041,P0012,3,64800,0,194400
O005652,2025-09-08,2025-09-09,S003,C00412,P0019,1,2980,0,2980
O005653,2025-09-08,2025-09-09,S014,C00143,P0009,1,27800,0,27800
O005654,2025-09-08,2025-09-10,S001,C00059,P0030,1,780,0,780
O005655,2025-09-08,2025-09-09,S003,C00209,P0020,2,7900,0,15800
O005656,2025-09-08,2025-09-11,S005,C00456,P0024,1,1280,0,1280
O005657,2025-09-08,2025-09-08,S007,C00445,P0015,1,14800,0,14800
O005658,2025-09-08,2025-09-08,S014,C00258,P0009,3,27800,0,83400
O005659,2025-09-09,2025-09-11,S005,C00333,P0029,2,2180,0,4360
O005660,2025-09-09,2025-09-09,S007,C00276,P0020,5,7900,0,39500
O005661,2025-09-09,2025-09-12,S009,C00008,P0024,1,1280,0,1280
O005662,2025-09-09,2025-09-10,S008,C00269,P0003,2,54000,0,108000
O005663,2025-09-09,2025-09-09,S001,C00415,P0001,1,128000,0,128000
O005664,2025-09-09,2025-09-09,S006,C00424,P0020,2,7900,0,15800
O005665,2025-09-09,2025-09-09,S011,C00044,P0019,2,2682,0.1,5364
O005666,2025-09-09,2025-09-09,S006,C00317,P0005,1,3200,0,3200
O005667,2025-09-10,2025-09-15,S003,C00369,P0029,5,2180,0,10900
O005668,2025-09-10,2025-09-11,S002,C00531,P0032,2,3980,0,7960
O005669,2025-09-10,2025-09-10,S001,C00306,P0002,1,238000,0,238000
O005670,2025-09-10,2025-09-10,S014,C00368,P0001,5,128000,0,640000
O005671,2025-09-10,2025-09-10,S009,C00456,P0020,1,7900,0,7900
O005672,2025-09-10,2025-09-11,S005,C00528,P0008,5,4900,0,24500
O005673,2025-09-10,2025-09-11,S001,C00387,P0004,10,112000,0,1120000
O005674,2025-09-10,2025-09-10,S003,C00151,P0024,1,1280,0,1280
O005675,2025-09-10,2025-09-10,S009,C00273,P0017,2,15120,0.1,30240
O005676,2025-09-10,2025-09-12,S002,C00242,P0025,5,1580,0,7900
O005677,2025-09-11,2025-09-11,S013,C00409,P0021,2,5900,0,11800
O005678,2025-09-11,2025-09-12,S014,C00059,P0023,1,1782,0.1,1782
O005679,2025-09-11,2025-09-14,S007,C00194,P0019,1,2682,0.1,2682
O005680,2025-09-11,2025-09-12,S013,C00314,P0020,2,7900,0,15800
O005681,2025-09-11,2025-09-12,S014,C00183,P0003,1,54000,0,54000
O005682,2025-09-11,2025-09-11,S008,C00381,P0022,10,6800,0,68000
O005683,2025-09-11,2025-09-16,S010,C00213,P0023,1,1980,0,1980
O005684,2025-09-11,2025-09-11,S004,C00468,P0031,10,1380,0,13800
O005685,2025-09-11,2025-09-14,S002,C00391,P0009,2,27800,0,55600
O005686,2025-09-11,2025-09-12,S001,C00070,P0015,1,14800,0,14800
O005687,2025-09-11,2025-09-11,S009,C00310,P0021,2,5900,0,11800
O005688,2025-09-12,2025-09-15,S001,C00563,P0001,1,128000,0,128000
O005689,2025-09-12,2025-09-12,S007,C00313,P0022,1,6460,0.05,6460
O005690,2025-09-12,2025-09-14,S014,C00132,P0018,2,5900,0,11800
O005691,2025-09-12,2025-09-13,S012,C00347,P0025,1,1580,0,1580
O005692,2025-09-12,2025-09-12,S006,C00547,P0031,2,1311,0.05,2622
O005693,2025-09-12,2025-09-12,S014,C00522,P0002,1,214200,0.1,214200
O005694,2025-09-12,2025-09-12,S003,C00561,P0026,1,1881,0.05,1881
O005695,2025-09-12,2025-09-12,S014,C00295,P0028,2,3200,0,6400
O005696,2025-09-12,2025-09-12,S011,C00381,P0006,1,11800,0,11800
O005697,2025-09-13,2025-09-15,S014,C00343,P0015,1,14800,0,14800
O005698,2025-09-13,2025-09-15,S011,C00274,P0026,1,1980,0,1980
O005699,2025-09-13,2025-09-15,S007,C00095,P0032,2,3980,0,7960
O005700,2025-09-13,2025-09-15,S002,C00225,P0002,1,238000,0,238000
O005701,2025-09-13,2025-09-13,S014,C00587,P0017,1,16800,0,16800
O005702,2025-09-13,2025-09-14,S007,C00019,P0019,1,2980,0,2980
O005703,2025-09-13,2025-09-13,S005,C00286,P0007,1,32800,0,32800
O005704,2025-09-13,2025-09-15,S007,C00527,P0022,1,6800,0,6800
O005705,2025-09-13,2025-09-14,S007,C00056,P0032,2,3980,0,7960
O005706,2025-09-13,2025-09-18,S011,C00002,P0031,1,1104,0.2,1104
O005707,2025-09-13,2025-09-16,S002,C00291,P0020,1,7900,0,7900
O005708,2025-09-13,2025-09-16,S005,C00229,P0015,1,14800,0,14800
O005709,2025-09-14,2025-09-14,S007,C00569,P0015,1,14800,0,14800
O005710,2025-09-14,2025-09-17,S006,C00071,P0008,1,4900,0,4900
O005711,2025-09-14,2025-09-15,S012,C00079,P0026,2,1980,0,3960
O005712,2025-09-14,2025-09-15,S001,C00272,P0022,1,6800,0,6800
O005713,2025-09-14,2025-09-15,S010,C00242,P0004,1,112000,0,112000
O005714,2025-09-14,2025-09-16,S012,C00237,P0011,1,6980,0,6980
O005715,2025-09-14,2025-09-15,S008,C00053,P0006,1,11800,0,11800
O005716,2025-09-14,2025-09-15,S011,C00341,P0004,2,112000,0,224000
O005717,2025-09-14,2025-09-17,S007,C00578,P0001,1,121600,0.05,121600
O005718,2025-09-14,2025-09-14,S009,C00257,P0006,3,11800,0,35400
O005719,2025-09-14,2025-09-15,S014,C00561,P0001,1,128000,0,128000
O005720,2025-09-14,2025-09-16,S011,C00037,P0019,1,2980,0,2980
O005721,2025-09-14,2025-09-15,S011,C00508,P0022,1,6800,0,6800
O005722,2025-09-14,2025-09-14,S002,C00221,P0016,1,4900,0,4900
O005723,2025-09-14,2025-09-17,S011,C00042,P0008,2,4900,0,9800
O005724,2025-09-15,2025-09-17,S007,C00083,P0018,2,5900,0,11800
O005725,2025-09-15,2025-09-15,S004,C00018,P0018,1,5310,0.1,5310
O005726,2025-09-15,2025-09-17,S003,C00499,P0020,1,7900,0,7900
O005727,2025-09-15,2025-09-16,S003,C00220,P0011,1,6980,0,6980
O005728,2025-09-15,2025-09-16,S014,C00071,P0015,2,14800,0,29600
O005729,2025-09-15,2025-09-15,S007,C00352,P0006,1,11800,0,11800
O005730,2025-09-15,2025-09-20,S011,C00064,P0030,1,780,0,780
O005731,2025-09-15,2025-09-15,S009,C00268,P0002,1,238000,0,238000
O005732,2025-09-15,2025-09-16,S012,C00254,P0032,2,3980,0,7960
O005733,2025-09-15,2025-09-15,S006,C00347,P0014,1,16800,0,16800
O005734,2025-09-15,2025-09-15,S001,C00069,P0025,2,1580,0,3160
O005735,2025-09-15,2025-09-17,S002,C00176,P0001,1,128000,0,128000
O005736,2025-09-15,2025-09-16,S008,C00447,P0023,3,1980,0,5940
O005737,2025-09-15,2025-09-17,S008,C00105,P0023,1,1980,0,1980
O005738,2025-09-16,2025-09-16,S002,C00165,P0003,1,51300,0.05,51300
O005739,2025-09-16,2025-09-16,S005,C00422,P0006,5,10620,0.1,53100
O005740,2025-09-16,2025-09-17,S002,C00213,P0014,1,16800,0,16800
O005741,2025-09-16,2025-09-18,S007,C00065,P0008,1,4900,0,4900
O005742,2025-09-16,2025-09-17,S014,C00238,P0015,2,14800,0,29600
O005743,2025-09-16,2025-09-18,S005,C00148,P0010,2,26820,0.1,53640
O005744,2025-09-16,2025-09-17,S002,C00291,P0024,1,1280,0,1280
O005745,2025-09-16,2025-09-19,S013,C00596,P0017,1,16800,0,16800
O005746,2025-09-16,2025-09-16,S012,C00138,P0013,2,17820,0.1,35640
O005747,2025-09-16,2025-09-17,S012,C00265,P0015,2,14800,0,29600
O005748,2025-09-17,2025-09-20,S001,C00152,P0025,1,1501,0.05,1501
O005749,2025-09-17,2025-09-18,S004,C00114,P0007,1,32800,0,32800
O005750,2025-09-17,2025-09-17,S003,C00198,P0013,1,19800,0,19800
O005751,2025-09-17,2025-09-17,S002,C00238,P0003,1,54000,0,54000
O005752,2025-09-17,2025-09-18,S002,C00341,P0002,1,238000,0,238000
O005753,2025-09-17,2025-09-18,S002,C00325,P0023,2,1881,0.05,3762
O005754,2025-09-17,2025-09-18,S004,C00313,P0028,1,3040,0.05,3040
O005755,2025-09-17,2025-09-18,S012,C00112,P0007,1,29520,0.1,29520
O005756,2025-09-17,2025-09-19,S009,C00425,P0012,1,64800,0,64800
O005757,2025-09-17,2025-09-17,S005,C00255,P0027,1,1422,0.1,1422
O005758,2025-09-17,2025-09-18,S001,C00583,P0028,2,3200,0,6400
O005759,2025-09-17,2025-09-19,S006,C00452,P0005,1,3040,0.05,3040
O005760,2025-09-17,2025-09-17,S006,C00560,P0004,2,106400,0.05,212800
O005761,2025-09-18,2025-09-18,S007,C00081,P0015,1,14800,0,14800
O005762,2025-09-18,2025-09-19,S007,C00070,P0027,5,1501,0.05,7505
O005763,2025-09-18,2025-09-18,S009,C00484,P0007,1,32800,0,32800
O005764,2025-09-18,2025-09-23,S001,C00139,P0016,1,4900,0,4900
O005765,2025-09-18,2025-09-19,S006,C00456,P0001,1,128000,0,128000
O005766,2025-09-18,2025-09-18,S001,C00025,P0027,3,1580,0,4740
O005767,2025-09-18,2025-09-23,S009,C00134,P0003,1,54000,0,54000
O005768,2025-09-18,2025-09-18,S004,C00548,P0028,2,3200,0,6400
O005769,2025-09-18,2025-09-23,S013,C00045,P0015,2,14800,0,29600
O005770,2025-09-19,2025-09-19,S002,C00544,P0032,1,3980,0,3980
O005771,2025-09-19,2025-09-19,S007,C00442,P0022,1,6800,0,6800
O005772,2025-09-19,2025-09-24,S008,C00289,P0018,2,5900,0,11800
O005773,2025-09-19,2025-09-21,S004,C00308,P0009,2,26410,0.05,52820
O005774,2025-09-19,2025-09-20,S006,C00506,P0024,1,1280,0,1280
O005775,2025-09-19,2025-09-20,S011,C00362,P0001,1,128000,0,128000
O005776,2025-09-19,2025-09-22,S002,C00260,P0002,1,238000,0,238000
O005777,2025-09-19,2025-09-20,S013,C00010,P0028,1,2880,0.1,2880
O005778,2025-09-19,2025-09-19,S007,C00038,P0023,2,1881,0.05,3762
O005779,2025-09-20,2025-09-20,S006,C00581,P0029,1,2180,0,2180
O005780,2025-09-20,2025-09-20,S011,C00321,P0018,3,5900,0,17700
O005781,2025-09-20,2025-09-20,S001,C00128,P0018,1,5900,0,5900
O005782,2025-09-20,2025-09-20,S001,C00398,P0032,1,3980,0,3980
O005783,2025-09-20,2025-09-22,S002,C00055,P0029,1,2180,0,2180
O005784,2025-09-20,2025-09-21,S005,C00266,P0004,1,106400,0.05,106400
O005785,2025-09-20,2025-09-20,S011,C00197,P0021,1,5310,0.1,5310
O005786,2025-09-20,2025-09-23,S006,C00010,P0015,1,14060,0.05,14060
O005787,2025-09-20,2025-09-21,S001,C00491,P0005,1,3200,0,3200
O005788,2025-09-21,2025-09-24,S008,C00587,P0030,1,780,0,780
O005789,2025-09-21,2025-09-23,S001,C00478,P0027,1,1580,0,1580
O005790,2025-09-21,2025-09-24,S003,C00488,P0014,1,16800,0,16800
O005791,2025-09-21,2025-09-22,S004,C00592,P0004,1,112000,0,112000
O005792,2025-09-21,2025-09-24,S014,C00001,P0023,2,1980,0,3960
O005793,2025-09-21,2025-09-21,S005,C00420,P0005,1,3200,0,3200
O005794,2025-09-21,2025-09-26,S001,C00430,P0008,1,4655,0.05,4655
O005795,2025-09-21,2025-09-23,S005,C00027,P0007,2,32800,0,65600
O005796,2025-09-21,2025-09-21,S003,C00374,P0007,3,32800,0,98400
O005797,2025-09-21,2025-09-23,S012,C00282,P0011,1,6980,0,6980
O005798,2025-09-21,2025-09-22,S012,C00149,P0032,1,3980,0,3980
O005799,2025-09-21,2025-09-23,S002,C00256,P0009,1,26410,0.05,26410
O005800,2025-09-21,2025-09-21,S001,C00151,P0010,2,26820,0.1,53640
O005801,2025-09-22,2025-09-23,S005,C00189,P0006,10,11800,0,118000
O005802,2025-09-22,2025-09-22,S005,C00098,P0030,1,780,0,780
O005803,2025-09-22,2025-09-22,S014,C00118,P0017,1,16800,0,16800
O005804,2025-09-22,2025-09-24,S014,C00218,P0011,1,6980,0,6980
O005805,2025-09-22,2025-09-25,S005,C00117,P0001,1,102400,0.2,102400
O005806,2025-09-22,2025-09-22,S002,C00343,P0008,1,4900,0,4900
O005807,2025-09-22,2025-09-23,S014,C00116,P0002,1,238000,0,238000
O005808,2025-09-22,2025-09-23,S014,C00412,P0026,1,1980,0,1980
O005809,2025-09-22,2025-09-23,S014,C00015,P0011,1,6980,0,6980
O005810,2025-09-22,2025-09-22,S006,C00538,P0017,1,16800,0,16800
O005811,2025-09-23,2025-09-26,S007,C00260,P0032,1,3980,0,3980
O005812,2025-09-23,2025-09-25,S001,C00548,P0026,1,1980,0,1980
O005813,2025-09-23,2025-09-25,S010,C00223,P0009,2,27800,0,55600
O005814,2025-09-23,2025-09-24,S004,C00049,P0007,2,32800,0,65600
O005815,2025-09-23,2025-09-23,S005,C00490,P0028,1,3200,0,3200
O005816,2025-09-23,2025-09-25,S005,C00572,P0010,1,29800,0,29800
O005817,2025-09-24,2025-09-24,S011,C00223,P0016,1,4655,0.05,4655
O005818,2025-09-24,2025-09-24,S014,C00550,P0015,2,14800,0,29600
O005819,2025-09-24,2025-09-27,S001,C00233,P0012,1,61560,0.05,61560
O005820,2025-09-24,2025-09-25,S012,C00473,P0021,1,5900,0,5900
O005821,2025-09-24,2025-09-26,S014,C00110,P0011,1,6980,0,6980
O005822,2025-09-24,2025-09-24,S003,C00399,P0029,1,2180,0,2180
O005823,2025-09-24,2025-09-25,S010,C00550,P0011,2,6980,0,13960
O005824,2025-09-24,2025-09-25,S003,C00192,P0029,3,2180,0,6540
O005825,2025-09-25,2025-09-25,S014,C00451,P0018,1,5900,0,5900
O005826,2025-09-25,2025-09-26,S014,C00510,P0027,2,1580,0,3160
O005827,2025-09-25,2025-09-25,S007,C00040,P0013,1,17820,0.1,17820
O005828,2025-09-25,2025-09-25,S009,C00226,P0005,1,3200,0,3200
O005829,2025-09-25,2025-09-25,S005,C00575,P0030,2,780,0,1560
O005830,2025-09-25,2025-09-25,S013,C00558,P0025,1,1580,0,1580
O005831,2025-09-26,2025-09-26,S013,C00469,P0018,2,5310,0.1,10620
O005832,2025-09-26,2025-10-01,S003,C00529,P0021,1,5900,0,5900
O005833,2025-09-26,2025-09-29,S011,C00553,P0011,1,6980,0,6980
O005834,2025-09-26,2025-09-26,S014,C00330,P0018,1,5900,0,5900
O005835,2025-09-26,2025-09-27,S009,C00455,P0029,1,2180,0,2180
O005836,2025-09-26,2025-09-27,S012,C00552,P0010,1,29800,0,29800
O005837,2025-09-27,2025-10-02,S002,C00421,P0012,1,64800,0,64800
O005838,2025-09-27,2025-09-29,S004,C00065,P0030,1,780,0,780
O005839,2025-09-27,2025-09-29,S014,C00399,P0012,1,64800,0,64800
O005840,2025-09-27,2025-09-27,S014,C00340,P0025,1,1422,0.1,1422
O005841,2025-09-27,2025-09-27,S007,C00586,P0024,5,1280,0,6400
O005842,2025-09-27,2025-09-29,S009,C00364,P0018,2,5900,0,11800
O005843,2025-09-27,2025-09-27,S007,C00235,P0021,10,5900,0,59000
O005844,2025-09-27,2025-10-02,S014,C00018,P0002,2,214200,0.1,428400
O005845,2025-09-27,2025-09-28,S011,C00470,P0007,1,32800,0,32800
O005846,2025-09-27,2025-09-28,S014,C00027,P0018,1,5900,0,5900
O005847,2025-09-27,2025-09-28,S001,C00263,P0024,1,1024,0.2,1024
O005848,2025-09-27,2025-09-27,S005,C00254,P0012,5,64800,0,324000
O005849,2025-09-27,2025-09-27,S014,C00005,P0026,1,1881,0.05,1881
O005850,2025-09-27,2025-10-02,S002,C00255,P0019,1,2980,0,2980
O005851,2025-09-27,2025-09-27,S014,C00297,P0011,1,6980,0,6980
O005852,2025-09-27,2025-09-27,S001,C00229,P0015,1,14060,0.05,14060
O005853,2025-09-27,2025-09-30,S002,C00327,P0011,2,6980,0,13960
O005854,2025-09-27,2025-09-27,S007,C00288,P0009,1,27800,0,27800
O005855,2025-09-28,2025-09-29,S011,C00010,P0028,5,3200,0,16000
O005856,2025-09-28,2025-09-28,S001,C00571,P0028,1,3040,0.05,3040
O005857,2025-09-28,2025-09-28,S012,C00595,P0012,1,64800,0,64800
O005858,2025-09-28,2025-10-03,S002,C00270,P0004,2,100800,0.1,201600
O005859,2025-09-28,2025-09-29,S002,C00559,P0005,1,3040,0.05,3040
O005860,2025-09-28,2025-09-29,S010,C00236,P0031,1,1380,0,1380
O005861,2025-09-28,2025-09-29,S004,C00483,P0020,2,7900,0,15800
O005862,2025-09-28,2025-09-29,S007,C00092,P0032,2,3980,0,7960
O005863,2025-09-28,2025-09-28,S001,C00080,P0006,1,11800,0,11800
O005864,2025-09-28,2025-09-29,S014,C00150,P0028,1,3040,0.05,3040
O005865,2025-09-28,2025-09-29,S008,C00081,P0017,1,16800,0,16800
O005866,2025-09-28,2025-09-29,S005,C00193,P0029,2,2180,0,4360
O005867,2025-09-29,2025-09-30,S005,C00476,P0009,2,27800,0,55600
O005868,2025-09-29,2025-09-30,S013,C00071,P0014,1,16800,0,16800
O005869,2025-09-29,2025-09-29,S007,C00123,P0011,2,6980,0,13960
O005870,2025-09-29,2025-09-29,S010,C00080,P0027,1,1580,0,1580
O005871,2025-09-29,2025-10-04,S012,C00460,P0028,1,3200,0,3200
O005872,2025-09-29,2025-10-02,S005,C00385,P0022,1,6800,0,6800
O005873,2025-09-29,2025-09-30,S004,C00188,P0015,2,14800,0,29600
O005874,2025-09-30,2025-10-01,S012,C00542,P0012,1,64800,0,64800
O005875,2025-09-30,2025-10-02,S013,C00287,P0006,1,11210,0.05,11210
O005876,2025-09-30,2025-10-02,S007,C00587,P0005,1,3200,0,3200
O005877,2025-09-30,2025-09-30,S006,C00437,P0002,1,238000,0,238000
O005878,2025-09-30,2025-09-30,S006,C00535,P0011,2,6980,0,13960
O005879,2025-09-30,2025-10-03,S004,C00489,P0013,1,19800,0,19800
O005880,2025-09-30,2025-10-01,S007,C00035,P0018,1,5900,0,5900
O005881,2025-10-01,2025-10-06,S014,C00375,P0009,3,27800,0,83400
O005882,2025-10-01,2025-10-01,S012,C00356,P0018,1,5310,0.1,5310
O005883,2025-10-01,2025-10-01,S010,C00246,P0014,1,16800,0,16800
O005884,2025-10-01,2025-10-06,S004,C00188,P0009,2,27800,0,55600
O005885,2025-10-01,2025-10-03,S006,C00423,P0014,1,16800,0,16800
O005886,2025-10-01,2025-10-01,S014,C00286,P0013,1,19800,0,19800
O005887,2025-10-01,2025-10-04,S005,C00195,P0001,2,128000,0,256000
O005888,2025-10-01,2025-10-01,S011,C00184,P0015,10,14800,0,148000
O005889,2025-10-01,2025-10-02,S014,C00212,P0002,1,238000,0,238000
O005890,2025-10-01,2025-10-01,S014,C00072,P0022,1,6800,0,6800
O005891,2025-10-02,2025-10-05,S011,C00109,P0029,1,2180,0,2180
O005892,2025-10-02,2025-10-05,S003,C00374,P0001,1,128000,0,128000
O005893,2025-10-03,2025-10-03,S014,C00191,P0020,2,7900,0,15800
O005894,2025-10-03,2025-10-03,S010,C00127,P0031,2,1380,0,2760
O005895,2025-10-03,2025-10-04,S001,C00479,P0022,1,6800,0,6800
O005896,2025-10-03,2025-10-03,S001,C00551,P0017,2,16800,0,33600
O005897,2025-10-03,2025-10-03,S005,C00117,P0022,1,6800,0,6800
O005898,2025-10-03,2025-10-03,S003,C00421,P0005,1,2560,0.2,2560
O005899,2025-10-03,2025-10-04,S002,C00298,P0014,2,15960,0.05,31920
O005900,2025-10-03,2025-10-06,S011,C00419,P0019,1,2384,0.2,2384
O005901,2025-10-03,2025-10-05,S001,C00277,P0027,1,1580,0,1580
O005902,2025-10-03,2025-10-04,S008,C00346,P0030,1,780,0,780
O005903,2025-10-03,2025-10-03,S009,C00565,P0022,1,6800,0,6800
O005904,2025-10-03,2025-10-03,S014,C00416,P0011,1,6980,0,6980
O005905,2025-10-03,2025-10-04,S014,C00420,P0031,1,1380,0,1380
O005906,2025-10-03,2025-10-06,S002,C00585,P0010,1,29800,0,29800
O005907,2025-10-03,2025-10-04,S002,C00168,P0027,1,1580,0,1580
O005908,2025-10-04,2025-10-04,S005,C00423,P0002,2,190400,0.2,380800
O005909,2025-10-04,2025-10-04,S002,C00531,P0019,5,2980,0,14900
O005910,2025-10-04,2025-10-04,S007,C00585,P0029,1,1962,0.1,1962
O005911,2025-10-04,2025-10-05,S011,C00160,P0013,1,19800,0,19800
O005912,2025-10-04,2025-10-04,S014,C00347,P0018,1,5900,0,5900
O005913,2025-10-04,2025-10-05,S010,C00501,P0012,1,64800,0,64800
O005914,2025-10-04,2025-10-04,S011,C00186,P0004,2,112000,0,224000
O005915,2025-10-04,2025-10-04,S007,C00478,P0011,3,6980,0,20940
O005916,2025-10-04,2025-10-04,S001,C00453,P0002,1,238000,0,238000
O005917,2025-10-05,2025-10-08,S010,C00123,P0009,1,27800,0,27800
O005918,2025-10-05,2025-10-06,S001,C00391,P0008,1,4900,0,4900
O005919,2025-10-05,2025-10-07,S014,C00051,P0011,1,6980,0,6980
O005920,2025-10-05,2025-10-05,S013,C00459,P0004,1,100800,0.1,100800
O005921,2025-10-05,2025-10-05,S012,C00456,P0025,2,1580,0,3160
O005922,2025-10-05,2025-10-07,S002,C00269,P0010,10,29800,0,298000
O005923,2025-10-05,2025-10-06,S014,C00141,P0029,1,1962,0.1,1962
O005924,2025-10-05,2025-10-10,S005,C00410,P0014,1,15960,0.05,15960
O005925,2025-10-05,2025-10-08,S013,C00080,P0030,1,780,0,780
O005926,2025-10-05,2025-10-05,S013,C00127,P0017,1,15960,0.05,15960
O005927,2025-10-06,2025-10-06,S004,C00083,P0027,5,1580,0,7900
O005928,2025-10-06,2025-10-06,S008,C00144,P0006,2,11800,0,23600
O005929,2025-10-06,2025-10-08,S002,C00334,P0002,1,238000,0,238000
O005930,2025-10-06,2025-10-06,S010,C00020,P0019,3,2980,0,8940
O005931,2025-10-06,2025-10-07,S001,C00379,P0001,1,115200,0.1,115200
O005932,2025-10-07,2025-10-07,S007,C00554,P0010,1,29800,0,29800
O005933,2025-10-07,2025-10-07,S010,C00375,P0030,1,780,0,780
O005934,2025-10-07,2025-10-07,S002,C00035,P0027,1,1580,0,1580
O005935,2025-10-07,2025-10-10,S009,C00051,P0004,3,112000,0,336000
O005936,2025-10-07,2025-10-09,S005,C00090,P0028,1,3200,0,3200
O005937,2025-10-08,2025-10-09,S006,C00456,P0025,2,1580,0,3160
O005938,2025-10-08,2025-10-10,S001,C00483,P0012,2,64800,0,129600
O005939,2025-10-08,2025-10-09,S003,C00006,P0025,1,1580,0,1580
O005940,2025-10-08,2025-10-09,S001,C00081,P0004,2,112000,0,224000
O005941,2025-10-08,2025-10-09,S005,C00113,P0018,1,5900,0,5900
O005942,2025-10-08,2025-10-08,S002,C00195,P0024,3,1280,0,3840
O005943,2025-10-08,2025-10-08,S014,C00515,P0018,1,5900,0,5900
O005944,2025-10-08,2025-10-10,S001,C00372,P0021,1,5900,0,5900
O005945,2025-10-08,2025-10-10,S009,C00437,P0001,1,121600,0.05,121600
O005946,2025-10-08,2025-10-10,S014,C00054,P0028,2,3200,0,6400
O005947,2025-10-08,2025-10-10,S007,C00228,P0020,1,7900,0,7900
O005948,2025-10-09,2025-10-12,S001,C00386,P0002,1,238000,0,238000
O005949,2025-10-10,2025-10-12,S001,C00256,P0028,1,3200,0,3200
O005950,2025-10-10,2025-10-10,S004,C00252,P0023,1,1980,0,1980
O005951,2025-10-10,2025-10-10,S005,C00134,P0029,1,1744,0.2,1744
O005952,2025-10-10,2025-10-11,S002,C00572,P0023,1,1980,0,1980
O005953,2025-10-10,2025-10-10,S002,C00122,P0021,1,5900,0,5900
O005954,2025-10-10,2025-10-10,S014,C00126,P0006,1,11800,0,11800
O005955,2025-10-10,2025-10-10,S001,C00496,P0020,1,7900,0,7900
O005956,2025-10-10,2025-10-13,S013,C00088,P0021,1,5900,0,5900
O005957,2025-10-10,2025-10-11,S014,C00585,P0028,1,3200,0,3200
O005958,2025-10-11,2025-10-12,S003,C00029,P0030,1,780,0,780
O005959,2025-10-11,2025-10-11,S007,C00091,P0018,1,5900,0,5900
O005960,2025-10-11,2025-10-12,S007,C00153,P0032,1,3184,0.2,3184
O005961,2025-10-11,2025-10-12,S002,C00485,P0032,1,3980,0,3980
O005962,2025-10-11,2025-10-11,S004,C00195,P0019,2,2980,0,5960
O005963,2025-10-11,2025-10-12,S005,C00051,P0016,2,4655,0.05,9310
O005964,2025-10-11,2025-10-11,S012,C00470,P0014,1,16800,0,16800
O005965,2025-10-11,2025-10-11,S009,C00368,P0013,2,15840,0.2,31680
O005966,2025-10-11,2025-10-11,S003,C00442,P0013,1,19800,0,19800
O005967,2025-10-11,2025-10-11,S003,C00411,P0032,2,3980,0,7960
O005968,2025-10-11,2025-10-11,S001,C00235,P0013,2,17820,0.1,35640
O005969,2025-10-12,2025-10-13,S014,C00166,P0030,2,780,0,1560
O005970,2025-10-12,2025-10-12,S009,C00551,P0004,1,112000,0,112000
O005971,2025-10-12,2025-10-12,S002,C00347,P0026,1,1980,0,1980
O005972,2025-10-12,2025-10-17,S005,C00214,P0016,2,4900,0,9800
O005973,2025-10-12,2025-10-12,S003,C00062,P0005,2,3200,0,6400
O005974,2025-10-12,2025-10-13,S001,C00024,P0021,1,5900,0,5900
O005975,2025-10-12,2025-10-12,S006,C00308,P0030,3,741,0.05,2223
O005976,2025-10-12,2025-10-13,S010,C00200,P0007,1,32800,0,32800
O005977,2025-10-12,2025-10-12,S012,C00364,P0018,2,5900,0,11800
O005978,2025-10-12,2025-10-15,S008,C00592,P0003,2,43200,0.2,86400
O005979,2025-10-12,2025-10-12,S012,C00492,P0022,1,6800,0,6800
O005980,2025-10-12,2025-10-12,S014,C00506,P0010,1,29800,0,29800
O005981,2025-10-12,2025-10-12,S007,C00230,P0016,1,4900,0,4900
O005982,2025-10-12,2025-10-12,S005,C00324,P0003,2,54000,0,108000
O005983,2025-10-13,2025-10-14,S014,C00214,P0024,1,1280,0,1280
O005984,2025-10-13,2025-10-13,S004,C00206,P0026,1,1782,0.1,1782
O005985,2025-10-13,2025-10-16,S009,C00064,P0003,1,54000,0,54000
O005986,2025-10-13,2025-10-16,S004,C00107,P0011,2,6980,0,13960
O005987,2025-10-13,2025-10-15,S013,C00401,P0025,1,1580,0,1580
O005988,2025-10-14,2025-10-14,S007,C00074,P0009,1,27800,0,27800
O005989,2025-10-14,2025-10-15,S013,C00045,P0006,1,11800,0,11800
O005990,2025-10-14,2025-10-14,S002,C00081,P0032,1,3980,0,3980
O005991,2025-10-14,2025-10-17,S014,C00074,P0019,1,2980,0,2980
O005992,2025-10-14,2025-10-15,S009,C00021,P0007,1,32800,0,32800
O005993,2025-10-14,2025-10-14,S003,C00341,P0021,1,5900,0,5900
O005994,2025-10-14,2025-10-14,S012,C00019,P0016,2,4900,0,9800
O005995,2025-10-15,2025-10-17,S001,C00255,P0007,2,29520,0.1,59040
O005996,2025-10-15,2025-10-15,S010,C00438,P0004,1,112000,0,112000
O005997,2025-10-15,2025-10-16,S011,C00399,P0020,2,7900,0,15800
O005998,2025-10-15,2025-10-17,S014,C00291,P0007,1,32800,0,32800
O005999,2025-10-15,2025-10-16,S001,C00023,P0029,1,2180,0,2180
O006000,2025-10-15,2025-10-15,S012,C00082,P0017,1,16800,0,16800
O006001,2025-10-15,2025-10-15,S011,C00333,P0013,1,19800,0,19800
O006002,2025-10-15,2025-10-15,S009,C00577,P0009,1,27800,0,27800
O006003,2025-10-15,2025-10-15,S008,C00568,P0009,2,25020,0.1,50040
O006004,2025-10-15,2025-10-16,S008,C00109,P0017,2,16800,0,33600
O006005,2025-10-15,2025-10-15,S002,C00259,P0008,2,4900,0,9800
O006006,2025-10-15,2025-10-15,S002,C00447,P0005,1,2880,0.1,2880
O006007,2025-10-16,2025-10-18,S003,C00493,P0031,1,1380,0,1380
O006008,2025-10-16,2025-10-16,S005,C00294,P0020,1,7900,0,7900
O006009,2025-10-16,2025-10-16,S014,C00190,P0029,1,2180,0,2180
O006010,2025-10-16,2025-10-17,S002,C00203,P0032,5,3781,0.05,18905
O006011,2025-10-16,2025-10-16,S010,C00385,P0023,1,1782,0.1,1782
O006012,2025-10-16,2025-10-17,S014,C00293,P0030,1,780,0,780
O006013,2025-10-16,2025-10-16,S001,C00290,P0030,2,624,0.2,1248
O006014,2025-10-16,2025-10-17,S007,C00590,P0007,2,31160,0.05,62320
O006015,2025-10-16,2025-10-16,S012,C00036,P0017,2,16800,0,33600
O006016,2025-10-16,2025-10-17,S003,C00186,P0027,1,1580,0,1580
O006017,2025-10-17,2025-10-18,S005,C00396,P0008,1,4900,0,4900
O006018,2025-10-17,2025-10-19,S001,C00586,P0032,1,3980,0,3980
O006019,2025-10-17,2025-10-18,S014,C00067,P0019,1,2980,0,2980
O006020,2025-10-17,2025-10-17,S009,C00266,P0003,2,54000,0,108000
O006021,2025-10-17,2025-10-17,S001,C00539,P0018,1,5900,0,5900
O006022,2025-10-18,2025-10-23,S003,C00004,P0030,1,780,0,780
O006023,2025-10-18,2025-10-20,S014,C00287,P0026,1,1782,0.1,1782
O006024,2025-10-18,2025-10-18,S002,C00164,P0032,1,3582,0.1,3582
O006025,2025-10-18,2025-10-18,S014,C00315,P0015,2,14800,0,29600
O006026,2025-10-18,2025-10-18,S004,C00169,P0024,1,1280,0,1280
O006027,2025-10-18,2025-10-19,S007,C00430,P0015,1,14800,0,14800
O006028,2025-10-18,2025-10-19,S006,C00047,P0006,2,11210,0.05,22420
O006029,2025-10-18,2025-10-18,S001,C00466,P0010,1,29800,0,29800
O006030,2025-10-18,2025-10-23,S003,C00401,P0032,1,3980,0,3980
O006031,2025-10-18,2025-10-18,S012,C00327,P0032,1,3582,0.1,3582
O006032,2025-10-18,2025-10-19,S003,C00460,P0010,1,29800,0,29800
O006033,2025-10-18,2025-10-18,S004,C00501,P0018,1,5900,0,5900
O006034,2025-10-18,2025-10-21,S001,C00395,P0020,1,7900,0,7900
O006035,2025-10-19,2025-10-19,S009,C00338,P0013,1,19800,0,19800
O006036,2025-10-19,2025-10-19,S013,C00265,P0007,2,31160,0.05,62320
O006037,2025-10-19,2025-10-20,S013,C00110,P0015,2,14800,0,29600
O006038,2025-10-19,2025-10-20,S008,C00367,P0017,2,16800,0,33600
O006039,2025-10-19,2025-10-20,S005,C00095,P0017,1,16800,0,16800
O006040,2025-10-19,2025-10-21,S007,C00520,P0009,3,22240,0.2,66720
O006041,2025-10-19,2025-10-19,S002,C00426,P0005,2,3200,0,6400
O006042,2025-10-19,2025-10-24,S007,C00378,P0003,1,54000,0,54000
O006043,2025-10-19,2025-10-22,S005,C00381,P0022,1,6800,0,6800
O006044,2025-10-20,2025-10-21,S014,C00112,P0025,1,1580,0,1580
O006045,2025-10-20,2025-10-21,S002,C00261,P0027,1,1580,0,1580
O006046,2025-10-20,2025-10-21,S003,C00208,P0025,1,1580,0,1580
O006047,2025-10-20,2025-10-20,S012,C00332,P0022,1,6800,0,6800
O006048,2025-10-20,2025-10-20,S010,C00123,P0015,3,14800,0,44400
O006049,2025-10-21,2025-10-23,S002,C00465,P0002,1,226100,0.05,226100
O006050,2025-10-21,2025-10-21,S002,C00008,P0032,2,3980,0,7960
O006051,2025-10-21,2025-10-24,S004,C00167,P0014,1,16800,0,16800
O006052,2025-10-21,2025-10-22,S005,C00193,P0005,1,3200,0,3200
O006053,2025-10-21,2025-10-21,S013,C00418,P0030,1,780,0,780
O006054,2025-10-21,2025-10-22,S014,C00329,P0024,2,1216,0.05,2432
O006055,2025-10-21,2025-10-21,S006,C00125,P0032,1,3980,0,3980
O006056,2025-10-21,2025-10-21,S014,C00227,P0007,1,32800,0,32800
O006057,2025-10-21,2025-10-23,S011,C00086,P0006,2,11800,0,23600
O006058,2025-10-21,2025-10-21,S008,C00232,P0011,2,6980,0,13960
O006059,2025-10-22,2025-10-22,S004,C00234,P0002,1,226100,0.05,226100
O006060,2025-10-22,2025-10-23,S004,C00356,P0010,1,23840,0.2,23840
O006061,2025-10-22,2025-10-27,S014,C00451,P0014,1,16800,0,16800
O006062,2025-10-22,2025-10-25,S014,C00276,P0027,1,1580,0,1580
O006063,2025-10-22,2025-10-27,S012,C00323,P0020,1,7900,0,7900
O006064,2025-10-22,2025-10-24,S005,C00349,P0010,2,29800,0,59600
O006065,2025-10-22,2025-10-23,S014,C00359,P0028,1,3200,0,3200
O006066,2025-10-22,2025-10-24,S007,C00139,P0022,2,6800,0,13600
O006067,2025-10-22,2025-10-23,S014,C00453,P0009,1,27800,0,27800
O006068,2025-10-23,2025-10-23,S007,C00301,P0016,3,4900,0,14700
O006069,2025-10-23,2025-10-24,S007,C00368,P0013,1,18810,0.05,18810
O006070,2025-10-23,2025-10-23,S013,C00335,P0004,1,112000,0,112000
O006071,2025-10-23,2025-10-26,S008,C00323,P0003,1,54000,0,54000
O006072,2025-10-23,2025-10-23,S014,C00344,P0032,1,3781,0.05,3781
O006073,2025-10-23,2025-10-26,S001,C00275,P0001,1,102400,0.2,102400
O006074,2025-10-23,2025-10-23,S005,C00562,P0024,2,1280,0,2560
O006075,2025-10-23,2025-10-24,S002,C00337,P0006,1,11800,0,11800
O006076,2025-10-23,2025-10-24,S007,C00494,P0028,2,3200,0,6400
O006077,2025-10-23,2025-10-26,S002,C00146,P0011,1,6980,0,6980
O006078,2025-10-24,2025-10-24,S008,C00276,P0030,2,780,0,1560
O006079,2025-10-24,2025-10-24,S014,C00367,P0015,2,14800,0,29600
O006080,2025-10-24,2025-10-25,S001,C00225,P0007,1,32800,0,32800
O006081,2025-10-24,2025-10-26,S006,C00024,P0002,1,226100,0.05,226100
O006082,2025-10-24,2025-10-24,S002,C00461,P0007,5,32800,0,164000
O006083,2025-10-24,2025-10-27,S001,C00084,P0008,1,4655,0.05,4655
O006084,2025-10-24,2025-10-26,S009,C00012,P0005,1,3200,0,3200
O006085,2025-10-25,2025-10-25,S014,C00241,P0013,1,19800,0,19800
O006086,2025-10-25,2025-10-27,S012,C00032,P0015,1,14060,0.05,14060
O006087,2025-10-25,2025-10-27,S001,C00239,P0016,1,4900,0,4900
O006088,2025-10-25,2025-10-25,S011,C00460,P0006,1,11800,0,11800
O006089,2025-10-25,2025-10-28,S005,C00107,P0019,1,2980,0,2980
O006090,2025-10-25,2025-10-28,S014,C00312,P0032,1,3980,0,3980
O006091,2025-10-25,2025-10-27,S001,C00386,P0013,1,19800,0,19800
O006092,2025-10-25,2025-10-25,S005,C00309,P0015,2,14800,0,29600
O006093,2025-10-25,2025-10-25,S001,C00006,P0030,2,780,0,1560
O006094,2025-10-25,2025-10-26,S008,C00561,P0008,1,4900,0,4900
O006095,2025-10-25,2025-10-28,S011,C00289,P0010,1,28310,0.05,28310
O006096,2025-10-25,2025-10-25,S001,C00268,P0011,5,6980,0,34900
O006097,2025-10-25,2025-10-27,S008,C00479,P0030,3,624,0.2,1872
O006098,2025-10-25,2025-10-26,S012,C00360,P0004,1,112000,0,112000
O006099,2025-10-25,2025-10-25,S006,C00417,P0026,2,1980,0,3960
O006100,2025-10-25,2025-10-26,S014,C00475,P0004,1,112000,0,112000
O006101,2025-10-26,2025-10-27,S001,C00229,P0005,1,3200,0,3200
O006102,2025-10-26,2025-10-26,S011,C00091,P0017,5,16800,0,84000
O006103,2025-10-26,2025-10-27,S005,C00252,P0023,2,1980,0,3960
O006104,2025-10-26,2025-10-26,S013,C00127,P0023,1,1980,0,1980
O006105,2025-10-26,2025-10-26,S002,C00453,P0021,1,5310,0.1,5310
O006106,2025-10-26,2025-10-26,S005,C00500,P0024,1,1152,0.1,1152
O006107,2025-10-26,2025-10-27,S012,C00075,P0011,1,6980,0,6980
O006108,2025-10-26,2025-10-26,S003,C00417,P0012,1,64800,0,64800
O006109,2025-10-26,2025-10-26,S012,C00013,P0026,1,1980,0,1980
O006110,2025-10-26,2025-10-26,S001,C00535,P0019,1,2831,0.05,2831
O006111,2025-10-26,2025-10-29,S006,C00390,P0011,1,6631,0.05,6631
O006112,2025-10-26,2025-10-26,S010,C00090,P0004,1,112000,0,112000
O006113,2025-10-26,2025-10-28,S003,C00020,P0021,1,5605,0.05,5605
O006114,2025-10-26,2025-10-26,S005,C00533,P0019,1,2980,0,2980
O006115,2025-10-26,2025-10-26,S008,C00599,P0004,3,112000,0,336000
O006116,2025-10-27,2025-10-27,S012,C00500,P0002,2,238000,0,476000
O006117,2025-10-27,2025-10-27,S006,C00058,P0031,1,1380,0,1380
O006118,2025-10-27,2025-10-28,S001,C00135,P0017,1,16800,0,16800
O006119,2025-10-27,2025-10-28,S001,C00192,P0012,3,64800,0,194400
O006120,2025-10-27,2025-10-28,S001,C00327,P0001,1,102400,0.2,102400
O006121,2025-10-27,2025-10-30,S002,C00558,P0007,2,32800,0,65600
O006122,2025-10-27,2025-10-29,S002,C00593,P0017,1,15960,0.05,15960
O006123,2025-10-27,2025-10-27,S011,C00344,P0010,2,28310,0.05,56620
O006124,2025-10-27,2025-10-27,S010,C00577,P0030,1,780,0,780
O006125,2025-10-27,2025-10-29,S001,C00256,P0029,1,2180,0,2180
O006126,2025-10-28,2025-10-28,S002,C00518,P0020,1,7900,0,7900
O006127,2025-10-28,2025-10-29,S005,C00223,P0006,1,11800,0,11800
O006128,2025-10-28,2025-10-30,S008,C00459,P0017,1,16800,0,16800
O006129,2025-10-28,2025-10-28,S007,C00078,P0003,2,54000,0,108000
O006130,2025-10-28,2025-10-31,S005,C00572,P0019,1,2980,0,2980
O006131,2025-10-28,2025-10-30,S008,C00370,P0032,1,3781,0.05,3781
O006132,2025-10-28,2025-10-28,S012,C00106,P0011,1,6631,0.05,6631
O006133,2025-10-28,2025-10-30,S007,C00131,P0024,1,1280,0,1280
O006134,2025-10-29,2025-11-01,S008,C00436,P0030,2,780,0,1560
O006135,2025-10-29,2025-10-29,S008,C00322,P0026,5,1881,0.05,9405
O006136,2025-10-29,2025-10-29,S001,C00508,P0002,1,238000,0,238000
O006137,2025-10-29,2025-10-29,S007,C00269,P0006,1,11800,0,11800
O006138,2025-10-29,2025-10-31,S008,C00546,P0007,1,32800,0,32800
O006139,2025-10-29,2025-10-29,S011,C00049,P0024,3,1280,0,3840
O006140,2025-10-30,2025-11-04,S014,C00403,P0016,1,4900,0,4900
O006141,2025-10-30,2025-11-02,S013,C00421,P0009,2,27800,0,55600
O006142,2025-10-30,2025-10-30,S005,C00305,P0001,1,121600,0.05,121600
O006143,2025-10-30,2025-10-30,S006,C00012,P0009,1,27800,0,27800
O006144,2025-10-30,2025-10-30,S001,C00201,P0001,2,128000,0,256000
O006145,2025-10-30,2025-10-30,S004,C00558,P0018,2,5900,0,11800
O006146,2025-10-30,2025-10-30,S001,C00585,P0027,5,1501,0.05,7505
O006147,2025-10-30,2025-11-04,S005,C00127,P0019,1,2980,0,2980
O006148,2025-10-30,2025-11-01,S014,C00331,P0027,1,1580,0,1580
O006149,2025-10-30,2025-11-01,S008,C00032,P0006,1,11800,0,11800
O006150,2025-10-31,2025-10-31,S011,C00321,P0020,1,7900,0,7900
O006151,2025-10-31,2025-10-31,S005,C00575,P0024,1,1280,0,1280
O006152,2025-10-31,2025-11-01,S010,C00254,P0006,1,9440,0.2,9440
O006153,2025-10-31,2025-11-01,S001,C00194,P0005,3,3200,0,9600
O006154,2025-10-31,2025-11-01,S002,C00372,P0025,2,1501,0.05,3002
O006155,2025-10-31,2025-11-01,S005,C00544,P0006,1,11800,0,11800
O006156,2025-10-31,2025-11-05,S005,C00333,P0025,1,1580,0,1580
O006157,2025-11-01,2025-11-02,S014,C00363,P0010,1,29800,0,29800
O006158,2025-11-01,2025-11-02,S013,C00315,P0001,1,128000,0,128000
O006159,2025-11-01,2025-11-01,S001,C00335,P0005,1,3200,0,3200
O006160,2025-11-01,2025-11-02,S001,C00098,P0022,1,6800,0,6800
O006161,2025-11-01,2025-11-02,S004,C00330,P0004,3,106400,0.05,319200
O006162,2025-11-01,2025-11-06,S001,C00458,P0001,1,128000,0,128000
O006163,2025-11-01,2025-11-01,S010,C00329,P0006,1,11800,0,11800
O006164,2025-11-01,2025-11-03,S014,C00343,P0013,1,19800,0,19800
O006165,2025-11-01,2025-11-03,S007,C00446,P0020,1,7900,0,7900
O006166,2025-11-01,2025-11-02,S007,C00415,P0002,1,214200,0.1,214200
O006167,2025-11-01,2025-11-01,S011,C00544,P0004,1,112000,0,112000
O006168,2025-11-01,2025-11-02,S005,C00358,P0028,1,3200,0,3200
O006169,2025-11-01,2025-11-04,S014,C00425,P0026,1,1980,0,1980
O006170,2025-11-01,2025-11-02,S014,C00597,P0004,1,112000,0,112000
O006171,2025-11-01,2025-11-03,S001,C00352,P0010,2,26820,0.1,53640
O006172,2025-11-01,2025-11-02,S002,C00143,P0030,1,780,0,780
O006173,2025-11-01,2025-11-02,S003,C00105,P0020,2,7900,0,15800
O006174,2025-11-01,2025-11-03,S011,C00335,P0012,1,64800,0,64800
O006175,2025-11-02,2025-11-03,S012,C00096,P0027,1,1580,0,1580
O006176,2025-11-02,2025-11-04,S013,C00437,P0011,1,6980,0,6980
O006177,2025-11-02,2025-11-02,S009,C00397,P0011,1,6980,0,6980
O006178,2025-11-02,2025-11-02,S001,C00355,P0009,1,27800,0,27800
O006179,2025-11-02,2025-11-02,S001,C00485,P0009,1,27800,0,27800
O006180,2025-11-02,2025-11-02,S010,C00012,P0022,1,6120,0.1,6120
O006181,2025-11-02,2025-11-02,S007,C00381,P0010,5,29800,0,149000
O006182,2025-11-02,2025-11-02,S010,C00019,P0026,1,1980,0,1980
O006183,2025-11-02,2025-11-02,S002,C00435,P0017,1,16800,0,16800
O006184,2025-11-02,2025-11-04,S007,C00146,P0001,1,121600,0.05,121600
O006185,2025-11-02,2025-11-03,S003,C00416,P0025,1,1580,0,1580
O006186,2025-11-02,2025-11-02,S014,C00339,P0015,1,14800,0,14800
O006187,2025-11-02,2025-11-04,S010,C00239,P0026,1,1584,0.2,1584
O006188,2025-11-02,2025-11-02,S011,C00076,P0031,1,1380,0,1380
O006189,2025-11-02,2025-11-04,S003,C00393,P0003,1,54000,0,54000
O006190,2025-11-02,2025-11-02,S013,C00054,P0027,2,1580,0,3160
O006191,2025-11-02,2025-11-03,S014,C00416,P0006,1,11210,0.05,11210
O006192,2025-11-03,2025-11-03,S005,C00004,P0015,1,14800,0,14800
O006193,2025-11-03,2025-11-03,S008,C00435,P0026,2,1980,0,3960
O006194,2025-11-03,2025-11-04,S005,C00377,P0013,1,19800,0,19800
O006195,2025-11-03,2025-11-04,S007,C00461,P0022,3,6800,0,20400
O006196,2025-11-03,2025-11-08,S002,C00211,P0030,2,780,0,1560
O006197,2025-11-03,2025-11-03,S010,C00466,P0025,1,1501,0.05,1501
O006198,2025-11-03,2025-11-06,S002,C00498,P0032,3,3980,0,11940
O006199,2025-11-03,2025-11-05,S014,C00503,P0013,1,18810,0.05,18810
O006200,2025-11-03,2025-11-04,S014,C00257,P0007,1,32800,0,32800
O006201,2025-11-03,2025-11-05,S014,C00163,P0028,1,3200,0,3200
O006202,2025-11-03,2025-11-03,S014,C00359,P0009,1,26410,0.05,26410
O006203,2025-11-03,2025-11-03,S011,C00183,P0013,1,19800,0,19800
O006204,2025-11-03,2025-11-03,S001,C00248,P0021,1,5900,0,5900
O006205,2025-11-04,2025-11-06,S007,C00327,P0030,1,780,0,780
O006206,2025-11-04,2025-11-04,S008,C00504,P0012,1,61560,0.05,61560
O006207,2025-11-04,2025-11-05,S005,C00076,P0002,2,238000,0,476000
O006208,2025-11-04,2025-11-04,S003,C00490,P0005,1,3200,0,3200
O006209,2025-11-04,2025-11-05,S003,C00594,P0030,2,780,0,1560
O006210,2025-11-04,2025-11-04,S013,C00160,P0003,1,54000,0,54000
O006211,2025-11-04,2025-11-04,S003,C00312,P0016,1,4410,0.1,4410
O006212,2025-11-04,2025-11-04,S009,C00180,P0032,1,3980,0,3980
O006213,2025-11-05,2025-11-08,S005,C00278,P0028,1,3200,0,3200
O006214,2025-11-05,2025-11-10,S011,C00057,P0013,2,19800,0,39600
O006215,2025-11-05,2025-11-05,S014,C00366,P0008,1,4900,0,4900
O006216,2025-11-05,2025-11-06,S007,C00301,P0014,1,16800,0,16800
O006217,2025-11-05,2025-11-06,S001,C00399,P0022,2,6800,0,13600
O006218,2025-11-06,2025-11-07,S014,C00027,P0032,2,3980,0,7960
O006219,2025-11-06,2025-11-06,S001,C00581,P0028,1,3200,0,3200
O006220,2025-11-06,2025-11-06,S007,C00564,P0022,2,6800,0,13600
O006221,2025-11-06,2025-11-06,S002,C00285,P0017,1,15960,0.05,15960
O006222,2025-11-06,2025-11-07,S001,C00263,P0015,1,14800,0,14800
O006223,2025-11-06,2025-11-06,S009,C00273,P0016,1,3920,0.2,3920
O006224,2025-11-06,2025-11-07,S005,C00478,P0022,2,6120,0.1,12240
O006225,2025-11-06,2025-11-07,S014,C00106,P0001,1,128000,0,128000
O006226,2025-11-06,2025-11-11,S009,C00403,P0018,5,5900,0,29500
O006227,2025-11-06,2025-11-07,S011,C00008,P0031,1,1380,0,1380
O006228,2025-11-06,2025-11-06,S003,C00380,P0004,1,112000,0,112000
O006229,2025-11-07,2025-11-07,S002,C00269,P0005,3,3200,0,9600
O006230,2025-11-07,2025-11-07,S001,C00011,P0031,2,1380,0,2760
O006231,2025-11-07,2025-11-07,S008,C00148,P0011,2,6631,0.05,13262
O006232,2025-11-07,2025-11-10,S008,C00043,P0010,1,29800,0,29800
O006233,2025-11-07,2025-11-10,S014,C00019,P0030,1,780,0,780
O006234,2025-11-07,2025-11-07,S012,C00277,P0011,1,6980,0,6980
O006235,2025-11-07,2025-11-07,S009,C00362,P0020,2,7900,0,15800
O006236,2025-11-08,2025-11-11,S014,C00365,P0003,2,54000,0,108000
O006237,2025-11-08,2025-11-11,S005,C00300,P0031,2,1380,0,2760
O006238,2025-11-08,2025-11-08,S004,C00345,P0011,1,6631,0.05,6631
O006239,2025-11-08,2025-11-13,S012,C00054,P0024,2,1280,0,2560
O006240,2025-11-08,2025-11-11,S009,C00185,P0012,1,64800,0,64800
O006241,2025-11-08,2025-11-08,S005,C00371,P0009,2,27800,0,55600
O006242,2025-11-08,2025-11-09,S004,C00073,P0023,1,1980,0,1980
O006243,2025-11-08,2025-11-08,S011,C00110,P0022,1,6120,0.1,6120
O006244,2025-11-08,2025-11-08,S008,C00092,P0014,1,16800,0,16800
O006245,2025-11-08,2025-11-09,S006,C00136,P0024,1,1280,0,1280
O006246,2025-11-08,2025-11-10,S002,C00072,P0018,1,5900,0,5900
O006247,2025-11-08,2025-11-09,S008,C00246,P0017,1,16800,0,16800
O006248,2025-11-08,2025-11-08,S011,C00403,P0004,1,112000,0,112000
O006249,2025-11-08,2025-11-13,S004,C00240,P0013,1,19800,0,19800
O006250,2025-11-09,2025-11-09,S012,C00392,P0019,1,2682,0.1,2682
O006251,2025-11-09,2025-11-10,S002,C00592,P0024,1,1280,0,1280
O006252,2025-11-09,2025-11-09,S011,C00073,P0010,1,29800,0,29800
O006253,2025-11-09,2025-11-10,S002,C00467,P0021,2,5900,0,11800
O006254,2025-11-09,2025-11-11,S014,C00012,P0024,1,1280,0,1280
O006255,2025-11-09,2025-11-11,S009,C00295,P0031,1,1380,0,1380
O006256,2025-11-09,2025-11-11,S011,C00319,P0003,1,54000,0,54000
O006257,2025-11-09,2025-11-09,S010,C00234,P0022,1,6120,0.1,6120
O006258,2025-11-09,2025-11-09,S001,C00024,P0022,1,6800,0,6800
O006259,2025-11-09,2025-11-10,S012,C00589,P0018,1,5900,0,5900
O006260,2025-11-09,2025-11-09,S012,C00392,P0026,1,1980,0,1980
O006261,2025-11-09,2025-11-12,S004,C00197,P0015,1,14800,0,14800
O006262,2025-11-09,2025-11-11,S001,C00294,P0021,1,5900,0,5900
O006263,2025-11-10,2025-11-12,S002,C00431,P0006,1,11210,0.05,11210
O006264,2025-11-10,2025-11-10,S003,C00311,P0024,1,1280,0,1280
O006265,2025-11-10,2025-11-10,S007,C00008,P0026,1,1980,0,1980
O006266,2025-11-10,2025-11-10,S003,C00270,P0011,1,6980,0,6980
O006267,2025-11-10,2025-11-10,S009,C00072,P0016,2,4900,0,9800
O006268,2025-11-10,2025-11-10,S013,C00328,P0016,1,4900,0,4900
O006269,2025-11-10,2025-11-10,S011,C00385,P0008,1,4900,0,4900
O006270,2025-11-10,2025-11-12,S011,C00023,P0009,1,27800,0,27800
O006271,2025-11-10,2025-11-10,S001,C00201,P0028,1,3200,0,3200
O006272,2025-11-10,2025-11-11,S001,C00265,P0024,2,1280,0,2560
O006273,2025-11-10,2025-11-15,S013,C00258,P0025,1,1580,0,1580
O006274,2025-11-10,2025-11-11,S012,C00324,P0004,2,112000,0,224000
O006275,2025-11-11,2025-11-11,S004,C00347,P0030,1,780,0,780
O006276,2025-11-11,2025-11-12,S011,C00293,P0027,1,1580,0,1580
O006277,2025-11-11,2025-11-16,S014,C00141,P0019,3,2980,0,8940
O006278,2025-11-11,2025-11-12,S003,C00303,P0031,2,1242,0.1,2484
O006279,2025-11-11,2025-11-11,S008,C00491,P0022,1,6800,0,6800
O006280,2025-11-11,2025-11-11,S011,C00395,P0023,1,1980,0,1980
O006281,2025-11-11,2025-11-12,S007,C00356,P0013,1,19800,0,19800
O006282,2025-11-11,2025-11-12,S005,C00212,P0022,1,6800,0,6800
O006283,2025-11-11,2025-11-12,S005,C00536,P0027,1,1580,0,1580
O006284,2025-11-12,2025-11-14,S007,C00594,P0030,1,741,0.05,741
O006285,2025-11-12,2025-11-12,S005,C00399,P0016,3,4900,0,14700
O006286,2025-11-12,2025-11-15,S004,C00471,P0023,1,1980,0,1980
O006287,2025-11-12,2025-11-12,S003,C00002,P0003,1,54000,0,54000
O006288,2025-11-12,2025-11-12,S010,C00163,P0032,1,3781,0.05,3781
O006289,2025-11-12,2025-11-15,S002,C00183,P0008,1,4900,0,4900
O006290,2025-11-12,2025-11-12,S002,C00580,P0015,1,14800,0,14800
O006291,2025-11-12,2025-11-14,S003,C00388,P0001,1,115200,0.1,115200
O006292,2025-11-12,2025-11-14,S005,C00205,P0013,1,19800,0,19800
O006293,2025-11-12,2025-11-12,S004,C00320,P0024,1,1280,0,1280
O006294,2025-11-12,2025-11-13,S012,C00085,P0031,2,1380,0,2760
O006295,2025-11-12,2025-11-13,S005,C00107,P0024,1,1152,0.1,1152
O006296,2025-11-13,2025-11-13,S014,C00036,P0020,10,7900,0,79000
O006297,2025-11-13,2025-11-13,S007,C00002,P0019,1,2980,0,2980
O006298,2025-11-13,2025-11-15,S001,C00366,P0024,3,1280,0,3840
O006299,2025-11-13,2025-11-13,S010,C00072,P0020,1,7900,0,7900
O006300,2025-11-13,2025-11-13,S001,C00296,P0019,1,2980,0,2980
O006301,2025-11-13,2025-11-15,S001,C00423,P0019,3,2980,0,8940
O006302,2025-11-13,2025-11-13,S001,C00598,P0003,1,54000,0,54000
O006303,2025-11-13,2025-11-14,S011,C00573,P0023,2,1980,0,3960
O006304,2025-11-13,2025-11-16,S007,C00327,P0005,1,3200,0,3200
O006305,2025-11-13,2025-11-18,S001,C00345,P0030,1,780,0,780
O006306,2025-11-13,2025-11-14,S002,C00558,P0006,2,11800,0,23600
O006307,2025-11-13,2025-11-14,S011,C00217,P0011,1,6980,0,6980
O006308,2025-11-13,2025-11-13,S014,C00465,P0016,10,4900,0,49000
O006309,2025-11-14,2025-11-15,S008,C00553,P0029,1,1962,0.1,1962
O006310,2025-11-14,2025-11-14,S010,C00472,P0010,1,29800,0,29800
O006311,2025-11-14,2025-11-16,S004,C00114,P0019,1,2980,0,2980
O006312,2025-11-14,2025-11-15,S012,C00123,P0032,1,3980,0,3980
O006313,2025-11-14,2025-11-14,S014,C00297,P0009,1,27800,0,27800
O006314,2025-11-14,2025-11-16,S001,C00378,P0001,3,128000,0,384000
O006315,2025-11-14,2025-11-14,S014,C00505,P0026,2,1980,0,3960
O006316,2025-11-14,2025-11-14,S014,C00193,P0023,1,1980,0,1980
O006317,2025-11-14,2025-11-14,S008,C00252,P0030,1,780,0,780
O006318,2025-11-14,2025-11-14,S013,C00071,P0027,2,1580,0,3160
O006319,2025-11-14,2025-11-16,S007,C00501,P0016,1,4900,0,4900
O006320,2025-11-15,2025-11-16,S007,C00121,P0006,3,11800,0,35400
O006321,2025-11-15,2025-11-16,S002,C00547,P0014,1,16800,0,16800
O006322,2025-11-15,2025-11-15,S009,C00311,P0005,1,3200,0,3200
O006323,2025-11-15,2025-11-17,S010,C00430,P0003,2,54000,0,108000
O006324,2025-11-15,2025-11-15,S007,C00409,P0013,1,19800,0,19800
O006325,2025-11-15,2025-11-16,S014,C00581,P0010,1,29800,0,29800
O006326,2025-11-15,2025-11-15,S014,C00395,P0003,1,54000,0,54000
O006327,2025-11-15,2025-11-15,S002,C00201,P0006,2,11800,0,23600
O006328,2025-11-15,2025-11-15,S007,C00369,P0015,1,14800,0,14800
O006329,2025-11-15,2025-11-16,S002,C00074,P0006,1,11800,0,11800
O006330,2025-11-15,2025-11-16,S008,C00272,P0020,1,7900,0,7900
O006331,2025-11-15,2025-11-16,S014,C00381,P0010,1,29800,0,29800
O006332,2025-11-15,2025-11-15,S007,C00215,P0011,5,6980,0,34900
O006333,2025-11-15,2025-11-17,S010,C00511,P0021,3,5900,0,17700
O006334,2025-11-15,2025-11-16,S014,C00569,P0008,2,4900,0,9800
O006335,2025-11-15,2025-11-16,S002,C00223,P0012,1,64800,0,64800
O006336,2025-11-16,2025-11-16,S012,C00314,P0022,2,6800,0,13600
O006337,2025-11-16,2025-11-16,S012,C00432,P0012,2,64800,0,129600
O006338,2025-11-16,2025-11-16,S014,C00329,P0009,1,26410,0.05,26410
O006339,2025-11-16,2025-11-16,S005,C00200,P0022,1,6120,0.1,6120
O006340,2025-11-16,2025-11-19,S014,C00577,P0012,1,64800,0,64800
O006341,2025-11-16,2025-11-17,S014,C00580,P0001,2,121600,0.05,243200
O006342,2025-11-16,2025-11-16,S011,C00122,P0023,1,1980,0,1980
O006343,2025-11-16,2025-11-16,S001,C00346,P0021,1,5900,0,5900
O006344,2025-11-16,2025-11-16,S004,C00110,P0018,1,5900,0,5900
O006345,2025-11-16,2025-11-16,S014,C00394,P0020,1,7900,0,7900
O006346,2025-11-16,2025-11-18,S011,C00469,P0008,2,4900,0,9800
O006347,2025-11-16,2025-11-19,S001,C00487,P0010,2,29800,0,59600
O006348,2025-11-16,2025-11-16,S011,C00038,P0003,1,54000,0,54000
O006349,2025-11-16,2025-11-17,S011,C00493,P0026,1,1980,0,1980
O006350,2025-11-16,2025-11-16,S008,C00276,P0022,1,6800,0,6800
O006351,2025-11-17,2025-11-19,S007,C00589,P0011,1,6980,0,6980
O006352,2025-11-17,2025-11-19,S008,C00375,P0030,1,780,0,780
O006353,2025-11-17,2025-11-18,S006,C00149,P0008,2,4900,0,9800
O006354,2025-11-17,2025-11-17,S004,C00433,P0029,1,2180,0,2180
O006355,2025-11-17,2025-11-18,S005,C00582,P0009,3,27800,0,83400
O006356,2025-11-17,2025-11-17,S005,C00551,P0002,2,226100,0.05,452200
O006357,2025-11-17,2025-11-17,S013,C00525,P0025,2,1580,0,3160
O006358,2025-11-17,2025-11-17,S008,C00158,P0011,1,6980,0,6980
O006359,2025-11-17,2025-11-17,S013,C00546,P0021,1,5605,0.05,5605
O006360,2025-11-17,2025-11-17,S002,C00201,P0025,1,1580,0,1580
O006361,2025-11-17,2025-11-20,S010,C00172,P0013,5,18810,0.05,94050
O006362,2025-11-17,2025-11-18,S005,C00205,P0007,1,29520,0.1,29520
O006363,2025-11-17,2025-11-17,S014,C00299,P0017,1,16800,0,16800
O006364,2025-11-17,2025-11-19,S009,C00229,P0008,1,4900,0,4900
O006365,2025-11-18,2025-11-21,S014,C00227,P0001,3,128000,0,384000
O006366,2025-11-18,2025-11-19,S011,C00571,P0009,1,27800,0,27800
O006367,2025-11-18,2025-11-23,S002,C00059,P0006,1,11210,0.05,11210
O006368,2025-11-18,2025-11-23,S007,C00294,P0002,1,238000,0,238000
O006369,2025-11-18,2025-11-18,S011,C00133,P0026,1,1980,0,1980
O006370,2025-11-18,2025-11-19,S014,C00312,P0022,1,6800,0,6800
O006371,2025-11-19,2025-11-19,S014,C00452,P0016,1,4410,0.1,4410
O006372,2025-11-19,2025-11-19,S007,C00180,P0004,2,112000,0,224000
O006373,2025-11-19,2025-11-21,S002,C00064,P0031,1,1380,0,1380
O006374,2025-11-19,2025-11-20,S002,C00235,P0017,3,16800,0,50400
O006375,2025-11-19,2025-11-19,S001,C00404,P0012,1,64800,0,64800
O006376,2025-11-19,2025-11-20,S005,C00066,P0005,1,3200,0,3200
O006377,2025-11-19,2025-11-19,S005,C00143,P0005,1,3200,0,3200
O006378,2025-11-19,2025-11-20,S002,C00538,P0030,1,780,0,780
O006379,2025-11-19,2025-11-20,S001,C00234,P0007,1,32800,0,32800
O006380,2025-11-20,2025-11-20,S001,C00504,P0007,1,32800,0,32800
O006381,2025-11-20,2025-11-21,S014,C00456,P0023,1,1980,0,1980
O006382,2025-11-20,2025-11-25,S010,C00454,P0026,10,1980,0,19800
O006383,2025-11-20,2025-11-22,S002,C00080,P0007,1,31160,0.05,31160
O006384,2025-11-20,2025-11-25,S007,C00300,P0005,2,3200,0,6400
O006385,2025-11-20,2025-11-21,S007,C00203,P0017,1,16800,0,16800
O006386,2025-11-20,2025-11-20,S008,C00208,P0008,1,4900,0,4900
O006387,2025-11-20,2025-11-21,S008,C00508,P0004,1,112000,0,112000
O006388,2025-11-20,2025-11-20,S001,C00466,P0008,1,4900,0,4900
O006389,2025-11-20,2025-11-20,S012,C00030,P0022,1,6800,0,6800
O006390,2025-11-20,2025-11-21,S008,C00078,P0005,1,3200,0,3200
O006391,2025-11-20,2025-11-20,S007,C00583,P0018,1,5605,0.05,5605
O006392,2025-11-21,2025-11-21,S005,C00497,P0024,1,1280,0,1280
O006393,2025-11-21,2025-11-21,S006,C00428,P0022,1,6800,0,6800
O006394,2025-11-21,2025-11-21,S009,C00311,P0008,1,4900,0,4900
O006395,2025-11-21,2025-11-21,S009,C00109,P0002,2,214200,0.1,428400
O006396,2025-11-21,2025-11-21,S014,C00078,P0007,1,31160,0.05,31160
O006397,2025-11-21,2025-11-26,S008,C00290,P0005,3,3200,0,9600
O006398,2025-11-21,2025-11-23,S001,C00040,P0023,1,1980,0,1980
O006399,2025-11-21,2025-11-21,S014,C00507,P0002,1,238000,0,238000
O006400,2025-11-21,2025-11-22,S001,C00527,P0027,1,1580,0,1580
O006401,2025-11-22,2025-11-23,S014,C00333,P0007,1,32800,0,32800
O006402,2025-11-22,2025-11-27,S002,C00226,P0010,1,29800,0,29800
O006403,2025-11-22,2025-11-22,S007,C00297,P0028,1,3200,0,3200
O006404,2025-11-22,2025-11-23,S014,C00227,P0005,2,3200,0,6400
O006405,2025-11-22,2025-11-24,S003,C00155,P0027,2,1580,0,3160
O006406,2025-11-22,2025-11-22,S003,C00228,P0005,1,3200,0,3200
O006407,2025-11-22,2025-11-22,S010,C00235,P0028,1,3200,0,3200
O006408,2025-11-22,2025-11-27,S005,C00521,P0015,2,14800,0,29600
O006409,2025-11-22,2025-11-22,S011,C00084,P0001,1,128000,0,128000
O006410,2025-11-22,2025-11-22,S014,C00133,P0006,1,10620,0.1,10620
O006411,2025-11-22,2025-11-22,S006,C00066,P0009,1,27800,0,27800
O006412,2025-11-22,2025-11-22,S011,C00352,P0010,1,29800,0,29800
O006413,2025-11-23,2025-11-24,S001,C00268,P0012,1,64800,0,64800
O006414,2025-11-23,2025-11-23,S005,C00568,P0025,2,1580,0,3160
O006415,2025-11-23,2025-11-23,S001,C00537,P0010,1,28310,0.05,28310
O006416,2025-11-23,2025-11-24,S003,C00596,P0010,1,29800,0,29800
O006417,2025-11-23,2025-11-23,S006,C00359,P0025,1,1580,0,1580
O006418,2025-11-23,2025-11-25,S006,C00212,P0027,2,1580,0,3160
O006419,2025-11-23,2025-11-28,S001,C00537,P0025,2,1580,0,3160
O006420,2025-11-23,2025-11-23,S001,C00294,P0023,2,1980,0,3960
O006421,2025-11-23,2025-11-23,S005,C00205,P0028,1,3200,0,3200
O006422,2025-11-23,2025-11-23,S014,C00092,P0016,1,4900,0,4900
O006423,2025-11-23,2025-11-23,S008,C00505,P0020,1,7900,0,7900
O006424,2025-11-23,2025-11-24,S001,C00570,P0007,2,32800,0,65600
O006425,2025-11-23,2025-11-24,S005,C00099,P0003,1,54000,0,54000
O006426,2025-11-23,2025-11-23,S008,C00367,P0017,2,16800,0,33600
O006427,2025-11-23,2025-11-24,S001,C00083,P0021,1,5605,0.05,5605
O006428,2025-11-23,2025-11-25,S001,C00239,P0029,1,2180,0,2180
O006429,2025-11-23,2025-11-23,S007,C00163,P0030,1,780,0,780
O006430,2025-11-23,2025-11-24,S014,C00546,P0017,1,16800,0,16800
O006431,2025-11-23,2025-11-26,S001,C00504,P0029,1,2071,0.05,2071
O006432,2025-11-23,2025-11-24,S005,C00016,P0011,1,6980,0,6980
O006433,2025-11-23,2025-11-23,S001,C00423,P0017,3,16800,0,50400
O006434,2025-11-24,2025-11-25,S004,C00178,P0003,1,51300,0.05,51300
O006435,2025-11-24,2025-11-24,S008,C00355,P0030,1,780,0,780
O006436,2025-11-24,2025-11-24,S007,C00374,P0006,1,11800,0,11800
O006437,2025-11-24,2025-11-24,S001,C00405,P0012,2,64800,0,129600
O006438,2025-11-25,2025-11-25,S003,C00330,P0015,1,14800,0,14800
O006439,2025-11-25,2025-11-25,S003,C00392,P0028,3,3200,0,9600
O006440,2025-11-25,2025-11-25,S014,C00126,P0014,1,16800,0,16800
O006441,2025-11-25,2025-11-25,S002,C00568,P0015,1,14800,0,14800
O006442,2025-11-25,2025-11-25,S011,C00419,P0005,1,3200,0,3200
O006443,2025-11-25,2025-11-28,S004,C00091,P0023,1,1980,0,1980
O006444,2025-11-25,2025-11-26,S004,C00544,P0016,5,4900,0,24500
O006445,2025-11-25,2025-11-27,S001,C00068,P0026,1,1881,0.05,1881
O006446,2025-11-25,2025-11-26,S007,C00270,P0002,3,238000,0,714000
O006447,2025-11-25,2025-11-25,S005,C00349,P0020,1,7900,0,7900
O006448,2025-11-25,2025-11-25,S009,C00467,P0018,1,5605,0.05,5605
O006449,2025-11-25,2025-11-26,S013,C00047,P0010,1,29800,0,29800
O006450,2025-11-25,2025-11-26,S011,C00041,P0003,1,54000,0,54000
O006451,2025-11-25,2025-11-26,S001,C00185,P0024,2,1216,0.05,2432
O006452,2025-11-26,2025-11-27,S004,C00352,P0030,3,780,0,2340
O006453,2025-11-26,2025-11-27,S001,C00558,P0020,1,7900,0,7900
O006454,2025-11-26,2025-11-27,S001,C00500,P0004,2,112000,0,224000
O006455,2025-11-26,2025-11-26,S007,C00444,P0022,1,6800,0,6800
O006456,2025-11-26,2025-11-26,S014,C00467,P0018,2,5900,0,11800
O006457,2025-11-26,2025-11-26,S003,C00432,P0027,1,1580,0,1580
O006458,2025-11-26,2025-11-27,S005,C00034,P0009,1,27800,0,27800
O006459,2025-11-27,2025-11-28,S001,C00048,P0021,2,5900,0,11800
O006460,2025-11-27,2025-12-02,S012,C00561,P0026,2,1980,0,3960
O006461,2025-11-27,2025-11-28,S010,C00344,P0008,1,3920,0.2,3920
O006462,2025-11-27,2025-11-27,S013,C00069,P0022,1,6800,0,6800
O006463,2025-11-27,2025-11-28,S001,C00246,P0023,1,1980,0,1980
O006464,2025-11-27,2025-11-28,S005,C00293,P0025,1,1580,0,1580
O006465,2025-11-28,2025-11-30,S012,C00318,P0028,1,3200,0,3200
O006466,2025-11-28,2025-11-30,S010,C00155,P0014,2,16800,0,33600
O006467,2025-11-28,2025-11-28,S007,C00356,P0003,1,54000,0,54000
O006468,2025-11-28,2025-11-29,S007,C00243,P0026,1,1980,0,1980
O006469,2025-11-28,2025-11-28,S009,C00051,P0018,2,5900,0,11800
O006470,2025-11-28,2025-11-28,S001,C00391,P0003,1,54000,0,54000
O006471,2025-11-29,2025-11-30,S001,C00144,P0020,2,7900,0,15800
O006472,2025-11-29,2025-11-29,S014,C00231,P0019,5,2682,0.1,13410
O006473,2025-11-29,2025-11-29,S012,C00126,P0002,10,238000,0,2380000
O006474,2025-11-29,2025-12-02,S001,C00435,P0022,2,6800,0,13600
O006475,2025-11-29,2025-11-30,S014,C00336,P0023,1,1980,0,1980
O006476,2025-11-29,2025-11-29,S002,C00264,P0023,1,1980,0,1980
O006477,2025-11-29,2025-11-30,S006,C00498,P0015,1,14060,0.05,14060
O006478,2025-11-29,2025-11-29,S003,C00200,P0014,1,16800,0,16800
O006479,2025-11-29,2025-11-29,S010,C00117,P0020,1,7900,0,7900
O006480,2025-11-29,2025-11-29,S002,C00594,P0014,1,15120,0.1,15120
O006481,2025-11-29,2025-11-29,S004,C00536,P0009,1,27800,0,27800
O006482,2025-11-29,2025-11-29,S008,C00576,P0027,1,1580,0,1580
O006483,2025-11-29,2025-11-30,S005,C00332,P0014,1,16800,0,16800
O006484,2025-11-29,2025-11-29,S005,C00244,P0014,1,15120,0.1,15120
O006485,2025-11-29,2025-11-29,S005,C00502,P0022,2,6800,0,13600
O006486,2025-11-29,2025-11-30,S007,C00091,P0026,1,1881,0.05,1881
O006487,2025-11-29,2025-11-29,S003,C00530,P0001,1,128000,0,128000
O006488,2025-11-29,2025-11-30,S004,C00440,P0017,1,16800,0,16800
O006489,2025-11-29,2025-11-30,S002,C00056,P0007,1,32800,0,32800
O006490,2025-11-29,2025-12-01,S008,C00308,P0016,1,4900,0,4900
O006491,2025-11-29,2025-11-29,S004,C00322,P0021,1,5310,0.1,5310
O006492,2025-11-30,2025-11-30,S014,C00115,P0012,2,64800,0,129600
O006493,2025-11-30,2025-12-01,S011,C00298,P0029,1,2180,0,2180
O006494,2025-11-30,2025-11-30,S001,C00529,P0015,1,14800,0,14800
O006495,2025-11-30,2025-11-30,S014,C00092,P0016,2,4900,0,9800
O006496,2025-11-30,2025-11-30,S007,C00567,P0002,5,214200,0.1,1071000
O006497,2025-11-30,2025-12-03,S001,C00150,P0023,1,1881,0.05,1881
O006498,2025-11-30,2025-12-01,S011,C00087,P0013,1,19800,0,19800
O006499,2025-11-30,2025-12-01,S011,C00402,P0017,1,16800,0,16800
O006500,2025-11-30,2025-11-30,S002,C00490,P0024,1,1280,0,1280
O006501,2025-11-30,2025-12-01,S003,C00290,P0019,1,2980,0,2980
O006502,2025-11-30,2025-12-03,S004,C00560,P0023,2,1980,0,3960
O006503,2025-11-30,2025-11-30,S010,C00436,P0019,1,2980,0,2980
O006504,2025-11-30,2025-12-01,S007,C00583,P0029,1,2180,0,2180
O006505,2025-11-30,2025-12-05,S011,C00396,P0017,10,16800,0,168000
O006506,2025-11-30,2025-12-03,S003,C00152,P0025,2,1580,0,3160
O006507,2025-11-30,2025-11-30,S014,C00050,P0015,1,14800,0,14800
O006508,2025-12-01,2025-12-01,S001,C00280,P0025,2,1580,0,3160
O006509,2025-12-01,2025-12-03,S002,C00326,P0019,1,2980,0,2980
O006510,2025-12-01,2025-12-02,S010,C00420,P0030,2,780,0,1560
O006511,2025-12-01,2025-12-06,S003,C00556,P0020,2,7110,0.1,14220
O006512,2025-12-01,2025-12-01,S005,C00345,P0012,1,64800,0,64800
O006513,2025-12-01,2025-12-01,S005,C00494,P0003,1,54000,0,54000
O006514,2025-12-01,2025-12-01,S002,C00259,P0013,2,19800,0,39600
O006515,2025-12-01,2025-12-04,S008,C00353,P0021,1,5605,0.05,5605
O006516,2025-12-01,2025-12-01,S014,C00502,P0007,2,32800,0,65600
O006517,2025-12-01,2025-12-01,S004,C00510,P0013,1,18810,0.05,18810
O006518,2025-12-01,2025-12-01,S003,C00590,P0031,2,1380,0,2760
O006519,2025-12-01,2025-12-03,S002,C00351,P0021,1,5900,0,5900
O006520,2025-12-01,2025-12-02,S004,C00148,P0014,1,16800,0,16800
O006521,2025-12-02,2025-12-02,S008,C00538,P0004,2,112000,0,224000
O006522,2025-12-02,2025-12-04,S014,C00554,P0029,1,2180,0,2180
O006523,2025-12-02,2025-12-02,S007,C00118,P0007,2,29520,0.1,59040
O006524,2025-12-02,2025-12-05,S008,C00545,P0031,1,1380,0,1380
O006525,2025-12-02,2025-12-03,S002,C00559,P0030,1,780,0,780
O006526,2025-12-02,2025-12-02,S007,C00587,P0018,1,5900,0,5900
O006527,2025-12-02,2025-12-03,S004,C00336,P0009,1,27800,0,27800
O006528,2025-12-02,2025-12-05,S009,C00192,P0012,1,64800,0,64800
O006529,2025-12-02,2025-12-02,S013,C00320,P0029,1,2180,0,2180
O006530,2025-12-02,2025-12-02,S012,C00219,P0019,1,2980,0,2980
O006531,2025-12-03,2025-12-04,S004,C00556,P0032,3,3980,0,11940
O006532,2025-12-03,2025-12-04,S013,C00024,P0023,2,1980,0,3960
O006533,2025-12-03,2025-12-05,S009,C00137,P0005,10,3200,0,32000
O006534,2025-12-03,2025-12-05,S004,C00224,P0017,1,16800,0,16800
O006535,2025-12-03,2025-12-03,S014,C00087,P0011,3,6980,0,20940
O006536,2025-12-03,2025-12-04,S003,C00015,P0026,1,1980,0,1980
O006537,2025-12-03,2025-12-03,S006,C00456,P0032,1,3980,0,3980
O006538,2025-12-03,2025-12-06,S003,C00554,P0022,2,6800,0,13600
O006539,2025-12-03,2025-12-03,S007,C00091,P0010,1,29800,0,29800
O006540,2025-12-03,2025-12-03,S002,C00284,P0002,2,226100,0.05,452200
O006541,2025-12-03,2025-12-06,S011,C00281,P0004,1,106400,0.05,106400
O006542,2025-12-03,2025-12-04,S009,C00436,P0030,1,780,0,780
O006543,2025-12-03,2025-12-04,S014,C00149,P0020,3,7900,0,23700
O006544,2025-12-03,2025-12-03,S012,C00029,P0019,1,2980,0,2980
O006545,2025-12-03,2025-12-05,S008,C00480,P0014,1,16800,0,16800
O006546,2025-12-03,2025-12-03,S003,C00377,P0026,2,1980,0,3960
O006547,2025-12-04,2025-12-04,S010,C00061,P0029,3,1962,0.1,5886
O006548,2025-12-04,2025-12-05,S006,C00220,P0022,1,6800,0,6800
O006549,2025-12-04,2025-12-06,S003,C00307,P0009,2,27800,0,55600
O006550,2025-12-04,2025-12-05,S014,C00220,P0019,1,2980,0,2980
O006551,2025-12-04,2025-12-06,S002,C00021,P0029,1,2180,0,2180
O006552,2025-12-04,2025-12-04,S004,C00091,P0005,1,3200,0,3200
O006553,2025-12-04,2025-12-04,S012,C00380,P0016,1,4900,0,4900
O006554,2025-12-04,2025-12-07,S007,C00580,P0032,1,3781,0.05,3781
O006555,2025-12-04,2025-12-04,S014,C00479,P0014,2,16800,0,33600
O006556,2025-12-05,2025-12-08,S013,C00016,P0001,1,128000,0,128000
O006557,2025-12-05,2025-12-06,S002,C00083,P0020,1,7900,0,7900
O006558,2025-12-05,2025-12-05,S001,C00245,P0019,2,2980,0,5960
O006559,2025-12-05,2025-12-10,S003,C00201,P0012,2,61560,0.05,123120
O006560,2025-12-05,2025-12-05,S002,C00424,P0024,5,1280,0,6400
O006561,2025-12-05,2025-12-05,S014,C00002,P0012,2,64800,0,129600
O006562,2025-12-05,2025-12-08,S013,C00113,P0003,1,54000,0,54000
O006563,2025-12-05,2025-12-07,S011,C00495,P0025,1,1580,0,1580
O006564,2025-12-05,2025-12-07,S007,C00286,P0001,1,128000,0,128000
O006565,2025-12-05,2025-12-06,S001,C00323,P0018,1,5900,0,5900
O006566,2025-12-05,2025-12-06,S014,C00014,P0032,3,3980,0,11940
O006567,2025-12-06,2025-12-06,S014,C00296,P0005,1,3200,0,3200
O006568,2025-12-06,2025-12-06,S001,C00564,P0013,1,19800,0,19800
O006569,2025-12-06,2025-12-06,S012,C00588,P0006,1,11800,0,11800
O006570,2025-12-06,2025-12-06,S007,C00555,P0017,1,16800,0,16800
O006571,2025-12-06,2025-12-09,S008,C00139,P0026,1,1980,0,1980
O006572,2025-12-06,2025-12-07,S001,C00294,P0007,1,29520,0.1,29520
O006573,2025-12-06,2025-12-07,S001,C00533,P0005,1,3200,0,3200
O006574,2025-12-06,2025-12-06,S002,C00248,P0031,2,1380,0,2760
O006575,2025-12-06,2025-12-08,S010,C00493,P0011,1,6980,0,6980
O006576,2025-12-06,2025-12-07,S014,C00440,P0030,1,780,0,780
O006577,2025-12-06,2025-12-09,S014,C00022,P0009,1,27800,0,27800
O006578,2025-12-06,2025-12-07,S014,C00068,P0015,1,14800,0,14800
O006579,2025-12-06,2025-12-07,S003,C00472,P0010,1,29800,0,29800
O006580,2025-12-06,2025-12-06,S005,C00404,P0027,1,1580,0,1580
O006581,2025-12-06,2025-12-08,S002,C00334,P0024,2,1280,0,2560
O006582,2025-12-06,2025-12-08,S014,C00157,P0001,1,128000,0,128000
O006583,2025-12-06,2025-12-08,S003,C00404,P0027,5,1580,0,7900
O006584,2025-12-06,2025-12-11,S012,C00221,P0010,5,26820,0.1,134100
O006585,2025-12-06,2025-12-07,S010,C00511,P0011,1,6980,0,6980
O006586,2025-12-06,2025-12-07,S011,C00378,P0031,1,1380,0,1380
O006587,2025-12-06,2025-12-08,S001,C00425,P0028,1,3040,0.05,3040
O006588,2025-12-06,2025-12-06,S004,C00113,P0006,2,11800,0,23600
O006589,2025-12-07,2025-12-07,S001,C00414,P0030,1,780,0,780
O006590,2025-12-07,2025-12-10,S001,C00289,P0001,2,128000,0,256000
O006591,2025-12-07,2025-12-08,S002,C00223,P0010,1,29800,0,29800
O006592,2025-12-07,2025-12-07,S002,C00497,P0022,3,6800,0,20400
O006593,2025-12-07,2025-12-08,S003,C00296,P0002,1,238000,0,238000
O006594,2025-12-07,2025-12-10,S001,C00113,P0026,1,1980,0,1980
O006595,2025-12-07,2025-12-09,S013,C00563,P0031,2,1380,0,2760
O006596,2025-12-07,2025-12-12,S011,C00223,P0031,10,1380,0,13800
O006597,2025-12-07,2025-12-08,S012,C00521,P0027,1,1580,0,1580
O006598,2025-12-07,2025-12-09,S002,C00295,P0002,1,238000,0,238000
O006599,2025-12-07,2025-12-09,S011,C00425,P0016,2,4900,0,9800
O006600,2025-12-07,2025-12-10,S001,C00094,P0022,1,6800,0,6800
O006601,2025-12-07,2025-12-08,S007,C00331,P0030,1,624,0.2,624
O006602,2025-12-07,2025-12-07,S002,C00477,P0005,1,3200,0,3200
O006603,2025-12-07,2025-12-07,S010,C00327,P0030,2,624,0.2,1248
O006604,2025-12-07,2025-12-10,S014,C00317,P0016,1,4900,0,4900
O006605,2025-12-07,2025-12-09,S007,C00486,P0017,1,16800,0,16800
O006606,2025-12-07,2025-12-09,S001,C00112,P0026,1,1584,0.2,1584
O006607,2025-12-07,2025-12-08,S003,C00376,P0013,1,19800,0,19800
O006608,2025-12-08,2025-12-08,S001,C00398,P0026,1,1881,0.05,1881
O006609,2025-12-08,2025-12-09,S003,C00599,P0005,1,2560,0.2,2560
O006610,2025-12-08,2025-12-08,S004,C00539,P0029,1,2180,0,2180
O006611,2025-12-08,2025-12-08,S004,C00226,P0025,5,1580,0,7900
O006612,2025-12-08,2025-12-10,S011,C00220,P0017,1,13440,0.2,13440
O006613,2025-12-08,2025-12-08,S008,C00598,P0012,1,64800,0,64800
O006614,2025-12-08,2025-12-08,S013,C00046,P0012,2,64800,0,129600
O006615,2025-12-08,2025-12-08,S002,C00124,P0014,1,16800,0,16800
O006616,2025-12-08,2025-12-08,S012,C00293,P0031,1,1380,0,1380
O006617,2025-12-08,2025-12-09,S003,C00468,P0015,1,14800,0,14800
O006618,2025-12-08,2025-12-08,S005,C00007,P0012,1,64800,0,64800
O006619,2025-12-08,2025-12-11,S012,C00337,P0006,1,11800,0,11800
O006620,2025-12-08,2025-12-08,S011,C00076,P0012,1,64800,0,64800
O006621,2025-12-08,2025-12-10,S003,C00146,P0017,1,15960,0.05,15960
O006622,2025-12-08,2025-12-11,S006,C00237,P0015,1,14800,0,14800
O006623,2025-12-09,2025-12-14,S014,C00131,P0007,2,31160,0.05,62320
O006624,2025-12-09,2025-12-10,S005,C00310,P0023,1,1980,0,1980
O006625,2025-12-09,2025-12-10,S001,C00052,P0020,1,7900,0,7900
O006626,2025-12-09,2025-12-12,S014,C00241,P0003,2,54000,0,108000
O006627,2025-12-09,2025-12-10,S010,C00251,P0007,2,32800,0,65600
O006628,2025-12-09,2025-12-10,S012,C00395,P0014,1,16800,0,16800
O006629,2025-12-09,2025-12-09,S003,C00378,P0028,1,3200,0,3200
O006630,2025-12-09,2025-12-09,S013,C00268,P0028,1,3200,0,3200
O006631,2025-12-09,2025-12-12,S001,C00099,P0003,1,54000,0,54000
O006632,2025-12-09,2025-12-11,S011,C00188,P0014,1,16800,0,16800
O006633,2025-12-09,2025-12-10,S005,C00525,P0002,1,238000,0,238000
O006634,2025-12-09,2025-12-14,S003,C00534,P0030,1,780,0,780
O006635,2025-12-09,2025-12-09,S007,C00358,P0029,1,2180,0,2180
O006636,2025-12-09,2025-12-09,S010,C00231,P0029,1,2180,0,2180
O006637,2025-12-09,2025-12-10,S014,C00367,P0028,1,3200,0,3200
O006638,2025-12-10,2025-12-11,S014,C00023,P0010,1,29800,0,29800
O006639,2025-12-10,2025-12-13,S008,C00294,P0026,2,1980,0,3960
O006640,2025-12-10,2025-12-15,S007,C00013,P0024,1,1280,0,1280
O006641,2025-12-10,2025-12-11,S007,C00548,P0015,1,14800,0,14800
O006642,2025-12-10,2025-12-11,S014,C00231,P0021,5,5900,0,29500
O006643,2025-12-10,2025-12-10,S001,C00051,P0005,1,3200,0,3200
O006644,2025-12-10,2025-12-12,S014,C00215,P0017,2,15960,0.05,31920
O006645,2025-12-10,2025-12-10,S001,C00339,P0008,1,4900,0,4900
O006646,2025-12-10,2025-12-13,S010,C00241,P0026,1,1881,0.05,1881
O006647,2025-12-10,2025-12-13,S011,C00568,P0028,3,3200,0,9600
O006648,2025-12-10,2025-12-11,S011,C00494,P0006,1,9440,0.2,9440
O006649,2025-12-10,2025-12-10,S001,C00065,P0010,1,29800,0,29800
O006650,2025-12-11,2025-12-13,S002,C00583,P0006,1,11800,0,11800
O006651,2025-12-11,2025-12-11,S014,C00135,P0001,1,128000,0,128000
O006652,2025-12-11,2025-12-12,S005,C00220,P0008,3,4410,0.1,13230
O006653,2025-12-11,2025-12-16,S014,C00457,P0021,2,5900,0,11800
O006654,2025-12-11,2025-12-12,S007,C00501,P0026,1,1980,0,1980
O006655,2025-12-11,2025-12-12,S011,C00142,P0003,1,54000,0,54000
O006656,2025-12-11,2025-12-12,S002,C00496,P0019,1,2384,0.2,2384
O006657,2025-12-11,2025-12-12,S013,C00503,P0009,1,27800,0,27800
O006658,2025-12-11,2025-12-12,S010,C00365,P0007,1,32800,0,32800
O006659,2025-12-11,2025-12-12,S011,C00156,P0007,1,29520,0.1,29520
O006660,2025-12-11,2025-12-13,S007,C00326,P0026,1,1584,0.2,1584
O006661,2025-12-11,2025-12-14,S002,C00341,P0023,1,1881,0.05,1881
O006662,2025-12-11,2025-12-12,S014,C00478,P0016,1,4900,0,4900
O006663,2025-12-12,2025-12-15,S007,C00150,P0019,1,2980,0,2980
O006664,2025-12-12,2025-12-17,S008,C00097,P0028,2,3040,0.05,6080
O006665,2025-12-12,2025-12-13,S014,C00193,P0015,1,14800,0,14800
O006666,2025-12-12,2025-12-12,S002,C00113,P0007,1,32800,0,32800
O006667,2025-12-12,2025-12-12,S003,C00376,P0032,2,3980,0,7960
O006668,2025-12-12,2025-12-15,S003,C00209,P0021,1,5605,0.05,5605
O006669,2025-12-12,2025-12-12,S006,C00199,P0006,1,11210,0.05,11210
O006670,2025-12-12,2025-12-12,S008,C00594,P0014,1,15960,0.05,15960
O006671,2025-12-12,2025-12-15,S011,C00393,P0022,1,6460,0.05,6460
O006672,2025-12-12,2025-12-13,S001,C00336,P0005,1,3200,0,3200
O006673,2025-12-12,2025-12-14,S013,C00424,P0032,1,3781,0.05,3781
O006674,2025-12-12,2025-12-14,S004,C00251,P0032,10,3980,0,39800
O006675,2025-12-12,2025-12-12,S004,C00536,P0018,1,4720,0.2,4720
O006676,2025-12-12,2025-12-13,S005,C00396,P0021,2,5900,0,11800
O006677,2025-12-13,2025-12-14,S003,C00496,P0029,1,2180,0,2180
O006678,2025-12-13,2025-12-18,S009,C00324,P0005,1,3200,0,3200
O006679,2025-12-13,2025-12-15,S014,C00112,P0003,1,54000,0,54000
O006680,2025-12-13,2025-12-13,S014,C00566,P0014,1,16800,0,16800
O006681,2025-12-13,2025-12-16,S007,C00104,P0026,1,1980,0,1980
O006682,2025-12-13,2025-12-13,S014,C00112,P0018,1,5900,0,5900
O006683,2025-12-13,2025-12-14,S014,C00030,P0008,2,4900,0,9800
O006684,2025-12-13,2025-12-13,S002,C00518,P0029,1,2180,0,2180
O006685,2025-12-13,2025-12-14,S007,C00088,P0005,1,3040,0.05,3040
O006686,2025-12-13,2025-12-16,S001,C00491,P0025,1,1422,0.1,1422
O006687,2025-12-13,2025-12-15,S005,C00048,P0004,2,112000,0,224000
O006688,2025-12-13,2025-12-13,S014,C00181,P0028,1,3200,0,3200
O006689,2025-12-13,2025-12-15,S014,C00562,P0004,1,112000,0,112000
O006690,2025-12-13,2025-12-13,S002,C00486,P0006,2,11800,0,23600
O006691,2025-12-13,2025-12-14,S009,C00036,P0017,1,16800,0,16800
O006692,2025-12-13,2025-12-14,S009,C00476,P0001,1,128000,0,128000
O006693,2025-12-13,2025-12-14,S001,C00045,P0007,1,32800,0,32800
O006694,2025-12-13,2025-12-15,S002,C00019,P0006,1,11800,0,11800
O006695,2025-12-13,2025-12-15,S002,C00358,P0004,2,112000,0,224000
O006696,2025-12-14,2025-12-16,S011,C00549,P0004,1,112000,0,112000
O006697,2025-12-14,2025-12-14,S005,C00041,P0032,1,3980,0,3980
O006698,2025-12-14,2025-12-15,S014,C00467,P0019,1,2980,0,2980
O006699,2025-12-14,2025-12-16,S007,C00185,P0017,1,16800,0,16800
O006700,2025-12-14,2025-12-14,S004,C00432,P0011,1,6980,0,6980
O006701,2025-12-14,2025-12-19,S014,C00489,P0003,2,54000,0,108000
O006702,2025-12-14,2025-12-14,S013,C00532,P0001,2,128000,0,256000
O006703,2025-12-14,2025-12-16,S004,C00132,P0017,1,16800,0,16800
O006704,2025-12-14,2025-12-19,S012,C00223,P0022,1,6800,0,6800
O006705,2025-12-14,2025-12-15,S001,C00600,P0002,2,238000,0,476000
O006706,2025-12-14,2025-12-14,S009,C00557,P0024,2,1280,0,2560
O006707,2025-12-14,2025-12-14,S010,C00523,P0025,1,1422,0.1,1422
O006708,2025-12-14,2025-12-14,S011,C00309,P0013,10,19800,0,198000
O006709,2025-12-14,2025-12-15,S012,C00436,P0019,1,2980,0,2980
O006710,2025-12-14,2025-12-14,S002,C00169,P0028,1,3200,0,3200
O006711,2025-12-15,2025-12-16,S002,C00014,P0032,1,3582,0.1,3582
O006712,2025-12-15,2025-12-15,S007,C00454,P0011,3,6980,0,20940
O006713,2025-12-15,2025-12-16,S012,C00571,P0027,1,1580,0,1580
O006714,2025-12-15,2025-12-15,S013,C00461,P0018,1,5900,0,5900
O006715,2025-12-15,2025-12-16,S003,C00004,P0023,1,1980,0,1980
O006716,2025-12-15,2025-12-17,S005,C00576,P0016,1,4900,0,4900
O006717,2025-12-15,2025-12-20,S007,C00183,P0026,1,1980,0,1980
O006718,2025-12-15,2025-12-15,S012,C00129,P0007,10,31160,0.05,311600
O006719,2025-12-15,2025-12-20,S002,C00023,P0022,1,6800,0,6800
O006720,2025-12-15,2025-12-15,S003,C00535,P0003,1,54000,0,54000
O006721,2025-12-15,2025-12-16,S014,C00284,P0025,2,1501,0.05,3002
O006722,2025-12-16,2025-12-19,S011,C00456,P0004,10,112000,0,1120000
O006723,2025-12-16,2025-12-17,S007,C00503,P0005,1,3200,0,3200
O006724,2025-12-16,2025-12-16,S001,C00124,P0024,1,1280,0,1280
O006725,2025-12-16,2025-12-16,S011,C00285,P0019,2,2980,0,5960
O006726,2025-12-16,2025-12-18,S014,C00396,P0008,1,4410,0.1,4410
O006727,2025-12-16,2025-12-17,S008,C00460,P0003,1,54000,0,54000
O006728,2025-12-16,2025-12-17,S007,C00234,P0004,2,112000,0,224000
O006729,2025-12-16,2025-12-19,S005,C00522,P0026,1,1980,0,1980
O006730,2025-12-16,2025-12-16,S013,C00316,P0008,1,4900,0,4900
O006731,2025-12-16,2025-12-16,S005,C00490,P0006,5,11210,0.05,56050
O006732,2025-12-16,2025-12-19,S014,C00272,P0025,1,1580,0,1580
O006733,2025-12-17,2025-12-17,S014,C00084,P0030,10,780,0,7800
O006734,2025-12-17,2025-12-18,S009,C00181,P0018,1,5900,0,5900
O006735,2025-12-17,2025-12-19,S002,C00415,P0017,1,16800,0,16800
O006736,2025-12-17,2025-12-18,S002,C00315,P0006,1,11210,0.05,11210
O006737,2025-12-17,2025-12-19,S010,C00397,P0024,1,1280,0,1280
O006738,2025-12-17,2025-12-19,S002,C00116,P0032,1,3980,0,3980
O006739,2025-12-17,2025-12-17,S014,C00393,P0004,1,112000,0,112000
O006740,2025-12-17,2025-12-20,S011,C00278,P0007,2,32800,0,65600
O006741,2025-12-17,2025-12-20,S003,C00015,P0025,3,1264,0.2,3792
O006742,2025-12-17,2025-12-17,S002,C00247,P0020,2,7900,0,15800
O006743,2025-12-17,2025-12-17,S001,C00008,P0032,1,3582,0.1,3582
O006744,2025-12-17,2025-12-18,S005,C00552,P0027,2,1580,0,3160
O006745,2025-12-17,2025-12-17,S003,C00022,P0016,1,4900,0,4900
O006746,2025-12-17,2025-12-19,S011,C00022,P0013,1,17820,0.1,17820
O006747,2025-12-17,2025-12-18,S011,C00481,P0014,1,16800,0,16800
O006748,2025-12-17,2025-12-17,S014,C00372,P0032,1,3781,0.05,3781
O006749,2025-12-18,2025-12-18,S002,C00398,P0026,1,1980,0,1980
O006750,2025-12-18,2025-12-18,S007,C00118,P0029,2,2180,0,4360
O006751,2025-12-18,2025-12-19,S001,C00421,P0015,2,14800,0,29600
O006752,2025-12-18,2025-12-23,S014,C00398,P0023,1,1980,0,1980
O006753,2025-12-18,2025-12-20,S007,C00055,P0001,1,121600,0.05,121600
O006754,2025-12-18,2025-12-19,S002,C00474,P0024,1,1280,0,1280
O006755,2025-12-18,2025-12-21,S013,C00005,P0007,1,32800,0,32800
O006756,2025-12-18,2025-12-18,S001,C00474,P0002,1,238000,0,238000
O006757,2025-12-18,2025-12-18,S009,C00224,P0015,1,11840,0.2,11840
O006758,2025-12-18,2025-12-18,S002,C00009,P0018,1,5310,0.1,5310
O006759,2025-12-18,2025-12-20,S012,C00310,P0007,1,32800,0,32800
O006760,2025-12-18,2025-12-23,S005,C00511,P0003,1,54000,0,54000
O006761,2025-12-18,2025-12-20,S003,C00115,P0031,2,1380,0,2760
O006762,2025-12-19,2025-12-21,S014,C00441,P0001,2,128000,0,256000
O006763,2025-12-19,2025-12-24,S002,C00225,P0004,3,100800,0.1,302400
O006764,2025-12-19,2025-12-19,S001,C00597,P0025,1,1580,0,1580
O006765,2025-12-19,2025-12-19,S014,C00430,P0030,1,780,0,780
O006766,2025-12-19,2025-12-22,S009,C00323,P0006,1,11800,0,11800
O006767,2025-12-19,2025-12-19,S007,C00441,P0026,1,1782,0.1,1782
O006768,2025-12-19,2025-12-20,S004,C00254,P0019,1,2980,0,2980
O006769,2025-12-19,2025-12-22,S014,C00519,P0003,1,54000,0,54000
O006770,2025-12-19,2025-12-21,S007,C00544,P0020,2,7900,0,15800
O006771,2025-12-19,2025-12-21,S014,C00163,P0004,1,112000,0,112000
O006772,2025-12-20,2025-12-21,S009,C00243,P0013,1,19800,0,19800
O006773,2025-12-20,2025-12-21,S003,C00411,P0009,1,26410,0.05,26410
O006774,2025-12-20,2025-12-23,S014,C00107,P0015,1,14800,0,14800
O006775,2025-12-20,2025-12-23,S009,C00554,P0008,2,4900,0,9800
O006776,2025-12-20,2025-12-22,S003,C00171,P0017,2,16800,0,33600
O006777,2025-12-20,2025-12-22,S008,C00551,P0023,1,1980,0,1980
O006778,2025-12-20,2025-12-20,S014,C00432,P0029,2,2180,0,4360
O006779,2025-12-20,2025-12-21,S008,C00296,P0001,2,128000,0,256000
O006780,2025-12-20,2025-12-21,S004,C00185,P0010,1,29800,0,29800
O006781,2025-12-20,2025-12-20,S014,C00043,P0030,3,741,0.05,2223
O006782,2025-12-20,2025-12-20,S005,C00427,P0027,2,1580,0,3160
O006783,2025-12-20,2025-12-20,S002,C00465,P0007,3,32800,0,98400
O006784,2025-12-20,2025-12-21,S003,C00051,P0008,1,4900,0,4900
O006785,2025-12-20,2025-12-22,S001,C00250,P0030,1,780,0,780
O006786,2025-12-20,2025-12-20,S009,C00474,P0015,5,14800,0,74000
O006787,2025-12-20,2025-12-21,S002,C00020,P0009,2,27800,0,55600
O006788,2025-12-20,2025-12-20,S004,C00253,P0001,3,115200,0.1,345600
O006789,2025-12-20,2025-12-21,S004,C00293,P0005,1,3200,0,3200
O006790,2025-12-20,2025-12-20,S014,C00096,P0001,1,128000,0,128000
O006791,2025-12-21,2025-12-23,S002,C00344,P0026,1,1980,0,1980
O006792,2025-12-21,2025-12-21,S001,C00151,P0015,2,14800,0,29600
O006793,2025-12-21,2025-12-21,S009,C00300,P0010,1,29800,0,29800
O006794,2025-12-21,2025-12-21,S002,C00227,P0008,2,4410,0.1,8820
O006795,2025-12-21,2025-12-23,S011,C00150,P0020,1,7900,0,7900
O006796,2025-12-21,2025-12-21,S007,C00239,P0031,1,1380,0,1380
O006797,2025-12-21,2025-12-21,S002,C00407,P0012,2,64800,0,129600
O006798,2025-12-21,2025-12-24,S007,C00201,P0020,5,7900,0,39500
O006799,2025-12-21,2025-12-22,S001,C00597,P0014,2,16800,0,33600
O006800,2025-12-21,2025-12-21,S010,C00271,P0005,1,2880,0.1,2880
O006801,2025-12-21,2025-12-21,S002,C00123,P0007,1,29520,0.1,29520
O006802,2025-12-21,2025-12-22,S014,C00422,P0019,1,2831,0.05,2831
O006803,2025-12-21,2025-12-21,S007,C00041,P0032,2,3980,0,7960
O006804,2025-12-22,2025-12-25,S003,C00311,P0011,2,6980,0,13960
O006805,2025-12-22,2025-12-23,S005,C00297,P0017,1,16800,0,16800
O006806,2025-12-22,2025-12-22,S002,C00439,P0025,1,1580,0,1580
O006807,2025-12-22,2025-12-24,S001,C00062,P0028,1,2880,0.1,2880
O006808,2025-12-22,2025-12-22,S002,C00203,P0022,1,6800,0,6800
O006809,2025-12-22,2025-12-22,S005,C00134,P0028,1,3200,0,3200
O006810,2025-12-22,2025-12-27,S011,C00345,P0017,1,16800,0,16800
O006811,2025-12-22,2025-12-22,S012,C00261,P0014,1,16800,0,16800
O006812,2025-12-22,2025-12-22,S008,C00464,P0019,1,2682,0.1,2682
O006813,2025-12-22,2025-12-22,S003,C00047,P0027,1,1580,0,1580
O006814,2025-12-22,2025-12-22,S010,C00480,P0013,1,19800,0,19800
O006815,2025-12-22,2025-12-22,S001,C00089,P0013,1,19800,0,19800
O006816,2025-12-22,2025-12-23,S005,C00242,P0009,1,27800,0,27800
O006817,2025-12-23,2025-12-23,S002,C00109,P0021,1,5900,0,5900
O006818,2025-12-23,2025-12-23,S008,C00001,P0026,1,1980,0,1980
O006819,2025-12-23,2025-12-24,S002,C00518,P0022,1,6800,0,6800
O006820,2025-12-23,2025-12-25,S014,C00308,P0016,1,4655,0.05,4655
O006821,2025-12-23,2025-12-23,S013,C00072,P0032,1,3980,0,3980
O006822,2025-12-23,2025-12-24,S006,C00493,P0022,1,6800,0,6800
O006823,2025-12-23,2025-12-26,S001,C00314,P0009,5,27800,0,139000
O006824,2025-12-23,2025-12-23,S014,C00043,P0009,2,27800,0,55600
O006825,2025-12-23,2025-12-24,S011,C00493,P0009,3,26410,0.05,79230
O006826,2025-12-23,2025-12-23,S007,C00524,P0024,1,1280,0,1280
O006827,2025-12-23,2025-12-24,S006,C00400,P0001,3,128000,0,384000
O006828,2025-12-23,2025-12-25,S014,C00555,P0007,1,31160,0.05,31160
O006829,2025-12-23,2025-12-23,S007,C00382,P0007,2,32800,0,65600
O006830,2025-12-23,2025-12-25,S005,C00488,P0002,2,238000,0,476000
O006831,2025-12-23,2025-12-25,S014,C00283,P0014,1,16800,0,16800
O006832,2025-12-24,2025-12-24,S007,C00488,P0028,2,3200,0,6400
O006833,2025-12-24,2025-12-26,S014,C00140,P0019,1,2980,0,2980
O006834,2025-12-24,2025-12-25,S011,C00324,P0014,5,15960,0.05,79800
O006835,2025-12-24,2025-12-27,S006,C00360,P0018,1,5900,0,5900
O006836,2025-12-24,2025-12-25,S008,C00382,P0020,1,7110,0.1,7110
O006837,2025-12-24,2025-12-25,S004,C00263,P0025,2,1422,0.1,2844
O006838,2025-12-24,2025-12-24,S005,C00112,P0009,1,27800,0,27800
O006839,2025-12-24,2025-12-24,S005,C00062,P0022,1,6800,0,6800
O006840,2025-12-24,2025-12-27,S014,C00461,P0030,1,780,0,780
O006841,2025-12-24,2025-12-24,S008,C00230,P0010,1,28310,0.05,28310
O006842,2025-12-24,2025-12-27,S014,C00104,P0006,2,11800,0,23600
O006843,2025-12-24,2025-12-25,S007,C00187,P0029,2,2180,0,4360
O006844,2025-12-24,2025-12-25,S014,C00332,P0018,2,5900,0,11800
O006845,2025-12-24,2025-12-24,S001,C00233,P0018,1,5605,0.05,5605
O006846,2025-12-24,2025-12-25,S014,C00095,P0027,1,1580,0,1580
O006847,2025-12-24,2025-12-24,S011,C00532,P0023,1,1782,0.1,1782
O006848,2025-12-25,2025-12-27,S014,C00061,P0022,10,6800,0,68000
O006849,2025-12-25,2025-12-25,S007,C00032,P0001,1,128000,0,128000
O006850,2025-12-25,2025-12-26,S004,C00394,P0001,1,128000,0,128000
O006851,2025-12-25,2025-12-25,S007,C00336,P0002,3,238000,0,714000
O006852,2025-12-25,2025-12-27,S012,C00148,P0005,2,2880,0.1,5760
O006853,2025-12-25,2025-12-25,S003,C00399,P0025,1,1580,0,1580
O006854,2025-12-25,2025-12-27,S012,C00290,P0017,1,16800,0,16800
O006855,2025-12-25,2025-12-28,S001,C00160,P0023,5,1980,0,9900
O006856,2025-12-25,2025-12-28,S008,C00505,P0018,1,5900,0,5900
O006857,2025-12-25,2025-12-27,S002,C00361,P0008,1,4900,0,4900
O006858,2025-12-26,2025-12-26,S002,C00599,P0014,2,16800,0,33600
O006859,2025-12-26,2025-12-26,S003,C00209,P0004,1,112000,0,112000
O006860,2025-12-26,2025-12-29,S001,C00205,P0019,1,2980,0,2980
O006861,2025-12-26,2025-12-27,S001,C00200,P0013,2,19800,0,39600
O006862,2025-12-26,2025-12-26,S009,C00030,P0012,1,51840,0.2,51840
O006863,2025-12-26,2025-12-26,S011,C00005,P0010,1,29800,0,29800
O006864,2025-12-26,2025-12-26,S003,C00113,P0024,1,1280,0,1280
O006865,2025-12-26,2025-12-27,S007,C00057,P0012,2,64800,0,129600
O006866,2025-12-26,2025-12-26,S014,C00198,P0022,2,6800,0,13600
O006867,2025-12-26,2025-12-26,S001,C00398,P0007,1,31160,0.05,31160
O006868,2025-12-26,2025-12-28,S007,C00193,P0026,2,1980,0,3960
O006869,2025-12-26,2025-12-28,S003,C00059,P0008,1,4900,0,4900
O006870,2025-12-27,2025-12-28,S007,C00103,P0023,2,1980,0,3960
O006871,2025-12-27,2025-12-29,S012,C00292,P0005,1,3200,0,3200
O006872,2025-12-27,2025-12-27,S014,C00583,P0013,2,19800,0,39600
O006873,2025-12-27,2025-12-28,S010,C00269,P0017,1,16800,0,16800
O006874,2025-12-27,2026-01-01,S005,C00203,P0017,1,15960,0.05,15960
O006875,2025-12-27,2025-12-28,S011,C00368,P0011,1,6980,0,6980
O006876,2025-12-27,2026-01-01,S002,C00310,P0015,1,14800,0,14800
O006877,2025-12-27,2025-12-27,S007,C00497,P0031,1,1380,0,1380
O006878,2025-12-27,2025-12-28,S001,C00192,P0015,5,14800,0,74000
O006879,2025-12-27,2026-01-01,S014,C00423,P0029,2,1962,0.1,3924
O006880,2025-12-27,2025-12-28,S014,C00383,P0026,2,1980,0,3960
O006881,2025-12-27,2025-12-27,S013,C00362,P0014,1,16800,0,16800
O006882,2025-12-27,2025-12-28,S007,C00484,P0002,2,238000,0,476000
O006883,2025-12-27,2025-12-28,S003,C00260,P0022,1,6800,0,6800
O006884,2025-12-27,2025-12-27,S014,C00115,P0014,2,16800,0,33600
O006885,2025-12-27,2026-01-01,S012,C00572,P0030,1,780,0,780
O006886,2025-12-27,2025-12-27,S008,C00350,P0028,1,3200,0,3200
O006887,2025-12-27,2025-12-27,S003,C00537,P0006,2,11800,0,23600
O006888,2025-12-27,2025-12-28,S009,C00352,P0016,2,4900,0,9800
O006889,2025-12-27,2025-12-27,S002,C00216,P0024,1,1216,0.05,1216
O006890,2025-12-28,2026-01-02,S012,C00491,P0015,1,14800,0,14800
O006891,2025-12-28,2025-12-28,S001,C00347,P0012,1,64800,0,64800
O006892,2025-12-28,2025-12-29,S001,C00166,P0013,1,19800,0,19800
O006893,2025-12-28,2026-01-02,S004,C00315,P0029,2,2180,0,4360
O006894,2025-12-28,2025-12-28,S014,C00270,P0015,1,14800,0,14800
O006895,2025-12-28,2025-12-28,S007,C00496,P0005,1,3200,0,3200
O006896,2025-12-28,2025-12-28,S004,C00027,P0014,2,13440,0.2,26880
O006897,2025-12-28,2025-12-29,S005,C00099,P0003,1,54000,0,54000
O006898,2025-12-28,2025-12-29,S003,C00547,P0008,2,4900,0,9800
O006899,2025-12-28,2025-12-30,S005,C00422,P0014,1,16800,0,16800
O006900,2025-12-28,2025-12-28,S008,C00546,P0004,1,112000,0,112000
O006901,2025-12-28,2025-12-28,S007,C00342,P0003,1,51300,0.05,51300
O006902,2025-12-28,2025-12-28,S003,C00094,P0027,1,1580,0,1580
O006903,2025-12-28,2025-12-31,S008,C00171,P0017,1,16800,0,16800
O006904,2025-12-28,2025-12-30,S008,C00529,P0012,2,64800,0,129600
O006905,2025-12-28,2025-12-29,S010,C00383,P0029,1,2180,0,2180
O006906,2025-12-28,2026-01-02,S006,C00405,P0004,2,112000,0,224000
O006907,2025-12-28,2025-12-28,S002,C00306,P0021,1,5900,0,5900
O006908,2025-12-28,2025-12-30,S001,C00526,P0005,1,3200,0,3200
O006909,2025-12-28,2025-12-29,S002,C00121,P0013,2,19800,0,39600
O006910,2025-12-29,2025-12-29,S007,C00137,P0020,1,7900,0,7900
O006911,2025-12-29,2025-12-30,S005,C00008,P0025,1,1422,0.1,1422
O006912,2025-12-29,2025-12-30,S002,C00422,P0011,2,6631,0.05,13262
O006913,2025-12-29,2025-12-30,S014,C00422,P0022,1,6800,0,6800
O006914,2025-12-29,2025-12-29,S003,C00060,P0026,1,1980,0,1980
O006915,2025-12-29,2025-12-30,S001,C00434,P0023,1,1980,0,1980
O006916,2025-12-29,2025-12-29,S011,C00412,P0022,1,6800,0,6800
O006917,2025-12-29,2025-12-29,S012,C00493,P0031,1,1242,0.1,1242
O006918,2025-12-29,2025-12-30,S002,C00066,P0010,1,29800,0,29800
O006919,2025-12-29,2025-12-29,S006,C00131,P0004,2,112000,0,224000
O006920,2025-12-29,2025-12-29,S008,C00427,P0002,2,238000,0,476000
O006921,2025-12-29,2025-12-29,S001,C00010,P0005,5,3200,0,16000
O006922,2025-12-29,2025-12-31,S011,C00364,P0015,1,14800,0,14800
O006923,2025-12-30,2025-12-30,S012,C00414,P0006,1,11800,0,11800
O006924,2025-12-30,2026-01-01,S007,C00386,P0024,1,1280,0,1280
O006925,2025-12-30,2025-12-31,S012,C00420,P0031,1,1380,0,1380
O006926,2025-12-30,2026-01-04,S003,C00292,P0024,2,1280,0,2560
O006927,2025-12-30,2025-12-30,S005,C00094,P0013,1,19800,0,19800
O006928,2025-12-30,2026-01-01,S014,C00484,P0003,3,54000,0,162000
O006929,2025-12-30,2026-01-01,S002,C00389,P0015,1,14060,0.05,14060
O006930,2025-12-30,2025-12-30,S003,C00101,P0008,1,4900,0,4900
O006931,2025-12-30,2025-12-31,S007,C00160,P0012,2,58320,0.1,116640
O006932,2025-12-30,2026-01-02,S002,C00585,P0006,1,10620,0.1,10620
O006933,2025-12-30,2025-12-30,S006,C00097,P0024,2,1280,0,2560
O006934,2025-12-30,2026-01-01,S001,C00314,P0015,1,14800,0,14800
O006935,2025-12-30,2025-12-31,S007,C00446,P0002,1,238000,0,238000
O006936,2025-12-30,2025-12-30,S005,C00271,P0001,1,128000,0,128000
O006937,2025-12-30,2025-12-30,S003,C00250,P0029,1,2180,0,2180
O006938,2025-12-31,2025-12-31,S014,C00490,P0004,1,100800,0.1,100800
O006939,2025-12-31,2025-12-31,S014,C00227,P0016,2,4900,0,9800
O006940,2025-12-31,2025-12-31,S004,C00376,P0030,1,780,0,780
O006941,2025-12-31,2025-12-31,S014,C00033,P0011,1,6980,0,6980
O006942,2025-12-31,2025-12-31,S001,C00169,P0010,2,28310,0.05,56620
O006943,2025-12-31,2025-12-31,S014,C00452,P0009,1,26410,0.05,26410
O006944,2025-12-31,2026-01-05,S004,C00556,P0012,1,64800,0,64800
O006945,2025-12-31,2026-01-05,S001,C00196,P0016,1,4410,0.1,4410
O006946,2025-12-31,2026-01-03,S012,C00324,P0026,1,1881,0.05,1881
O006947,2025-12-31,2025-12-31,S007,C00264,P0030,2,780,0,1560
O006948,2025-12-31,2026-01-01,S011,C00173,P0006,1,11800,0,11800
